model,pair_id,shared_eligible,event_type,condition,waveform_sha256,ignore_correct,use_correct,ignore_prediction,use_prediction,failure_stage,ignore_valid_selection,use_event_selected,ignore_target_coverage
3b,dev-esc50-0001,True,siren,base,0512cf0097ea06026cbbd0923d94a6aa4f2fbeae336f9b9c56462fdb65efe02e,True,True,A,C,,,,
3b,dev-esc50-0002,True,fireworks,base,82e49db9fd03d02e0745820a94d1941a9692ee99f2634ee2a0901678aecda0e0,True,True,D,B,,,,
3b,dev-esc50-0003,True,clock_alarm,base,a939f6f1b079143f877299610a111b549f217561acf05f3f8d4e02c8d0a267aa,True,True,B,B,,,,
3b,dev-esc50-0004,False,fireworks,base,4c96306a69e1051b31d54255071b3a4d9f45598c18df326d2c155adb6d65cf89,False,True,B,B,,,,
3b,dev-esc50-0006,False,rain,base,4416161f008fc06e18d6ad2285052cbdad3b2112f29f987a2b522e026e7b4ccb,True,True,B,A,,,,
3b,dev-esc50-0007,False,footsteps,base,ca91247c507a3be0abd6abdae8db8def080cdeabe77f5b5636df26bb97735027,True,True,A,B,,,,
3b,dev-esc50-0010,True,car_horn,base,17bd259ba7c5f364907b2abdd4c3a117541e6d2f7148d115a59fb84f066c13fe,True,True,C,C,,,,
3b,dev-esc50-0011,True,siren,base,eb8151794e1914ed77ac34dd91c0768e8232d12ebeacfb87ab163476c481fb83,True,True,A,A,,,,
3b,dev-esc50-0014,True,dog,base,35744dd704733b74c727e8799d2b7edcefd87caa8e9ca3d49c2743d3313ed87e,True,True,C,D,,,,
3b,dev-esc50-0015,True,crying_baby,base,9e8d8c202081221c0eeeea5e63d8921b3bb9e1f2a2d14f0d8cf1219394913393,True,True,A,D,,,,
3b,dev-esc50-0017,True,rain,base,9e6cd6be987ca15907674fb3463bf6bc8747ebb97fd04da62523ffbc4df1f19f,True,True,A,B,,,,
3b,dev-esc50-0018,True,thunderstorm,base,eee90f350ce4874f6fe9d7905e3ae6a53f05fcb91910c6714fc84ce17d907df9,True,True,D,C,,,,
3b,dev-esc50-0020,True,glass_breaking,base,c8ff4eadec38ef3305194d1e6896e82e297183755e6536175bc5d225650c537f,True,True,B,B,,,,
3b,dev-esc50-0022,False,sheep,base,c2d16d914e538f732b4e3f7368bab045ee8996cc471038f70a3516f44bf703c3,True,True,A,B,,,,
3b,dev-esc50-0025,True,sheep,base,64319841650d658c4ca1e92cadbcf992e62b669a84d71edac72de98836b9a0a9,True,True,C,A,,,,
3b,dev-esc50-0026,True,crow,base,cb7365d1763e189cb90ae07a004b9221a91501b187e6205ead854aa99d8a800e,True,True,A,D,,,,
3b,dev-esc50-0028,True,sheep,base,f5f8bde72c7a96b466bd84cf59c4a14e4c048cf2efd25fe03d08def659475018,True,True,B,A,,,,
3b,dev-esc50-0029,True,pig,base,912a3f118bec229e7c1a939e83b27b29d653bc28b22c31ff00e233aca570231b,True,True,C,B,,,,
3b,dev-esc50-0032,True,car_horn,base,2cf6ce99ea1a679b494226afa5fad3a5bb20f7547e53d52464794639a05c849c,True,False,C,C,,,,
3b,dev-esc50-0033,True,rooster,base,f9569051af8f8cd849cc1de0e1374d3968fd5ab1f29dc577b387ed7db07da60c,True,True,C,B,,,,
3b,dev-esc50-0034,False,rooster,base,12d5ac19b99c9eb131557179fa989c7d28ddaca5bd70ce300ee67cfaaac68a1d,True,True,C,B,,,,
3b,dev-esc50-0037,True,thunderstorm,base,5bd2a2e3813397f8c3993d1af6aef6c1e81ab5a4499a9785cebdb3c518eddc53,True,True,D,C,,,,
3b,dev-esc50-0038,True,door_wood_knock,base,93e26ca77f742fad6294dcf00ad3b049114eae12f0fffa1dd5cc9957b332f85b,True,True,D,B,,,,
3b,dev-esc50-0039,True,footsteps,base,571b963f6a867bda4a67006d26ed6aa1af60a249a03269fa10a7752a83336f25,True,True,B,A,,,,
3b,dev-esc50-0041,True,airplane,base,537d258344f2292ea2b48a068e7afc2bf249e205db28f9ebdf3ff4b98b906627,True,True,A,B,,,,
3b,dev-esc50-0043,False,cow,base,6c93921ba62414474d504e38d10eea06966964608d7d36b2c1073cae6e44a031,True,True,D,D,,,,
3b,dev-esc50-0045,True,door_wood_knock,base,605dc4029fba2085b36423ab1a3f2e2c8d872d8de0133cfa645da03e21168e62,True,True,A,B,,,,
3b,dev-esc50-0049,True,cow,base,aa11a756c23accd87cb1a531c23e04a59f27c2fd669f6557c0a0a0f872bd498a,True,True,D,B,,,,
3b,dev-esc50-0055,True,airplane,base,111d4475970d0a01c7d8c7ad53a4c1d68de07980322f596878fb0e394dd683a2,True,True,B,D,,,,
3b,dev-esc50-0062,True,thunderstorm,base,a21aa2c9f7131976037c511a02f8420dafd32ccd07cccf9125349c68b4a4d0ee,True,True,D,B,,,,
3b,dev-esc50-0064,False,crying_baby,base,6813857c0bcf916b950633416a2b1f7b14f86569658f5ea78313ee6bb5dc4b00,False,True,A,A,,,,
3b,dev-esc50-0067,True,glass_breaking,base,d8308f14525556839e1a641c6ad33f0394ebf1a7081e43ef2018e2520158bba3,True,True,D,C,,,,
3b,dev-esc50-0068,True,thunderstorm,base,1aa3bd4197e6feb5f37350b8903ad6c137b44bdbfef036b58d97de11ac560f11,True,True,A,C,,,,
3b,dev-esc50-0073,True,footsteps,base,67fca08ed38ee7c16c869a92812d95bb2201cdd716ff2aaf2208499a56af0f1f,True,True,C,B,,,,
3b,dev-esc50-0077,True,thunderstorm,base,207562b965e51145aa11cb3c14edb4d7703bc5c6878287b52f0c443e928c92de,True,True,B,D,,,,
3b,dev-esc50-0079,True,car_horn,base,c19fc60bf65f96367d299bd7cd5ba00e2cdc96d1555489f0324385ba3d0e5976,True,True,B,B,,,,
3b,dev-esc50-0080,True,frog,base,d4cf32b5cebe89bb46922d1e6e6af49979594cedd0f69b29bb04d8123de0b474,True,True,B,A,,,,
3b,dev-esc50-0081,True,cow,base,d02900eff2669f44e8f816d1cf14cfbc4c3beb885b019f0b91bd3e0bb10cab2d,True,True,D,C,,,,
3b,dev-esc50-0087,False,airplane,base,54e6a55a0617aae80aa14915417d89768a6e11ba84fcf2f0ca4e25015ced903d,True,True,B,D,,,,
3b,dev-esc50-0088,True,glass_breaking,base,939c41a64f103ccdad5ab43313ee4ea90453a8caba293fb365fe8890814761c8,True,True,D,D,,,,
3b,dev-esc50-0090,True,glass_breaking,base,5c04f188728b2269e506671a0c773eb76ca6ceed09584d12769adca3cb4e94b7,False,True,C,C,,,,
3b,dev-esc50-0091,True,frog,base,e090ff48d87902a44ac7ee7df6e4bf1055f221722de47de0a72c6a2825b146b0,True,True,D,A,,,,
3b,dev-esc50-0094,True,rooster,base,0f3f0fc1a109e93b14511bb764cda71483945dd4cc7ec209a3c2c542def337f0,True,True,B,D,,,,
3b,dev-esc50-0096,False,cat,base,b71f2cc6100076cf5bfeb014c03deba6a4d7e7ff3603ef110b8962b77a1cbe06,True,False,B,D,,,,
3b,dev-esc50-0098,False,siren,base,37b92d37d0d844d149495cfd7b63489c47ef3c8649f61f83dfd52c5e9dffaf16,True,True,C,C,,,,
3b,dev-esc50-0101,True,car_horn,base,df47112e7d15dbdcf701f5227dda5b929920adef775a4ea8ffddbb3343d3ce16,True,True,A,D,,,,
3b,dev-esc50-0102,True,crow,base,cc82282bd2f815ef692fc986c45faedb326a9ca91b76f8bb7957a5bc7587a2e7,True,True,C,B,,,,
3b,dev-esc50-0105,True,glass_breaking,base,92df249ffe9c16c94af83411c189ec516c07b2ea13f4e83b0c1a3bb883284234,False,True,A,B,,,,
3b,dev-esc50-0107,False,rain,base,391a735e7a50d9561ee5273924e58ff6d78490ece1b2b7a0d1b2438c5da210d0,True,True,B,C,,,,
3b,dev-esc50-0108,True,airplane,base,ad603690bc731a36b1a025112b0ffcaf7a299c0c349f9ed9f0b4cf65cb95b1aa,True,True,B,D,,,,
3b,dev-esc50-0110,True,rooster,base,14ec88503fbf632836ee6b7bdfcf871f69c6c842ac5c0abb7f0f3f4d2bc4aec8,True,True,C,A,,,,
3b,dev-esc50-0111,True,cow,base,7df8d415cf747c4560ae4801ee0ede8d8aa0ad8d5985a72e255afcf6f08d427f,True,True,D,D,,,,
3b,dev-esc50-0112,False,cow,base,5574cddeaca46272bebdd69b0b774e11806aa57067846072aecd0346a70ea3cd,True,True,B,C,,,,
3b,dev-esc50-0113,True,car_horn,base,b8725859b236e77c5a23a45ed084ba5f6eeadd4f482a37f9c4945be0f5b172e0,False,True,A,A,,,,
3b,dev-esc50-0114,True,crying_baby,base,0531fc37e4af8ccec011aa4f9ccb7a171d00f5ea8589ce75e66b549fdbdd3956,True,True,D,A,,,,
3b,dev-esc50-0115,True,rooster,base,96411d23691206bf4aaa1a72c22cb5b3152e9401ac38728b964e689bde859c1d,True,True,A,C,,,,
3b,dev-esc50-0116,True,frog,base,609e24769feb5c52d015a61bb0d937be5b806e3e230ccafa7c4a4d7b6b83736c,True,True,B,B,,,,
3b,dev-esc50-0118,True,train,base,4e50b13290fa3810306fdb409b6079cb54b01603a6c3320688675b6631b5d8b5,True,True,B,A,,,,
3b,dev-esc50-0122,True,sheep,base,4532af21db7570aa319a20efdb667676035350f3c8150f7f4c30604d2b078ac3,True,True,D,D,,,,
3b,dev-esc50-0123,True,footsteps,base,322223e7b1f6c75ab2066f43d35677da9586a3aded50cb18c1b22e7be0a34aa8,True,True,A,A,,,,
3b,dev-esc50-0125,True,crow,base,b143c6a95fa38d711e378442be8e081b32e4b388f9de64763f93a9d40311ae03,True,True,D,A,,,,
3b,dev-esc50-0126,True,clock_alarm,base,6b9ac0400f2ad4fb1809ad44b2f2c9f2ee293d552b2dec2e4871abbd34e8192b,True,True,D,B,,,,
3b,dev-esc50-0127,True,footsteps,base,90f2e075bfaf901c2dee5e4efb8051d2adafc09962ee456066a96e98f9a54583,True,True,B,B,,,,
3b,dev-esc50-0128,True,rain,base,f9dfae017f4c6bcec6bdb4271ee79e32e8051eba471667b9d7bacc1e0a579e0a,True,True,A,D,,,,
3b,dev-esc50-0129,True,footsteps,base,62a4c4cab7f70d189145afacee782d2547434e7cb4a3545cf00ecc0f8bd5afa6,False,True,A,D,,,,
3b,dev-esc50-0130,True,door_wood_knock,base,6f06df8948f0d128617804a1727178de158a0a813606ca5f38c2c753b139d44a,True,True,C,B,,,,
3b,dev-esc50-0131,True,fireworks,base,a2d11b8859a6a475ac4401edb49d80f3c6097dc957211f1c15a8179aef519599,True,True,D,D,,,,
3b,dev-esc50-0134,True,airplane,base,4b6658a3ee0d717109ec83872dc5d7ac638cd9d90cc75032d3563165b32a7357,True,True,B,C,,,,
3b,dev-esc50-0136,True,frog,base,e42d38380617f174766c7a688858ec22bb8768bdfe996e36e309c7053daa601d,True,True,B,D,,,,
3b,dev-esc50-0137,True,pig,base,3c9d65fe65d47b669671098796466786fa42c308bdf06e1347023a925195f616,True,True,D,B,,,,
3b,dev-esc50-0139,True,cat,base,2497dd2032d4d0841ed4478b308687797dc2c6251630eaa02712dc660559792c,True,True,A,B,,,,
3b,dev-esc50-0141,False,footsteps,base,082b6b3feb9bd698dab7d0f8b4af957a5fd9e8ea498b06e6f3d68d31618f0037,True,True,C,D,,,,
3b,dev-esc50-0144,True,train,base,1470dff153d11555f130257569e024fa0436b3bcb3c522c43059a928508f570a,True,True,A,D,,,,
3b,dev-esc50-0145,True,dog,base,93e71f9679a4f6d4d29059b9876358eff8cb0307a07e4cd885d783edad523b47,True,True,C,C,,,,
3b,dev-esc50-0146,True,cat,base,c38e308a611ffa4e33095b67b995b73c635e996a7890770a96f7a622f16ab2bb,True,True,A,D,,,,
3b,dev-esc50-0147,True,dog,base,638eb2509169de36c0766b551781139a496e5a74bf56e541808380b857dd5a6a,True,True,A,C,,,,
3b,dev-esc50-0149,True,sheep,base,e217b42e11bacfe0074dcff0ebda5ffcfa32f494d4ebb0d12659713abba757c0,True,True,A,C,,,,
3b,dev-esc50-0154,True,cat,base,ed9ee0cafa5f0839a914fba3edf5b8b0aae37aa10b9b080bd269b3088091d738,True,True,B,A,,,,
3b,dev-esc50-0156,True,dog,base,cdd921834eea6f9d8fcab695b125d3ce5d9b04a00b00ebb96263361987e8ab66,True,True,B,A,,,,
3b,dev-esc50-0157,True,siren,base,31bdead7bd55b06643714eb6c42d95b11c7c7bfb25c473a47df215456ad9f112,True,True,B,A,,,,
3b,dev-esc50-0158,True,frog,base,c314a542ad07dbfba191837a87ef6d340402ffd3fb96a9ce1812b62ac5abccf8,False,True,D,B,,,,
3b,dev-esc50-0160,True,car_horn,base,e4ad3868549e9640b29a8ea01411b71b566f5f7546a0575a3bb1c8765f5a9a58,True,True,A,C,,,,
3b,dev-esc50-0161,False,cow,base,7beb9c4e4333bba879f229e0cedb48a955115145c49a08aa34b766b3d4e3be87,True,True,B,D,,,,
3b,dev-esc50-0164,True,siren,base,32cd7450628d21099f34ff4b5a5785ef1ebed2fc199ceab27378b938ff0f8f3c,True,True,C,B,,,,
3b,dev-esc50-0165,False,cat,base,59b68770d5b232991e85f98543b179eed602df73b9e86b0fe495722113d3d4e6,True,True,A,A,,,,
3b,dev-esc50-0166,True,frog,base,1f4203186ad16e6668233f0472db43681728a64513921d7a9061e60066d417f6,True,True,D,C,,,,
3b,dev-esc50-0173,True,siren,base,e151399d3d17bc96e144ac32fbea8a54d5d4d8f219d57bf2b8bde3933b54f1dc,True,True,D,B,,,,
3b,dev-esc50-0174,True,train,base,aa60151700f9de57c85d67e10b0ee585fb5087f9c1e0d0672a511d0fae372fa5,True,True,D,B,,,,
3b,dev-esc50-0175,True,pig,base,d9156672422b7be9099769774287369559c86bbda10a833b0d1eb8e4ae508181,True,True,D,B,,,,
3b,dev-esc50-0176,True,thunderstorm,base,1f25d7158a74edf7aac6e212e7169f6fc36ef1d5b9611fee51c7ea1349f503cd,True,True,A,A,,,,
3b,dev-esc50-0177,True,thunderstorm,base,4aacb888b5adafc4730a30001bcb45275b0a63569f75e598015fb89f69e8c9fa,True,True,B,A,,,,
3b,dev-esc50-0180,True,frog,base,7361d5500fc98de1d2bb9308da2504e4f33c87d37b77b6f381e1a98c6ce0e4a8,True,True,B,A,,,,
3b,dev-esc50-0181,False,sheep,base,3fdef47f4a2846c88c37630c00b9f8798c71c4be6aa983033abdb59d8b5dba74,True,True,C,D,,,,
3b,dev-esc50-0183,True,footsteps,base,12b7dba9ced63956831d80920b305c39de172d92982fb29b1bf42e006241f2e1,True,True,B,A,,,,
3b,dev-esc50-0186,True,car_horn,base,4260a0fe48940328190416d63b654f4e1c3a5ac8bd42a894e65b403270ab6302,True,True,C,B,,,,
3b,dev-esc50-0188,True,clock_alarm,base,b517cc28f5690df343532acda0c87cfe568788305cb63472c0a35b22c82d3225,True,True,D,B,,,,
3b,dev-esc50-0189,True,cow,base,57e666155ffc193e4087b7e08dcb61e5f2198e8d9b80393a8789a545b712acef,True,True,B,D,,,,
3b,dev-esc50-0191,True,dog,base,21ca8b4a1e86a34b618e7cfe9a15a4475509a73452aea630171b5baadde9daf6,True,True,A,A,,,,
3b,dev-esc50-0192,True,clock_alarm,base,59d2bb59f2e51aec66c7b378afa7d829665aa119c769180d05b477543f9b432b,True,True,A,A,,,,
3b,dev-esc50-0196,False,airplane,base,7f2d91f842683c0659e89418d39fe4ec941967b809c9bae5148974224a39effa,True,True,D,B,,,,
3b,dev-esc50-0198,False,cat,base,43d4168bd6dfb13d9a38ac7f6b64f6c977bba97b13652e7d62188ae69c2dc721,True,True,A,A,,,,
3b,dev-esc50-0200,True,thunderstorm,base,7043fe5f708a436e3566596d675a169e576fa0774c1a88c33e00f4cc18d5fdd1,True,True,B,A,,,,
3b,dev-esc50-0201,False,glass_breaking,base,0d8dd074a797f988ed3b8c40b37214f773c5a927ad8f9a161946e36182dc85f0,True,True,C,C,,,,
3b,dev-esc50-0202,False,door_wood_knock,base,60c98f9218132088cb536b9983527794793c521e6c624f7459fe13fd42fe4a05,False,True,B,D,,,,
3b,dev-esc50-0204,False,siren,base,fb2a1b1b201579ccc88b71199e3d022f7800b1a63cd60c64e88796df6f19942f,True,True,A,C,,,,
3b,dev-esc50-0206,False,rain,base,673730f056a60e39761f265565e5321d32d7d4eba6f8ba80df3035340fbc9d9a,True,True,C,A,,,,
3b,dev-esc50-0207,True,thunderstorm,base,a4f1807e6cb82457569a7a99566ccf580111b2df8559a6f2d8cf027f517c147c,True,True,C,A,,,,
3b,dev-esc50-0208,False,rain,base,fb2dee564985e99593dc9ff5b0bcec0647692b338489c243fde7f07a5fb243ae,True,True,A,A,,,,
3b,dev-esc50-0212,True,dog,base,be92ea8291bcae6d11eab75a75db8ee9ff6fbea9354b62760cfb9af1c962c292,True,True,D,A,,,,
3b,dev-esc50-0213,True,glass_breaking,base,1d160edf6bd29550dacb4d90b5d39dde687a8951a0de2924946ae6bb2ee44d17,True,True,C,B,,,,
3b,dev-esc50-0219,True,sheep,base,24f49bfccec6c22a8dcf76a29e4712beef9a3c9bca2d5c4dc1ff752b67a48ec6,True,True,D,C,,,,
3b,dev-esc50-0221,True,sheep,base,931e47058308c2710c69acbbb32a4d87d9581ec2c724acdbe3a6acbae7ae9cf4,True,True,A,C,,,,
3b,dev-esc50-0222,True,airplane,base,097e10ce3bdd3b7d5c3fbcfde9668c9b2ad07aea1e29078cce82eb2d443d9dc6,True,True,A,B,,,,
3b,dev-esc50-0229,False,cow,base,60ec6de839dd507a888be98afee05a9fcd94d4ce91e5d4660a77126e2b791b19,True,True,C,B,,,,
3b,dev-esc50-0230,True,cat,base,7d8978baac9329ec065c638b00ab9bf97aef70e8dc75d23917a0e0de943c2c89,True,True,D,B,,,,
3b,dev-esc50-0233,True,door_wood_knock,base,e56d608b73ca66733e94def000204743b0545c2a15b9de4c4154a8b89ce44839,True,True,A,D,,,,
3b,dev-esc50-0234,True,siren,base,732ba6d31f82cda56323f48504e7af1682b89c96c147f8761c067fa9c449f446,True,True,A,A,,,,
3b,dev-esc50-0235,False,sheep,base,3c0be83a9b81dc0a2753a23d8ddf6aca276a4d20dafcba2d9794f4392ffcc16a,True,True,D,C,,,,
3b,dev-esc50-0237,False,airplane,base,8f303d72cc6624b5e57d2c08413b56d1805af15a4c08ec6eec6f3b854902054d,True,True,A,C,,,,
3b,dev-esc50-0238,True,car_horn,base,08d962114059e0ddcbdf7e31e7382c663532c21dcf0394ba29ebcbdf7a0cab56,True,True,A,C,,,,
3b,dev-esc50-0239,False,car_horn,base,4ceb2032aa2df5da280434dfde7b2a9cc15c82dd9ad23b616259debd575fd8eb,True,False,A,C,,,,
3b,dev-esc50-0241,True,clock_alarm,base,5799ac9ab9e1967aecf0e17bd2de16bf116e37afadfb40a323a398d292f45bbd,True,True,C,A,,,,
3b,dev-esc50-0243,True,crying_baby,base,26deef24311e8213bef31107697acaa9b4bba681f947dbc6a2723437b705aa94,True,True,D,A,,,,
3b,dev-esc50-0249,True,cow,base,363369a9b8f760bbbc84baf5fe44432cb898ad9d0096bfe171e3e3299c732ebb,True,True,D,A,,,,
3b,dev-esc50-0252,True,crow,base,931bd5661895929ba71ca491c06465eb60a6e55a3c7290689ed00764d3617834,True,True,C,A,,,,
3b,dev-esc50-0254,True,clock_alarm,base,8cc54a093d209c1bb935ef80473c7c4c8e1e3c7dc8dd1c4eeb406620f8031bbe,True,True,A,A,,,,
3b,dev-esc50-0255,True,footsteps,base,a85a2fa006c213ea8f481f8c2525cbb2f01d4126158ead6ce0e8564f570e0df7,True,True,A,D,,,,
3b,dev-esc50-0258,True,crying_baby,base,deef8ac5a222eae072836c522287f3b5e83cb0630c65626cff8f69deb60fe034,False,True,A,A,,,,
3b,dev-esc50-0260,False,cow,base,55e2b40e075a5c600068898d980af6266c8bb1c0848fcee6aa58324f0af1469e,True,False,C,C,,,,
3b,dev-esc50-0261,True,door_wood_knock,base,e97385031e64abef3fef4b624cc7722f9b271dcea6e513b72decb0b9fa8c881c,True,True,C,A,,,,
3b,dev-esc50-0264,True,siren,base,f01a4b14f39c47575b9b41c41f0da9fc2bc12961a09bd79d60456283587745db,True,True,B,A,,,,
3b,dev-esc50-0266,True,door_wood_knock,base,f8071619406948838777048e2e52d43e337a0c5fc4cafa51589edfbefd85fe58,True,True,B,B,,,,
3b,dev-esc50-0267,False,train,base,c078f02f379909df8d0475c681ee0c68c2f1c7b60e7b97e3c86dd22eb80a35a5,True,True,A,B,,,,
3b,dev-esc50-0269,True,cow,base,622e0db6d32afde0d899be500fc0f4c8518abe942bfadaf4bbfbd4b5803a6a47,True,True,C,B,,,,
3b,dev-esc50-0270,True,footsteps,base,33d999107d7cbdc27f99f3a3ce8231a39daebe414c2fe16e93a1d987a340f3d3,True,True,B,C,,,,
3b,dev-esc50-0271,False,door_wood_knock,base,3fc807ebdcb349988b63500c74db03cca728207de5278cdd44ff5b04eecf8853,True,True,A,B,,,,
3b,dev-esc50-0272,False,pig,base,561b9ff6eacbdd1bb942b263eb20c6c6658c2a037a89cd45b5f39b1f122d4fa5,True,True,A,C,,,,
3b,dev-esc50-0275,True,cat,base,39d2f894b55d8b5d8aef7dbdd6c8f05af73dbae82f93d9a05f206a41fd28de40,True,True,A,C,,,,
3b,dev-esc50-0276,True,door_wood_knock,base,1b38046a525a8bb284d1035a705766ae3114794365fa8dc338e75d1fd33b3466,True,True,B,C,,,,
3b,dev-esc50-0277,False,cat,base,78a2c940c954e16968b4a5c163c85221664687415df4ff674affd7e1a54a24ac,False,True,B,D,,,,
3b,dev-esc50-0280,True,airplane,base,64fef354784950ea7952757224bb3d276989ffa7c962d88cf4d03b1a62bf48a8,True,True,A,A,,,,
3b,dev-esc50-0281,True,train,base,398538eecc9fb12725e2de8fb7ce6258b3da1a3a4347a5e5d57e7ce3d8f6104b,True,True,A,B,,,,
3b,dev-esc50-0282,True,crow,base,603ddf0ed9cd14143e1cb23aa41516387040daf29622f19969c9717fdc28f076,True,True,C,A,,,,
3b,dev-esc50-0284,True,cat,base,85ec8aa5c0bb599c05b9678a43559baf1673de6795a052040232b8faa725eff6,True,True,A,B,,,,
3b,dev-esc50-0285,False,fireworks,base,6eaee071e37641e0b771f4e01d67c8114a4e8c1d57631cf50815e1d2b9950365,True,True,C,B,,,,
3b,dev-esc50-0287,True,cat,base,467baaadb314ae01779355f8fd47d7d46f8097f04430afdd4282dc857d84178d,True,True,B,D,,,,
3b,dev-esc50-0297,True,rain,base,e29023abb7798f0e0a9c86b37de39ca0383039873e736da4e9d733b83da1efea,True,True,D,C,,,,
3b,dev-esc50-0298,False,train,base,134d20b4a0bc6898b1b8a08e3b816ffd547538bb0ff61644c15d47d8c0fc92f1,True,True,A,B,,,,
3b,dev-esc50-0300,True,airplane,base,fb0232a485f1d7fdd830a954848618080907e8d869df195173452511d3991aef,True,True,A,C,,,,
3b,dev-esc50-0301,False,pig,base,50fd03087c5c159fde76ce9b6f12bb98880a35df68d75a83c0fe695ed9115297,True,True,D,A,,,,
3b,dev-esc50-0303,True,cow,base,a57a8a62860a08ab82823228ca624a01b7873a38fcb6a8d3de68f87f4c26d70c,True,True,A,A,,,,
3b,dev-esc50-0304,True,crow,base,62a64e3b5ca9417dd915a72219e2f159d1d12246f2d00b8b3a504a9660706b11,True,True,D,D,,,,
3b,dev-esc50-0306,True,glass_breaking,base,bdaf8b574abaff3ee30f244b6d17db0a02fd7b6ae2535f1e969bd4a32e3d62ab,True,True,B,D,,,,
3b,dev-esc50-0308,False,frog,base,cd8c3f0c6b17f28d3b37d9a3a3e231005069a1545188fceb46b1c7d7183adcde,True,True,A,C,,,,
3b,dev-esc50-0315,True,sheep,base,f691e810e549504a7113ceb5376eed932cb2fb2dc4f025742023cc4f1e2cc3a4,True,True,D,A,,,,
3b,dev-esc50-0316,True,crow,base,b4c71324835f196ca78a65ef4b7986b68f8a209ab4fba6f3792ba01413f6500f,True,True,D,A,,,,
3b,dev-esc50-0323,False,train,base,33b5b526d10692c7b8ecabdedeff8145ab51839cd6d2b3414ef15665bf1fa86b,True,True,A,A,,,,
3b,dev-esc50-0324,False,crying_baby,base,deabc87cb7ad3e322d46f1433f44dfe67b644e43d99e4345d6ae32297fc187ab,False,True,A,A,,,,
3b,dev-esc50-0325,True,pig,base,bcc45b97a77d93805c5825569ca6e17f02b084f6146d0b1251e4e43b4670b8c7,True,True,C,A,,,,
3b,dev-esc50-0327,True,crow,base,f879b875448f290fe2954d5fd087c7b80666e53f60d525156889b12af88274f5,True,True,D,C,,,,
3b,dev-esc50-0329,False,pig,base,ff8ab964e237f0b3bd1923f788dfaeaeea7406ca8bdbfc72665c38c52e7c921a,False,True,A,A,,,,
3b,dev-esc50-0330,True,clock_alarm,base,91cf8eb3e99f7aebeb9c073417e880a37fe74ad687db5f6a53181dbf1d8fc5a3,True,True,D,A,,,,
3b,dev-esc50-0332,True,crying_baby,base,ddec0eb42a18930e8b195f172effb2250cda48c552992ba34018913e98a9466e,True,True,B,C,,,,
3b,dev-esc50-0334,True,cat,base,052c9b74aba3e49e10603b0649372955c7035cce7727b825c196bc8a555d15a7,True,True,D,B,,,,
3b,dev-esc50-0336,True,dog,base,83c00ecaf2ca38838549ae96f04b40d5da0a13f9e3fffcb2bab3bd41eb5611de,True,True,D,A,,,,
3b,dev-esc50-0337,True,rooster,base,071a5f3a1268372dfba290b2ac2d1552e8bb604652c251dffd0a80a9c650407d,True,True,B,A,,,,
3b,dev-esc50-0341,True,train,base,78d4c1f25068f3e1bb067dd3c64253057fb97834909fbcf80bda450ac6ed777e,True,False,B,C,,,,
3b,dev-esc50-0342,False,frog,base,4ea91e42e5412847ed59f8f76eebd8e66c2724e3d944b64c71da2d32e4bf76f7,True,True,A,D,,,,
3b,dev-esc50-0343,True,sheep,base,82ee656716f49c3b88c5622545cb5397f8c5c415809698d787991e3806ceecd4,True,True,D,C,,,,
3b,dev-esc50-0344,True,cat,base,84c7337eefd1c9cab84b43211a370e380ba4706472d3a3935b779b948f22155b,True,True,D,C,,,,
3b,dev-esc50-0345,True,glass_breaking,base,c90d8bfaeb2f4ae0d11266657e3530c296cdee33d6b10417d24fc2dfaef6a42b,True,True,A,B,,,,
3b,dev-esc50-0346,True,airplane,base,76c0196cfdbb1ab337507e7a3e2e8c78c6014b6c4aac4dad7128983dafcb5a71,True,True,A,A,,,,
3b,dev-esc50-0349,False,airplane,base,82b24799cc72012b59eaa02deb0beb87045337581a08e5b013155573ed5349c0,False,True,D,C,,,,
3b,dev-esc50-0353,True,thunderstorm,base,b6d3d9b922a7249f9e971b571eaa34b3b594d4823cd79c923f7059f9c7436fab,False,True,A,B,,,,
3b,dev-esc50-0354,True,siren,base,63435c2b26a1f97813414a9784362f6d21c2e702cd69a7b5fae9ff1a25523c5f,True,True,C,B,,,,
3b,dev-esc50-0355,True,rooster,base,c7361f264ba693f5a8fa80ba7bedacb9ed7b3277efdffd59ec46688b1cca15c5,True,True,A,B,,,,
3b,dev-esc50-0362,False,fireworks,base,24b390673d959cb12bdbea58137f779e0f34f8a58d64033f7276fd66d5322faa,True,True,A,A,,,,
3b,dev-esc50-0365,False,sheep,base,92971f306297ce907996cdd85167629d6abc2a9becfa480b798dfd00d8280eb4,True,True,D,C,,,,
3b,dev-esc50-0367,True,rooster,base,05859cd01984026513c4675da5045935f7006e1cf11348dfaa6447f3a3cc8598,True,True,D,D,,,,
3b,dev-esc50-0368,True,airplane,base,ed58630afbe17a477a1265e88db56a716c783377e735a44be66f4feec5beddec,True,True,D,D,,,,
3b,dev-esc50-0369,True,rooster,base,39730431f05af8f90b95c03a3cefec329e18ca3861709c8186e21a84c40e80ae,True,True,A,C,,,,
3b,dev-esc50-0370,False,crow,base,facb453af9ac2538b95c46f38472418602d43f3a65d07558ddd86e05c6c9e274,True,True,D,B,,,,
3b,dev-esc50-0371,True,clock_alarm,base,755a085a8e91db3c8fae239c1ba18552f80c970e5a50f70ddd15bfce97dbfdb2,True,True,C,A,,,,
3b,dev-esc50-0375,True,crying_baby,base,bb6bf8d64c6a61550996039eca4c1c2e4b00548043bcea9a75f96a4d7d24b5fc,True,True,A,D,,,,
3b,dev-esc50-0377,False,airplane,base,a0989d902f1c3fa11c41ac022d9c0b323c7d4f2030cf954593e749675c9f154e,True,True,A,C,,,,
3b,dev-esc50-0378,True,clock_alarm,base,a18d09cb007c0851a65060e3a125f6afb9a81ff6eb35773ba03c0da30c6ba841,True,True,B,B,,,,
3b,dev-esc50-0379,True,crying_baby,base,d769b28a080fc55dc16df08b45f87b86cd545c45c0390de57d649e4b27b01e76,True,True,C,A,,,,
3b,dev-esc50-0381,True,clock_alarm,base,3dff1d5a5566eec5681a6dba73bb6879a2b9cac9f910ad419a2086191ba9123c,False,True,A,A,,,,
3b,dev-esc50-0383,True,pig,base,b4d6001194c50f46806835759f467e4f6e0195163a27fe1fc2c6090f43c47ee6,True,True,B,C,,,,
3b,dev-esc50-0386,True,crying_baby,base,05115891331a2d2eb1d4b07fd3355d83d7117318aab1371622510b22784db5f3,True,True,C,A,,,,
3b,dev-esc50-0387,True,cat,base,8f368808943352cdbb5eafd9b8a21ba4dee832742699aae043c5ab185522383f,True,True,A,C,,,,
3b,dev-esc50-0390,True,door_wood_knock,base,e63d29dfe7310818203c0a3311cd9084685aed08998b25f2ded25e2baf22495d,True,True,A,C,,,,
3b,dev-esc50-0391,True,crying_baby,base,2723129a0ef3facec4edab0f57c0c69f8850fd1bac9a12a05efc9f4ef5e11607,True,True,D,D,,,,
3b,dev-esc50-0392,True,siren,base,17a9b4aeb83ede02e3494b14ea97fc1665e4bee5de87b597a1679e07c49ae51d,True,True,A,A,,,,
3b,dev-esc50-0393,True,car_horn,base,5c004d3ca6c1acf9c08f7d38ca5b6632078af1789e735005d3a56abee6fd7749,False,True,A,D,,,,
3b,dev-esc50-0396,False,siren,base,02648afa5674cca063dbb9b1da039e512ccc2e39a3ee9828993698273581db80,True,True,A,A,,,,
3b,dev-esc50-0399,False,thunderstorm,base,ced2a8af1dc1c32a4d13b000ac40a088694d2f6dd845902ad321f42df2c896d7,True,True,D,D,,,,
3b,dev-esc50-0400,True,rain,base,645562bf158991962ff480827e5dee2d5576f9c0fd823d001825902c625e566f,True,True,B,C,,,,
3b,dev-esc50-0402,True,thunderstorm,base,57f3ec266ccb3e3aef4963221d0aa3e738970881284fcbdb76997b0492cda116,True,True,A,B,,,,
3b,dev-esc50-0403,True,door_wood_knock,base,893d4a9c2b387cf5401110e6373156ccdb0bc6b120333067a23ec1db81ef57d1,True,True,A,C,,,,
3b,dev-esc50-0406,False,pig,base,461655b65eb1d21ec6f3700aa39444f4a45003ee689079ab4b8c89fb08d6d2fc,True,True,A,D,,,,
3b,dev-esc50-0409,True,airplane,base,0462efe7b309b7ab6dee26b2b141e623f7eeb2e622dcb40c582a3f4f3b6e079d,True,True,A,B,,,,
3b,dev-esc50-0411,True,fireworks,base,ef4c8d1ebb458151ec2b1a93cf1711f93e8e3a1e521de8a4a336ffbec01e05bc,True,True,D,B,,,,
3b,dev-esc50-0414,True,train,base,6fa070d6a7fd01a0e37c2d98facd58704b6a62396b3ef454c49f2dc8055bd7b7,True,True,D,A,,,,
3b,dev-esc50-0418,True,glass_breaking,base,52528f041fe4e6734f31d8b0598090cec0f98f1c8f760b24fbc929d6ee63591b,True,True,B,B,,,,
3b,dev-esc50-0419,False,door_wood_knock,base,b447917c0c3b42e177514046a95090a1ea90f5867bd43beab9ffe3edd2d1a34b,True,True,A,D,,,,
3b,dev-esc50-0421,False,thunderstorm,base,af48055b2d411d6dbc3d4031c13ba6f37747ed57a9c08d1c4098c1c9b8e10a5c,True,True,C,C,,,,
3b,dev-esc50-0423,True,cat,base,3c7760b71b5d8695dfb380bb28ede932c1a301326478405f49efcb24888858f2,True,True,A,D,,,,
3b,dev-esc50-0425,True,fireworks,base,b851fe0e3bb0f5f201d6adde1e5aba4b864222f197f518c5d686a0b5397cb9b5,True,True,C,C,,,,
3b,dev-esc50-0426,True,footsteps,base,b6f4da0d362a7192c2d6af7516069a883715b6eacf7b4b3e624c3cdbae7890de,True,True,D,C,,,,
3b,dev-esc50-0431,True,pig,base,b201fa5ad4e05bce1e5c88c66f4bd3040786e56688f404b1c65bd9c60720efe4,True,True,A,D,,,,
3b,dev-esc50-0433,True,fireworks,base,7cf91d5bb417ada604d50d11949d99c1ce1bd0d4a914e42669fa3eb0ff4e74a7,False,True,A,B,,,,
3b,dev-esc50-0435,True,thunderstorm,base,1a1b698be1e598f8dc46a73ac264b25778b67fca6209e30c78f211aaf41f1e41,True,True,A,B,,,,
3b,dev-esc50-0438,True,pig,base,c07771910493ed23a1768c5ff312ca7fb1b9d9f9154da31849545aa936da618c,True,True,B,B,,,,
3b,dev-esc50-0440,True,thunderstorm,base,b5001798deb3a305341ef5441f38d905f1929263b838080d81f1f110d70a9ad3,True,True,D,A,,,,
3b,dev-esc50-0443,True,cat,base,28714cf43211e0d615d4d928d9377f5f9e34d2b35c5a471af681290e99a7c17f,True,True,B,D,,,,
3b,dev-esc50-0445,True,train,base,80a1783eb3767675a0e3d8df97a64c203bee5a43d56f450e2666a965e103b21e,True,True,A,A,,,,
3b,dev-esc50-0446,True,rooster,base,ef210d7071373b7c80039fc643a1325629ce71476c2b2076a935e541a32d8cb4,True,True,B,D,,,,
3b,dev-esc50-0449,True,rain,base,66b4bfd77adc082a6ed7104f09b250254d2174d6a6fe9cad24591c6c41fe6f0e,True,True,A,D,,,,
3b,dev-esc50-0450,True,fireworks,base,36361f06f6390390ed21cdccdd2a0b3abafb85fc737a14b1b02799a9f983d437,True,True,A,B,,,,
3b,dev-esc50-0453,True,airplane,base,55641fcbec7eeaa6e3a699e81e37d6af47223a80a5ddc9de79b67fe809b7d8d1,False,True,A,C,,,,
3b,dev-esc50-0457,False,footsteps,base,2498dd37c8758107da980dfec5eb06d823d3954e50575b684f72c1f62e4a0e9a,True,True,A,B,,,,
3b,dev-esc50-0459,True,clock_alarm,base,c09d06a669e2daefe3da586aeeded896ec004f7c1392aef9d8aca61a4de92583,True,True,C,A,,,,
3b,dev-esc50-0462,True,train,base,9756f2e5b8e02de0bda5fe1e0f89687b888a54156a646f96e3e1a6d9407e4aa3,True,False,B,D,,,,
3b,dev-esc50-0463,False,dog,base,c4cf24358fce2cfffcc8536982c51148d122e9156c1b723895a6ad885d08bfb0,True,True,A,C,,,,
3b,dev-esc50-0464,True,train,base,79b6fd1f08395baf7448cb590fb217165a6634a7596197fe4968462d6f7ab95f,True,True,C,B,,,,
3b,dev-esc50-0466,True,car_horn,base,1b005b9660b47e32a73d4ad477fcdd82f68414be3245abff2a80a61a1a755538,True,True,A,D,,,,
3b,dev-esc50-0467,True,door_wood_knock,base,af46ae539eaea8bd8e540710a96b1e61a0df8c62e9313a7c5dbef33745b9ca1f,True,True,D,A,,,,
3b,dev-esc50-0468,True,fireworks,base,e75bbdc8e05ba691543cb2e49429e2c2a92adb7e4948ef61073f6fdaf3d70a9e,True,True,A,B,,,,
3b,dev-esc50-0469,True,siren,base,8caa801f3cff17634b7b5c4507db69306b9f4d50a5fa41329b4395f9724b6281,True,True,B,D,,,,
3b,dev-esc50-0470,True,clock_alarm,base,c6eb81150c2f726d96d4f6b272e0e4fd399c20f16e4cb317bd54b2ea711d06c5,True,True,D,B,,,,
3b,dev-esc50-0471,True,rain,base,7fc63ca490c2566c8e6625e63839474ce231704fde2a70c7693ab4bdd669e130,True,True,B,C,,,,
3b,dev-esc50-0473,True,crow,base,81e3238c978d75e1d8390e6885f2040550ab7ceac3c319fb810889ce2949f079,True,True,A,A,,,,
3b,dev-esc50-0474,False,glass_breaking,base,8d1f55ae98edd74f87fb934058d99fcf48acf579e6d8216f39ddd35df60e9a46,True,True,C,C,,,,
3b,dev-esc50-0476,True,clock_alarm,base,c8f29ea35c771ef7d47a2da8d20510b2a676fa1d38510c076ba9839914c05162,True,True,C,A,,,,
3b,dev-esc50-0477,True,train,base,e5d622d7faaef358a218e0b6fa68cd5508334c1dbf8757204d729fe672a40d77,True,True,B,D,,,,
3b,dev-esc50-0478,True,dog,base,9a24fd315142f9e0959dee7bebd34860e117babf4db06d8d58c826afe20c267b,True,True,D,A,,,,
3b,dev-esc50-0479,False,pig,base,ff3b7b56b7bd039c6eb0c8a8f63abd5cd7640cea1a8b57030132b1ee563013b8,False,True,C,C,,,,
3b,dev-esc50-0001,True,siren,oracle_prompt_only,0512cf0097ea06026cbbd0923d94a6aa4f2fbeae336f9b9c56462fdb65efe02e,True,True,A,C,,True,True,1.0
3b,dev-esc50-0002,True,fireworks,oracle_prompt_only,82e49db9fd03d02e0745820a94d1941a9692ee99f2634ee2a0901678aecda0e0,True,True,D,B,,True,True,1.0
3b,dev-esc50-0003,True,clock_alarm,oracle_prompt_only,a939f6f1b079143f877299610a111b549f217561acf05f3f8d4e02c8d0a267aa,True,True,B,B,,True,True,1.0
3b,dev-esc50-0004,False,fireworks,oracle_prompt_only,4c96306a69e1051b31d54255071b3a4d9f45598c18df326d2c155adb6d65cf89,False,True,B,B,,True,True,1.0
3b,dev-esc50-0006,False,rain,oracle_prompt_only,4416161f008fc06e18d6ad2285052cbdad3b2112f29f987a2b522e026e7b4ccb,True,True,B,A,,True,True,1.0
3b,dev-esc50-0007,False,footsteps,oracle_prompt_only,ca91247c507a3be0abd6abdae8db8def080cdeabe77f5b5636df26bb97735027,True,True,A,B,,True,True,1.0
3b,dev-esc50-0010,True,car_horn,oracle_prompt_only,17bd259ba7c5f364907b2abdd4c3a117541e6d2f7148d115a59fb84f066c13fe,True,True,C,C,,True,True,1.0
3b,dev-esc50-0011,True,siren,oracle_prompt_only,eb8151794e1914ed77ac34dd91c0768e8232d12ebeacfb87ab163476c481fb83,True,True,A,A,,True,True,1.0
3b,dev-esc50-0014,True,dog,oracle_prompt_only,35744dd704733b74c727e8799d2b7edcefd87caa8e9ca3d49c2743d3313ed87e,True,True,C,D,,True,True,1.0
3b,dev-esc50-0015,True,crying_baby,oracle_prompt_only,9e8d8c202081221c0eeeea5e63d8921b3bb9e1f2a2d14f0d8cf1219394913393,True,True,A,D,,True,True,1.0
3b,dev-esc50-0017,True,rain,oracle_prompt_only,9e6cd6be987ca15907674fb3463bf6bc8747ebb97fd04da62523ffbc4df1f19f,True,True,A,B,,True,True,1.0
3b,dev-esc50-0018,True,thunderstorm,oracle_prompt_only,eee90f350ce4874f6fe9d7905e3ae6a53f05fcb91910c6714fc84ce17d907df9,True,True,D,C,,True,True,1.0
3b,dev-esc50-0020,True,glass_breaking,oracle_prompt_only,c8ff4eadec38ef3305194d1e6896e82e297183755e6536175bc5d225650c537f,True,True,B,B,,True,True,1.0
3b,dev-esc50-0022,False,sheep,oracle_prompt_only,c2d16d914e538f732b4e3f7368bab045ee8996cc471038f70a3516f44bf703c3,True,True,A,B,,True,True,1.0
3b,dev-esc50-0025,True,sheep,oracle_prompt_only,64319841650d658c4ca1e92cadbcf992e62b669a84d71edac72de98836b9a0a9,True,False,C,B,,True,True,1.0
3b,dev-esc50-0026,True,crow,oracle_prompt_only,cb7365d1763e189cb90ae07a004b9221a91501b187e6205ead854aa99d8a800e,True,True,A,D,,True,True,1.0
3b,dev-esc50-0028,True,sheep,oracle_prompt_only,f5f8bde72c7a96b466bd84cf59c4a14e4c048cf2efd25fe03d08def659475018,True,True,B,A,,True,True,1.0
3b,dev-esc50-0029,True,pig,oracle_prompt_only,912a3f118bec229e7c1a939e83b27b29d653bc28b22c31ff00e233aca570231b,True,True,C,B,,True,True,1.0
3b,dev-esc50-0032,True,car_horn,oracle_prompt_only,2cf6ce99ea1a679b494226afa5fad3a5bb20f7547e53d52464794639a05c849c,True,False,C,C,,True,True,1.0
3b,dev-esc50-0033,True,rooster,oracle_prompt_only,f9569051af8f8cd849cc1de0e1374d3968fd5ab1f29dc577b387ed7db07da60c,True,True,C,B,,True,True,1.0
3b,dev-esc50-0034,False,rooster,oracle_prompt_only,12d5ac19b99c9eb131557179fa989c7d28ddaca5bd70ce300ee67cfaaac68a1d,True,True,C,B,,True,True,1.0
3b,dev-esc50-0037,True,thunderstorm,oracle_prompt_only,5bd2a2e3813397f8c3993d1af6aef6c1e81ab5a4499a9785cebdb3c518eddc53,True,True,D,C,,True,True,1.0
3b,dev-esc50-0038,True,door_wood_knock,oracle_prompt_only,93e26ca77f742fad6294dcf00ad3b049114eae12f0fffa1dd5cc9957b332f85b,True,True,D,B,,True,True,1.0
3b,dev-esc50-0039,True,footsteps,oracle_prompt_only,571b963f6a867bda4a67006d26ed6aa1af60a249a03269fa10a7752a83336f25,True,True,B,A,,True,True,1.0
3b,dev-esc50-0041,True,airplane,oracle_prompt_only,537d258344f2292ea2b48a068e7afc2bf249e205db28f9ebdf3ff4b98b906627,True,True,A,B,,True,True,1.0
3b,dev-esc50-0043,False,cow,oracle_prompt_only,6c93921ba62414474d504e38d10eea06966964608d7d36b2c1073cae6e44a031,True,True,D,D,,True,True,1.0
3b,dev-esc50-0045,True,door_wood_knock,oracle_prompt_only,605dc4029fba2085b36423ab1a3f2e2c8d872d8de0133cfa645da03e21168e62,True,True,A,B,,True,True,1.0
3b,dev-esc50-0049,True,cow,oracle_prompt_only,aa11a756c23accd87cb1a531c23e04a59f27c2fd669f6557c0a0a0f872bd498a,True,True,D,B,,True,True,1.0
3b,dev-esc50-0055,True,airplane,oracle_prompt_only,111d4475970d0a01c7d8c7ad53a4c1d68de07980322f596878fb0e394dd683a2,True,True,B,D,,True,True,1.0
3b,dev-esc50-0062,True,thunderstorm,oracle_prompt_only,a21aa2c9f7131976037c511a02f8420dafd32ccd07cccf9125349c68b4a4d0ee,True,True,D,B,,True,True,1.0
3b,dev-esc50-0064,False,crying_baby,oracle_prompt_only,6813857c0bcf916b950633416a2b1f7b14f86569658f5ea78313ee6bb5dc4b00,False,True,A,A,,True,True,1.0
3b,dev-esc50-0067,True,glass_breaking,oracle_prompt_only,d8308f14525556839e1a641c6ad33f0394ebf1a7081e43ef2018e2520158bba3,True,True,D,C,,True,True,1.0
3b,dev-esc50-0068,True,thunderstorm,oracle_prompt_only,1aa3bd4197e6feb5f37350b8903ad6c137b44bdbfef036b58d97de11ac560f11,True,True,A,C,,True,True,1.0
3b,dev-esc50-0073,True,footsteps,oracle_prompt_only,67fca08ed38ee7c16c869a92812d95bb2201cdd716ff2aaf2208499a56af0f1f,True,True,C,B,,True,True,1.0
3b,dev-esc50-0077,True,thunderstorm,oracle_prompt_only,207562b965e51145aa11cb3c14edb4d7703bc5c6878287b52f0c443e928c92de,True,True,B,D,,True,True,1.0
3b,dev-esc50-0079,True,car_horn,oracle_prompt_only,c19fc60bf65f96367d299bd7cd5ba00e2cdc96d1555489f0324385ba3d0e5976,True,True,B,B,,True,True,1.0
3b,dev-esc50-0080,True,frog,oracle_prompt_only,d4cf32b5cebe89bb46922d1e6e6af49979594cedd0f69b29bb04d8123de0b474,True,True,B,A,,True,True,1.0
3b,dev-esc50-0081,True,cow,oracle_prompt_only,d02900eff2669f44e8f816d1cf14cfbc4c3beb885b019f0b91bd3e0bb10cab2d,False,True,B,C,,True,True,1.0
3b,dev-esc50-0087,False,airplane,oracle_prompt_only,54e6a55a0617aae80aa14915417d89768a6e11ba84fcf2f0ca4e25015ced903d,True,True,B,D,,True,True,1.0
3b,dev-esc50-0088,True,glass_breaking,oracle_prompt_only,939c41a64f103ccdad5ab43313ee4ea90453a8caba293fb365fe8890814761c8,True,True,D,D,,True,True,1.0
3b,dev-esc50-0090,True,glass_breaking,oracle_prompt_only,5c04f188728b2269e506671a0c773eb76ca6ceed09584d12769adca3cb4e94b7,False,True,C,C,,True,True,1.0
3b,dev-esc50-0091,True,frog,oracle_prompt_only,e090ff48d87902a44ac7ee7df6e4bf1055f221722de47de0a72c6a2825b146b0,True,True,D,A,,True,True,1.0
3b,dev-esc50-0094,True,rooster,oracle_prompt_only,0f3f0fc1a109e93b14511bb764cda71483945dd4cc7ec209a3c2c542def337f0,True,True,B,D,,True,True,1.0
3b,dev-esc50-0096,False,cat,oracle_prompt_only,b71f2cc6100076cf5bfeb014c03deba6a4d7e7ff3603ef110b8962b77a1cbe06,True,False,B,D,,True,True,1.0
3b,dev-esc50-0098,False,siren,oracle_prompt_only,37b92d37d0d844d149495cfd7b63489c47ef3c8649f61f83dfd52c5e9dffaf16,True,True,C,C,,True,True,1.0
3b,dev-esc50-0101,True,car_horn,oracle_prompt_only,df47112e7d15dbdcf701f5227dda5b929920adef775a4ea8ffddbb3343d3ce16,True,True,A,D,,True,True,1.0
3b,dev-esc50-0102,True,crow,oracle_prompt_only,cc82282bd2f815ef692fc986c45faedb326a9ca91b76f8bb7957a5bc7587a2e7,True,True,C,B,,True,True,1.0
3b,dev-esc50-0105,True,glass_breaking,oracle_prompt_only,92df249ffe9c16c94af83411c189ec516c07b2ea13f4e83b0c1a3bb883284234,False,True,A,B,,True,True,1.0
3b,dev-esc50-0107,False,rain,oracle_prompt_only,391a735e7a50d9561ee5273924e58ff6d78490ece1b2b7a0d1b2438c5da210d0,True,True,B,C,,True,True,1.0
3b,dev-esc50-0108,True,airplane,oracle_prompt_only,ad603690bc731a36b1a025112b0ffcaf7a299c0c349f9ed9f0b4cf65cb95b1aa,True,True,B,D,,True,True,1.0
3b,dev-esc50-0110,True,rooster,oracle_prompt_only,14ec88503fbf632836ee6b7bdfcf871f69c6c842ac5c0abb7f0f3f4d2bc4aec8,True,True,C,A,,True,True,1.0
3b,dev-esc50-0111,True,cow,oracle_prompt_only,7df8d415cf747c4560ae4801ee0ede8d8aa0ad8d5985a72e255afcf6f08d427f,True,True,D,D,,True,True,1.0
3b,dev-esc50-0112,False,cow,oracle_prompt_only,5574cddeaca46272bebdd69b0b774e11806aa57067846072aecd0346a70ea3cd,True,True,B,C,,True,True,1.0
3b,dev-esc50-0113,True,car_horn,oracle_prompt_only,b8725859b236e77c5a23a45ed084ba5f6eeadd4f482a37f9c4945be0f5b172e0,False,True,A,A,,True,True,1.0
3b,dev-esc50-0114,True,crying_baby,oracle_prompt_only,0531fc37e4af8ccec011aa4f9ccb7a171d00f5ea8589ce75e66b549fdbdd3956,False,True,C,A,,True,True,1.0
3b,dev-esc50-0115,True,rooster,oracle_prompt_only,96411d23691206bf4aaa1a72c22cb5b3152e9401ac38728b964e689bde859c1d,True,True,A,C,,True,True,1.0
3b,dev-esc50-0116,True,frog,oracle_prompt_only,609e24769feb5c52d015a61bb0d937be5b806e3e230ccafa7c4a4d7b6b83736c,True,True,B,B,,True,True,1.0
3b,dev-esc50-0118,True,train,oracle_prompt_only,4e50b13290fa3810306fdb409b6079cb54b01603a6c3320688675b6631b5d8b5,True,True,B,A,,True,True,1.0
3b,dev-esc50-0122,True,sheep,oracle_prompt_only,4532af21db7570aa319a20efdb667676035350f3c8150f7f4c30604d2b078ac3,True,True,D,D,,True,True,1.0
3b,dev-esc50-0123,True,footsteps,oracle_prompt_only,322223e7b1f6c75ab2066f43d35677da9586a3aded50cb18c1b22e7be0a34aa8,True,True,A,A,,True,True,1.0
3b,dev-esc50-0125,True,crow,oracle_prompt_only,b143c6a95fa38d711e378442be8e081b32e4b388f9de64763f93a9d40311ae03,True,True,D,A,,True,True,1.0
3b,dev-esc50-0126,True,clock_alarm,oracle_prompt_only,6b9ac0400f2ad4fb1809ad44b2f2c9f2ee293d552b2dec2e4871abbd34e8192b,True,True,D,B,,True,True,1.0
3b,dev-esc50-0127,True,footsteps,oracle_prompt_only,90f2e075bfaf901c2dee5e4efb8051d2adafc09962ee456066a96e98f9a54583,True,True,B,B,,True,True,1.0
3b,dev-esc50-0128,True,rain,oracle_prompt_only,f9dfae017f4c6bcec6bdb4271ee79e32e8051eba471667b9d7bacc1e0a579e0a,True,True,A,D,,True,True,1.0
3b,dev-esc50-0129,True,footsteps,oracle_prompt_only,62a4c4cab7f70d189145afacee782d2547434e7cb4a3545cf00ecc0f8bd5afa6,False,True,A,D,,True,True,1.0
3b,dev-esc50-0130,True,door_wood_knock,oracle_prompt_only,6f06df8948f0d128617804a1727178de158a0a813606ca5f38c2c753b139d44a,True,True,C,B,,True,True,1.0
3b,dev-esc50-0131,True,fireworks,oracle_prompt_only,a2d11b8859a6a475ac4401edb49d80f3c6097dc957211f1c15a8179aef519599,True,False,D,C,,True,True,1.0
3b,dev-esc50-0134,True,airplane,oracle_prompt_only,4b6658a3ee0d717109ec83872dc5d7ac638cd9d90cc75032d3563165b32a7357,True,True,B,C,,True,True,1.0
3b,dev-esc50-0136,True,frog,oracle_prompt_only,e42d38380617f174766c7a688858ec22bb8768bdfe996e36e309c7053daa601d,True,True,B,D,,True,True,1.0
3b,dev-esc50-0137,True,pig,oracle_prompt_only,3c9d65fe65d47b669671098796466786fa42c308bdf06e1347023a925195f616,True,True,D,B,,True,True,1.0
3b,dev-esc50-0139,True,cat,oracle_prompt_only,2497dd2032d4d0841ed4478b308687797dc2c6251630eaa02712dc660559792c,True,True,A,B,,True,True,1.0
3b,dev-esc50-0141,False,footsteps,oracle_prompt_only,082b6b3feb9bd698dab7d0f8b4af957a5fd9e8ea498b06e6f3d68d31618f0037,False,True,A,D,,True,True,1.0
3b,dev-esc50-0144,True,train,oracle_prompt_only,1470dff153d11555f130257569e024fa0436b3bcb3c522c43059a928508f570a,True,True,A,D,,True,True,1.0
3b,dev-esc50-0145,True,dog,oracle_prompt_only,93e71f9679a4f6d4d29059b9876358eff8cb0307a07e4cd885d783edad523b47,True,True,C,C,,True,True,1.0
3b,dev-esc50-0146,True,cat,oracle_prompt_only,c38e308a611ffa4e33095b67b995b73c635e996a7890770a96f7a622f16ab2bb,True,True,A,D,,True,True,1.0
3b,dev-esc50-0147,True,dog,oracle_prompt_only,638eb2509169de36c0766b551781139a496e5a74bf56e541808380b857dd5a6a,True,True,A,C,,True,True,1.0
3b,dev-esc50-0149,True,sheep,oracle_prompt_only,e217b42e11bacfe0074dcff0ebda5ffcfa32f494d4ebb0d12659713abba757c0,True,True,A,C,,True,True,1.0
3b,dev-esc50-0154,True,cat,oracle_prompt_only,ed9ee0cafa5f0839a914fba3edf5b8b0aae37aa10b9b080bd269b3088091d738,True,True,B,A,,True,True,1.0
3b,dev-esc50-0156,True,dog,oracle_prompt_only,cdd921834eea6f9d8fcab695b125d3ce5d9b04a00b00ebb96263361987e8ab66,True,True,B,A,,True,True,1.0
3b,dev-esc50-0157,True,siren,oracle_prompt_only,31bdead7bd55b06643714eb6c42d95b11c7c7bfb25c473a47df215456ad9f112,True,True,B,A,,True,True,1.0
3b,dev-esc50-0158,True,frog,oracle_prompt_only,c314a542ad07dbfba191837a87ef6d340402ffd3fb96a9ce1812b62ac5abccf8,False,True,D,B,,True,True,1.0
3b,dev-esc50-0160,True,car_horn,oracle_prompt_only,e4ad3868549e9640b29a8ea01411b71b566f5f7546a0575a3bb1c8765f5a9a58,True,True,A,C,,True,True,1.0
3b,dev-esc50-0161,False,cow,oracle_prompt_only,7beb9c4e4333bba879f229e0cedb48a955115145c49a08aa34b766b3d4e3be87,True,True,B,D,,True,True,1.0
3b,dev-esc50-0164,True,siren,oracle_prompt_only,32cd7450628d21099f34ff4b5a5785ef1ebed2fc199ceab27378b938ff0f8f3c,True,True,C,B,,True,True,1.0
3b,dev-esc50-0165,False,cat,oracle_prompt_only,59b68770d5b232991e85f98543b179eed602df73b9e86b0fe495722113d3d4e6,False,True,B,A,,True,True,1.0
3b,dev-esc50-0166,True,frog,oracle_prompt_only,1f4203186ad16e6668233f0472db43681728a64513921d7a9061e60066d417f6,True,True,D,C,,True,True,1.0
3b,dev-esc50-0173,True,siren,oracle_prompt_only,e151399d3d17bc96e144ac32fbea8a54d5d4d8f219d57bf2b8bde3933b54f1dc,True,True,D,B,,True,True,1.0
3b,dev-esc50-0174,True,train,oracle_prompt_only,aa60151700f9de57c85d67e10b0ee585fb5087f9c1e0d0672a511d0fae372fa5,True,True,D,B,,True,True,1.0
3b,dev-esc50-0175,True,pig,oracle_prompt_only,d9156672422b7be9099769774287369559c86bbda10a833b0d1eb8e4ae508181,True,True,D,B,,True,True,1.0
3b,dev-esc50-0176,True,thunderstorm,oracle_prompt_only,1f25d7158a74edf7aac6e212e7169f6fc36ef1d5b9611fee51c7ea1349f503cd,True,True,A,A,,True,True,1.0
3b,dev-esc50-0177,True,thunderstorm,oracle_prompt_only,4aacb888b5adafc4730a30001bcb45275b0a63569f75e598015fb89f69e8c9fa,True,True,B,A,,True,True,1.0
3b,dev-esc50-0180,True,frog,oracle_prompt_only,7361d5500fc98de1d2bb9308da2504e4f33c87d37b77b6f381e1a98c6ce0e4a8,True,True,B,A,,True,True,1.0
3b,dev-esc50-0181,False,sheep,oracle_prompt_only,3fdef47f4a2846c88c37630c00b9f8798c71c4be6aa983033abdb59d8b5dba74,True,True,C,D,,True,True,1.0
3b,dev-esc50-0183,True,footsteps,oracle_prompt_only,12b7dba9ced63956831d80920b305c39de172d92982fb29b1bf42e006241f2e1,True,True,B,A,,True,True,1.0
3b,dev-esc50-0186,True,car_horn,oracle_prompt_only,4260a0fe48940328190416d63b654f4e1c3a5ac8bd42a894e65b403270ab6302,True,True,C,B,,True,True,1.0
3b,dev-esc50-0188,True,clock_alarm,oracle_prompt_only,b517cc28f5690df343532acda0c87cfe568788305cb63472c0a35b22c82d3225,True,True,D,B,,True,True,1.0
3b,dev-esc50-0189,True,cow,oracle_prompt_only,57e666155ffc193e4087b7e08dcb61e5f2198e8d9b80393a8789a545b712acef,True,True,B,D,,True,True,1.0
3b,dev-esc50-0191,True,dog,oracle_prompt_only,21ca8b4a1e86a34b618e7cfe9a15a4475509a73452aea630171b5baadde9daf6,True,True,A,A,,True,True,1.0
3b,dev-esc50-0192,True,clock_alarm,oracle_prompt_only,59d2bb59f2e51aec66c7b378afa7d829665aa119c769180d05b477543f9b432b,True,True,A,A,,True,True,1.0
3b,dev-esc50-0196,False,airplane,oracle_prompt_only,7f2d91f842683c0659e89418d39fe4ec941967b809c9bae5148974224a39effa,True,True,D,B,,True,True,1.0
3b,dev-esc50-0198,False,cat,oracle_prompt_only,43d4168bd6dfb13d9a38ac7f6b64f6c977bba97b13652e7d62188ae69c2dc721,False,True,B,A,,True,True,1.0
3b,dev-esc50-0200,True,thunderstorm,oracle_prompt_only,7043fe5f708a436e3566596d675a169e576fa0774c1a88c33e00f4cc18d5fdd1,True,True,B,A,,True,True,1.0
3b,dev-esc50-0201,False,glass_breaking,oracle_prompt_only,0d8dd074a797f988ed3b8c40b37214f773c5a927ad8f9a161946e36182dc85f0,True,True,C,C,,True,True,1.0
3b,dev-esc50-0202,False,door_wood_knock,oracle_prompt_only,60c98f9218132088cb536b9983527794793c521e6c624f7459fe13fd42fe4a05,False,True,B,D,,True,True,1.0
3b,dev-esc50-0204,False,siren,oracle_prompt_only,fb2a1b1b201579ccc88b71199e3d022f7800b1a63cd60c64e88796df6f19942f,True,True,A,C,,True,True,1.0
3b,dev-esc50-0206,False,rain,oracle_prompt_only,673730f056a60e39761f265565e5321d32d7d4eba6f8ba80df3035340fbc9d9a,True,True,C,A,,True,True,1.0
3b,dev-esc50-0207,True,thunderstorm,oracle_prompt_only,a4f1807e6cb82457569a7a99566ccf580111b2df8559a6f2d8cf027f517c147c,True,True,C,A,,True,True,1.0
3b,dev-esc50-0208,False,rain,oracle_prompt_only,fb2dee564985e99593dc9ff5b0bcec0647692b338489c243fde7f07a5fb243ae,True,True,A,A,,True,True,1.0
3b,dev-esc50-0212,True,dog,oracle_prompt_only,be92ea8291bcae6d11eab75a75db8ee9ff6fbea9354b62760cfb9af1c962c292,True,True,D,A,,True,True,1.0
3b,dev-esc50-0213,True,glass_breaking,oracle_prompt_only,1d160edf6bd29550dacb4d90b5d39dde687a8951a0de2924946ae6bb2ee44d17,False,True,B,B,,True,True,1.0
3b,dev-esc50-0219,True,sheep,oracle_prompt_only,24f49bfccec6c22a8dcf76a29e4712beef9a3c9bca2d5c4dc1ff752b67a48ec6,True,True,D,C,,True,True,1.0
3b,dev-esc50-0221,True,sheep,oracle_prompt_only,931e47058308c2710c69acbbb32a4d87d9581ec2c724acdbe3a6acbae7ae9cf4,False,True,B,C,,True,True,1.0
3b,dev-esc50-0222,True,airplane,oracle_prompt_only,097e10ce3bdd3b7d5c3fbcfde9668c9b2ad07aea1e29078cce82eb2d443d9dc6,True,True,A,B,,True,True,1.0
3b,dev-esc50-0229,False,cow,oracle_prompt_only,60ec6de839dd507a888be98afee05a9fcd94d4ce91e5d4660a77126e2b791b19,True,True,C,B,,True,True,1.0
3b,dev-esc50-0230,True,cat,oracle_prompt_only,7d8978baac9329ec065c638b00ab9bf97aef70e8dc75d23917a0e0de943c2c89,True,True,D,B,,True,True,1.0
3b,dev-esc50-0233,True,door_wood_knock,oracle_prompt_only,e56d608b73ca66733e94def000204743b0545c2a15b9de4c4154a8b89ce44839,True,True,A,D,,True,True,1.0
3b,dev-esc50-0234,True,siren,oracle_prompt_only,732ba6d31f82cda56323f48504e7af1682b89c96c147f8761c067fa9c449f446,True,True,A,A,,True,True,1.0
3b,dev-esc50-0235,False,sheep,oracle_prompt_only,3c0be83a9b81dc0a2753a23d8ddf6aca276a4d20dafcba2d9794f4392ffcc16a,True,True,D,C,,True,True,1.0
3b,dev-esc50-0237,False,airplane,oracle_prompt_only,8f303d72cc6624b5e57d2c08413b56d1805af15a4c08ec6eec6f3b854902054d,True,True,A,C,,True,True,1.0
3b,dev-esc50-0238,True,car_horn,oracle_prompt_only,08d962114059e0ddcbdf7e31e7382c663532c21dcf0394ba29ebcbdf7a0cab56,True,True,A,C,,True,True,1.0
3b,dev-esc50-0239,False,car_horn,oracle_prompt_only,4ceb2032aa2df5da280434dfde7b2a9cc15c82dd9ad23b616259debd575fd8eb,True,True,A,D,,True,True,1.0
3b,dev-esc50-0241,True,clock_alarm,oracle_prompt_only,5799ac9ab9e1967aecf0e17bd2de16bf116e37afadfb40a323a398d292f45bbd,True,True,C,A,,True,True,1.0
3b,dev-esc50-0243,True,crying_baby,oracle_prompt_only,26deef24311e8213bef31107697acaa9b4bba681f947dbc6a2723437b705aa94,False,True,B,A,,True,True,1.0
3b,dev-esc50-0249,True,cow,oracle_prompt_only,363369a9b8f760bbbc84baf5fe44432cb898ad9d0096bfe171e3e3299c732ebb,True,True,D,A,,True,True,1.0
3b,dev-esc50-0252,True,crow,oracle_prompt_only,931bd5661895929ba71ca491c06465eb60a6e55a3c7290689ed00764d3617834,True,True,C,A,,True,True,1.0
3b,dev-esc50-0254,True,clock_alarm,oracle_prompt_only,8cc54a093d209c1bb935ef80473c7c4c8e1e3c7dc8dd1c4eeb406620f8031bbe,True,True,A,A,,True,True,1.0
3b,dev-esc50-0255,True,footsteps,oracle_prompt_only,a85a2fa006c213ea8f481f8c2525cbb2f01d4126158ead6ce0e8564f570e0df7,True,True,A,D,,True,True,1.0
3b,dev-esc50-0258,True,crying_baby,oracle_prompt_only,deef8ac5a222eae072836c522287f3b5e83cb0630c65626cff8f69deb60fe034,False,True,A,A,,True,True,1.0
3b,dev-esc50-0260,False,cow,oracle_prompt_only,55e2b40e075a5c600068898d980af6266c8bb1c0848fcee6aa58324f0af1469e,True,True,C,D,,True,True,1.0
3b,dev-esc50-0261,True,door_wood_knock,oracle_prompt_only,e97385031e64abef3fef4b624cc7722f9b271dcea6e513b72decb0b9fa8c881c,True,True,C,A,,True,True,1.0
3b,dev-esc50-0264,True,siren,oracle_prompt_only,f01a4b14f39c47575b9b41c41f0da9fc2bc12961a09bd79d60456283587745db,True,True,B,A,,True,True,1.0
3b,dev-esc50-0266,True,door_wood_knock,oracle_prompt_only,f8071619406948838777048e2e52d43e337a0c5fc4cafa51589edfbefd85fe58,True,True,B,B,,True,True,1.0
3b,dev-esc50-0267,False,train,oracle_prompt_only,c078f02f379909df8d0475c681ee0c68c2f1c7b60e7b97e3c86dd22eb80a35a5,False,True,B,B,,True,True,1.0
3b,dev-esc50-0269,True,cow,oracle_prompt_only,622e0db6d32afde0d899be500fc0f4c8518abe942bfadaf4bbfbd4b5803a6a47,True,True,C,B,,True,True,1.0
3b,dev-esc50-0270,True,footsteps,oracle_prompt_only,33d999107d7cbdc27f99f3a3ce8231a39daebe414c2fe16e93a1d987a340f3d3,True,True,B,C,,True,True,1.0
3b,dev-esc50-0271,False,door_wood_knock,oracle_prompt_only,3fc807ebdcb349988b63500c74db03cca728207de5278cdd44ff5b04eecf8853,True,True,A,B,,True,True,1.0
3b,dev-esc50-0272,False,pig,oracle_prompt_only,561b9ff6eacbdd1bb942b263eb20c6c6658c2a037a89cd45b5f39b1f122d4fa5,True,True,A,C,,True,True,1.0
3b,dev-esc50-0275,True,cat,oracle_prompt_only,39d2f894b55d8b5d8aef7dbdd6c8f05af73dbae82f93d9a05f206a41fd28de40,True,True,A,C,,True,True,1.0
3b,dev-esc50-0276,True,door_wood_knock,oracle_prompt_only,1b38046a525a8bb284d1035a705766ae3114794365fa8dc338e75d1fd33b3466,True,True,B,C,,True,True,1.0
3b,dev-esc50-0277,False,cat,oracle_prompt_only,78a2c940c954e16968b4a5c163c85221664687415df4ff674affd7e1a54a24ac,True,True,D,D,,True,True,1.0
3b,dev-esc50-0280,True,airplane,oracle_prompt_only,64fef354784950ea7952757224bb3d276989ffa7c962d88cf4d03b1a62bf48a8,True,True,A,A,,True,True,1.0
3b,dev-esc50-0281,True,train,oracle_prompt_only,398538eecc9fb12725e2de8fb7ce6258b3da1a3a4347a5e5d57e7ce3d8f6104b,True,True,A,B,,True,True,1.0
3b,dev-esc50-0282,True,crow,oracle_prompt_only,603ddf0ed9cd14143e1cb23aa41516387040daf29622f19969c9717fdc28f076,True,True,C,A,,True,True,1.0
3b,dev-esc50-0284,True,cat,oracle_prompt_only,85ec8aa5c0bb599c05b9678a43559baf1673de6795a052040232b8faa725eff6,True,True,A,B,,True,True,1.0
3b,dev-esc50-0285,False,fireworks,oracle_prompt_only,6eaee071e37641e0b771f4e01d67c8114a4e8c1d57631cf50815e1d2b9950365,True,True,C,B,,True,True,1.0
3b,dev-esc50-0287,True,cat,oracle_prompt_only,467baaadb314ae01779355f8fd47d7d46f8097f04430afdd4282dc857d84178d,True,True,B,D,,True,True,1.0
3b,dev-esc50-0297,True,rain,oracle_prompt_only,e29023abb7798f0e0a9c86b37de39ca0383039873e736da4e9d733b83da1efea,True,True,D,C,,True,True,1.0
3b,dev-esc50-0298,False,train,oracle_prompt_only,134d20b4a0bc6898b1b8a08e3b816ffd547538bb0ff61644c15d47d8c0fc92f1,True,True,A,B,,True,True,1.0
3b,dev-esc50-0300,True,airplane,oracle_prompt_only,fb0232a485f1d7fdd830a954848618080907e8d869df195173452511d3991aef,True,True,A,C,,True,True,1.0
3b,dev-esc50-0301,False,pig,oracle_prompt_only,50fd03087c5c159fde76ce9b6f12bb98880a35df68d75a83c0fe695ed9115297,True,True,D,A,,True,True,1.0
3b,dev-esc50-0303,True,cow,oracle_prompt_only,a57a8a62860a08ab82823228ca624a01b7873a38fcb6a8d3de68f87f4c26d70c,True,True,A,A,,True,True,1.0
3b,dev-esc50-0304,True,crow,oracle_prompt_only,62a64e3b5ca9417dd915a72219e2f159d1d12246f2d00b8b3a504a9660706b11,False,True,B,D,,True,True,1.0
3b,dev-esc50-0306,True,glass_breaking,oracle_prompt_only,bdaf8b574abaff3ee30f244b6d17db0a02fd7b6ae2535f1e969bd4a32e3d62ab,True,True,B,D,,True,True,1.0
3b,dev-esc50-0308,False,frog,oracle_prompt_only,cd8c3f0c6b17f28d3b37d9a3a3e231005069a1545188fceb46b1c7d7183adcde,False,True,B,C,,True,True,1.0
3b,dev-esc50-0315,True,sheep,oracle_prompt_only,f691e810e549504a7113ceb5376eed932cb2fb2dc4f025742023cc4f1e2cc3a4,True,True,D,A,,True,True,1.0
3b,dev-esc50-0316,True,crow,oracle_prompt_only,b4c71324835f196ca78a65ef4b7986b68f8a209ab4fba6f3792ba01413f6500f,True,True,D,A,,True,True,1.0
3b,dev-esc50-0323,False,train,oracle_prompt_only,33b5b526d10692c7b8ecabdedeff8145ab51839cd6d2b3414ef15665bf1fa86b,True,True,A,A,,True,True,1.0
3b,dev-esc50-0324,False,crying_baby,oracle_prompt_only,deabc87cb7ad3e322d46f1433f44dfe67b644e43d99e4345d6ae32297fc187ab,True,True,D,A,,True,True,1.0
3b,dev-esc50-0325,True,pig,oracle_prompt_only,bcc45b97a77d93805c5825569ca6e17f02b084f6146d0b1251e4e43b4670b8c7,True,True,C,A,,True,True,1.0
3b,dev-esc50-0327,True,crow,oracle_prompt_only,f879b875448f290fe2954d5fd087c7b80666e53f60d525156889b12af88274f5,True,True,D,C,,True,True,1.0
3b,dev-esc50-0329,False,pig,oracle_prompt_only,ff8ab964e237f0b3bd1923f788dfaeaeea7406ca8bdbfc72665c38c52e7c921a,False,True,A,A,,True,True,1.0
3b,dev-esc50-0330,True,clock_alarm,oracle_prompt_only,91cf8eb3e99f7aebeb9c073417e880a37fe74ad687db5f6a53181dbf1d8fc5a3,True,True,D,A,,True,True,1.0
3b,dev-esc50-0332,True,crying_baby,oracle_prompt_only,ddec0eb42a18930e8b195f172effb2250cda48c552992ba34018913e98a9466e,True,True,B,C,,True,True,1.0
3b,dev-esc50-0334,True,cat,oracle_prompt_only,052c9b74aba3e49e10603b0649372955c7035cce7727b825c196bc8a555d15a7,True,True,D,B,,True,True,1.0
3b,dev-esc50-0336,True,dog,oracle_prompt_only,83c00ecaf2ca38838549ae96f04b40d5da0a13f9e3fffcb2bab3bd41eb5611de,True,True,D,A,,True,True,1.0
3b,dev-esc50-0337,True,rooster,oracle_prompt_only,071a5f3a1268372dfba290b2ac2d1552e8bb604652c251dffd0a80a9c650407d,True,True,B,A,,True,True,1.0
3b,dev-esc50-0341,True,train,oracle_prompt_only,78d4c1f25068f3e1bb067dd3c64253057fb97834909fbcf80bda450ac6ed777e,True,False,B,C,,True,True,1.0
3b,dev-esc50-0342,False,frog,oracle_prompt_only,4ea91e42e5412847ed59f8f76eebd8e66c2724e3d944b64c71da2d32e4bf76f7,True,True,A,D,,True,True,1.0
3b,dev-esc50-0343,True,sheep,oracle_prompt_only,82ee656716f49c3b88c5622545cb5397f8c5c415809698d787991e3806ceecd4,True,True,D,C,,True,True,1.0
3b,dev-esc50-0344,True,cat,oracle_prompt_only,84c7337eefd1c9cab84b43211a370e380ba4706472d3a3935b779b948f22155b,True,True,D,C,,True,True,1.0
3b,dev-esc50-0345,True,glass_breaking,oracle_prompt_only,c90d8bfaeb2f4ae0d11266657e3530c296cdee33d6b10417d24fc2dfaef6a42b,False,True,B,B,,True,True,1.0
3b,dev-esc50-0346,True,airplane,oracle_prompt_only,76c0196cfdbb1ab337507e7a3e2e8c78c6014b6c4aac4dad7128983dafcb5a71,True,True,A,A,,True,True,1.0
3b,dev-esc50-0349,False,airplane,oracle_prompt_only,82b24799cc72012b59eaa02deb0beb87045337581a08e5b013155573ed5349c0,False,False,D,D,,True,True,1.0
3b,dev-esc50-0353,True,thunderstorm,oracle_prompt_only,b6d3d9b922a7249f9e971b571eaa34b3b594d4823cd79c923f7059f9c7436fab,False,True,A,B,,True,True,1.0
3b,dev-esc50-0354,True,siren,oracle_prompt_only,63435c2b26a1f97813414a9784362f6d21c2e702cd69a7b5fae9ff1a25523c5f,True,True,C,B,,True,True,1.0
3b,dev-esc50-0355,True,rooster,oracle_prompt_only,c7361f264ba693f5a8fa80ba7bedacb9ed7b3277efdffd59ec46688b1cca15c5,True,True,A,B,,True,True,1.0
3b,dev-esc50-0362,False,fireworks,oracle_prompt_only,24b390673d959cb12bdbea58137f779e0f34f8a58d64033f7276fd66d5322faa,False,True,B,A,,True,True,1.0
3b,dev-esc50-0365,False,sheep,oracle_prompt_only,92971f306297ce907996cdd85167629d6abc2a9becfa480b798dfd00d8280eb4,True,True,D,C,,True,True,1.0
3b,dev-esc50-0367,True,rooster,oracle_prompt_only,05859cd01984026513c4675da5045935f7006e1cf11348dfaa6447f3a3cc8598,True,True,D,D,,True,True,1.0
3b,dev-esc50-0368,True,airplane,oracle_prompt_only,ed58630afbe17a477a1265e88db56a716c783377e735a44be66f4feec5beddec,True,True,D,D,,True,True,1.0
3b,dev-esc50-0369,True,rooster,oracle_prompt_only,39730431f05af8f90b95c03a3cefec329e18ca3861709c8186e21a84c40e80ae,False,True,B,C,,True,True,1.0
3b,dev-esc50-0370,False,crow,oracle_prompt_only,facb453af9ac2538b95c46f38472418602d43f3a65d07558ddd86e05c6c9e274,True,True,D,B,,True,True,1.0
3b,dev-esc50-0371,True,clock_alarm,oracle_prompt_only,755a085a8e91db3c8fae239c1ba18552f80c970e5a50f70ddd15bfce97dbfdb2,True,True,C,A,,True,True,1.0
3b,dev-esc50-0375,True,crying_baby,oracle_prompt_only,bb6bf8d64c6a61550996039eca4c1c2e4b00548043bcea9a75f96a4d7d24b5fc,False,True,B,D,,True,True,1.0
3b,dev-esc50-0377,False,airplane,oracle_prompt_only,a0989d902f1c3fa11c41ac022d9c0b323c7d4f2030cf954593e749675c9f154e,True,True,A,C,,True,True,1.0
3b,dev-esc50-0378,True,clock_alarm,oracle_prompt_only,a18d09cb007c0851a65060e3a125f6afb9a81ff6eb35773ba03c0da30c6ba841,True,True,B,B,,True,True,1.0
3b,dev-esc50-0379,True,crying_baby,oracle_prompt_only,d769b28a080fc55dc16df08b45f87b86cd545c45c0390de57d649e4b27b01e76,True,True,C,A,,True,True,1.0
3b,dev-esc50-0381,True,clock_alarm,oracle_prompt_only,3dff1d5a5566eec5681a6dba73bb6879a2b9cac9f910ad419a2086191ba9123c,True,True,D,A,,True,True,1.0
3b,dev-esc50-0383,True,pig,oracle_prompt_only,b4d6001194c50f46806835759f467e4f6e0195163a27fe1fc2c6090f43c47ee6,True,True,B,C,,True,True,1.0
3b,dev-esc50-0386,True,crying_baby,oracle_prompt_only,05115891331a2d2eb1d4b07fd3355d83d7117318aab1371622510b22784db5f3,False,True,B,A,,True,True,1.0
3b,dev-esc50-0387,True,cat,oracle_prompt_only,8f368808943352cdbb5eafd9b8a21ba4dee832742699aae043c5ab185522383f,True,True,A,C,,True,True,1.0
3b,dev-esc50-0390,True,door_wood_knock,oracle_prompt_only,e63d29dfe7310818203c0a3311cd9084685aed08998b25f2ded25e2baf22495d,True,True,A,C,,True,True,1.0
3b,dev-esc50-0391,True,crying_baby,oracle_prompt_only,2723129a0ef3facec4edab0f57c0c69f8850fd1bac9a12a05efc9f4ef5e11607,True,True,D,D,,True,True,1.0
3b,dev-esc50-0392,True,siren,oracle_prompt_only,17a9b4aeb83ede02e3494b14ea97fc1665e4bee5de87b597a1679e07c49ae51d,True,True,A,A,,True,True,1.0
3b,dev-esc50-0393,True,car_horn,oracle_prompt_only,5c004d3ca6c1acf9c08f7d38ca5b6632078af1789e735005d3a56abee6fd7749,False,True,A,D,,True,True,1.0
3b,dev-esc50-0396,False,siren,oracle_prompt_only,02648afa5674cca063dbb9b1da039e512ccc2e39a3ee9828993698273581db80,True,True,A,A,,True,True,1.0
3b,dev-esc50-0399,False,thunderstorm,oracle_prompt_only,ced2a8af1dc1c32a4d13b000ac40a088694d2f6dd845902ad321f42df2c896d7,True,True,D,D,,True,True,1.0
3b,dev-esc50-0400,True,rain,oracle_prompt_only,645562bf158991962ff480827e5dee2d5576f9c0fd823d001825902c625e566f,True,True,B,C,,True,True,1.0
3b,dev-esc50-0402,True,thunderstorm,oracle_prompt_only,57f3ec266ccb3e3aef4963221d0aa3e738970881284fcbdb76997b0492cda116,True,True,A,B,,True,True,1.0
3b,dev-esc50-0403,True,door_wood_knock,oracle_prompt_only,893d4a9c2b387cf5401110e6373156ccdb0bc6b120333067a23ec1db81ef57d1,True,True,A,C,,True,True,1.0
3b,dev-esc50-0406,False,pig,oracle_prompt_only,461655b65eb1d21ec6f3700aa39444f4a45003ee689079ab4b8c89fb08d6d2fc,True,True,A,D,,True,True,1.0
3b,dev-esc50-0409,True,airplane,oracle_prompt_only,0462efe7b309b7ab6dee26b2b141e623f7eeb2e622dcb40c582a3f4f3b6e079d,True,True,A,B,,True,True,1.0
3b,dev-esc50-0411,True,fireworks,oracle_prompt_only,ef4c8d1ebb458151ec2b1a93cf1711f93e8e3a1e521de8a4a336ffbec01e05bc,True,True,D,B,,True,True,1.0
3b,dev-esc50-0414,True,train,oracle_prompt_only,6fa070d6a7fd01a0e37c2d98facd58704b6a62396b3ef454c49f2dc8055bd7b7,True,True,D,A,,True,True,1.0
3b,dev-esc50-0418,True,glass_breaking,oracle_prompt_only,52528f041fe4e6734f31d8b0598090cec0f98f1c8f760b24fbc929d6ee63591b,True,True,B,B,,True,True,1.0
3b,dev-esc50-0419,False,door_wood_knock,oracle_prompt_only,b447917c0c3b42e177514046a95090a1ea90f5867bd43beab9ffe3edd2d1a34b,True,True,A,D,,True,True,1.0
3b,dev-esc50-0421,False,thunderstorm,oracle_prompt_only,af48055b2d411d6dbc3d4031c13ba6f37747ed57a9c08d1c4098c1c9b8e10a5c,True,True,C,C,,True,True,1.0
3b,dev-esc50-0423,True,cat,oracle_prompt_only,3c7760b71b5d8695dfb380bb28ede932c1a301326478405f49efcb24888858f2,True,True,A,D,,True,True,1.0
3b,dev-esc50-0425,True,fireworks,oracle_prompt_only,b851fe0e3bb0f5f201d6adde1e5aba4b864222f197f518c5d686a0b5397cb9b5,False,True,D,C,,True,True,1.0
3b,dev-esc50-0426,True,footsteps,oracle_prompt_only,b6f4da0d362a7192c2d6af7516069a883715b6eacf7b4b3e624c3cdbae7890de,True,True,D,C,,True,True,1.0
3b,dev-esc50-0431,True,pig,oracle_prompt_only,b201fa5ad4e05bce1e5c88c66f4bd3040786e56688f404b1c65bd9c60720efe4,True,True,A,D,,True,True,1.0
3b,dev-esc50-0433,True,fireworks,oracle_prompt_only,7cf91d5bb417ada604d50d11949d99c1ce1bd0d4a914e42669fa3eb0ff4e74a7,False,True,A,B,,True,True,1.0
3b,dev-esc50-0435,True,thunderstorm,oracle_prompt_only,1a1b698be1e598f8dc46a73ac264b25778b67fca6209e30c78f211aaf41f1e41,True,True,A,B,,True,True,1.0
3b,dev-esc50-0438,True,pig,oracle_prompt_only,c07771910493ed23a1768c5ff312ca7fb1b9d9f9154da31849545aa936da618c,True,True,B,B,,True,True,1.0
3b,dev-esc50-0440,True,thunderstorm,oracle_prompt_only,b5001798deb3a305341ef5441f38d905f1929263b838080d81f1f110d70a9ad3,True,True,D,A,,True,True,1.0
3b,dev-esc50-0443,True,cat,oracle_prompt_only,28714cf43211e0d615d4d928d9377f5f9e34d2b35c5a471af681290e99a7c17f,True,False,B,C,,True,True,1.0
3b,dev-esc50-0445,True,train,oracle_prompt_only,80a1783eb3767675a0e3d8df97a64c203bee5a43d56f450e2666a965e103b21e,False,False,B,D,,True,True,1.0
3b,dev-esc50-0446,True,rooster,oracle_prompt_only,ef210d7071373b7c80039fc643a1325629ce71476c2b2076a935e541a32d8cb4,True,True,B,D,,True,True,1.0
3b,dev-esc50-0449,True,rain,oracle_prompt_only,66b4bfd77adc082a6ed7104f09b250254d2174d6a6fe9cad24591c6c41fe6f0e,True,False,A,C,,True,True,1.0
3b,dev-esc50-0450,True,fireworks,oracle_prompt_only,36361f06f6390390ed21cdccdd2a0b3abafb85fc737a14b1b02799a9f983d437,True,True,A,B,,True,True,1.0
3b,dev-esc50-0453,True,airplane,oracle_prompt_only,55641fcbec7eeaa6e3a699e81e37d6af47223a80a5ddc9de79b67fe809b7d8d1,True,True,B,C,,True,True,1.0
3b,dev-esc50-0457,False,footsteps,oracle_prompt_only,2498dd37c8758107da980dfec5eb06d823d3954e50575b684f72c1f62e4a0e9a,False,True,B,B,,True,True,1.0
3b,dev-esc50-0459,True,clock_alarm,oracle_prompt_only,c09d06a669e2daefe3da586aeeded896ec004f7c1392aef9d8aca61a4de92583,True,True,C,A,,True,True,1.0
3b,dev-esc50-0462,True,train,oracle_prompt_only,9756f2e5b8e02de0bda5fe1e0f89687b888a54156a646f96e3e1a6d9407e4aa3,True,False,B,D,,True,True,1.0
3b,dev-esc50-0463,False,dog,oracle_prompt_only,c4cf24358fce2cfffcc8536982c51148d122e9156c1b723895a6ad885d08bfb0,True,True,A,C,,True,True,1.0
3b,dev-esc50-0464,True,train,oracle_prompt_only,79b6fd1f08395baf7448cb590fb217165a6634a7596197fe4968462d6f7ab95f,True,True,C,B,,True,True,1.0
3b,dev-esc50-0466,True,car_horn,oracle_prompt_only,1b005b9660b47e32a73d4ad477fcdd82f68414be3245abff2a80a61a1a755538,True,True,A,D,,True,True,1.0
3b,dev-esc50-0467,True,door_wood_knock,oracle_prompt_only,af46ae539eaea8bd8e540710a96b1e61a0df8c62e9313a7c5dbef33745b9ca1f,True,True,D,A,,True,True,1.0
3b,dev-esc50-0468,True,fireworks,oracle_prompt_only,e75bbdc8e05ba691543cb2e49429e2c2a92adb7e4948ef61073f6fdaf3d70a9e,True,True,A,B,,True,True,1.0
3b,dev-esc50-0469,True,siren,oracle_prompt_only,8caa801f3cff17634b7b5c4507db69306b9f4d50a5fa41329b4395f9724b6281,True,True,B,D,,True,True,1.0
3b,dev-esc50-0470,True,clock_alarm,oracle_prompt_only,c6eb81150c2f726d96d4f6b272e0e4fd399c20f16e4cb317bd54b2ea711d06c5,True,True,D,B,,True,True,1.0
3b,dev-esc50-0471,True,rain,oracle_prompt_only,7fc63ca490c2566c8e6625e63839474ce231704fde2a70c7693ab4bdd669e130,True,True,B,C,,True,True,1.0
3b,dev-esc50-0473,True,crow,oracle_prompt_only,81e3238c978d75e1d8390e6885f2040550ab7ceac3c319fb810889ce2949f079,True,True,A,A,,True,True,1.0
3b,dev-esc50-0474,False,glass_breaking,oracle_prompt_only,8d1f55ae98edd74f87fb934058d99fcf48acf579e6d8216f39ddd35df60e9a46,False,True,B,C,,True,True,1.0
3b,dev-esc50-0476,True,clock_alarm,oracle_prompt_only,c8f29ea35c771ef7d47a2da8d20510b2a676fa1d38510c076ba9839914c05162,True,True,C,A,,True,True,1.0
3b,dev-esc50-0477,True,train,oracle_prompt_only,e5d622d7faaef358a218e0b6fa68cd5508334c1dbf8757204d729fe672a40d77,True,True,B,D,,True,True,1.0
3b,dev-esc50-0478,True,dog,oracle_prompt_only,9a24fd315142f9e0959dee7bebd34860e117babf4db06d8d58c826afe20c267b,True,True,D,A,,True,True,1.0
3b,dev-esc50-0479,False,pig,oracle_prompt_only,ff3b7b56b7bd039c6eb0c8a8f63abd5cd7640cea1a8b57030132b1ee563013b8,True,True,B,C,,True,True,1.0
3b,dev-esc50-0001,True,siren,oracle_kv,0512cf0097ea06026cbbd0923d94a6aa4f2fbeae336f9b9c56462fdb65efe02e,True,True,A,C,,True,True,1.0
3b,dev-esc50-0002,True,fireworks,oracle_kv,82e49db9fd03d02e0745820a94d1941a9692ee99f2634ee2a0901678aecda0e0,True,True,D,B,,True,True,1.0
3b,dev-esc50-0003,True,clock_alarm,oracle_kv,a939f6f1b079143f877299610a111b549f217561acf05f3f8d4e02c8d0a267aa,True,True,B,B,,True,True,1.0
3b,dev-esc50-0004,False,fireworks,oracle_kv,4c96306a69e1051b31d54255071b3a4d9f45598c18df326d2c155adb6d65cf89,False,True,B,B,,True,True,1.0
3b,dev-esc50-0006,False,rain,oracle_kv,4416161f008fc06e18d6ad2285052cbdad3b2112f29f987a2b522e026e7b4ccb,True,True,B,A,,True,True,1.0
3b,dev-esc50-0007,False,footsteps,oracle_kv,ca91247c507a3be0abd6abdae8db8def080cdeabe77f5b5636df26bb97735027,True,True,A,B,,True,True,1.0
3b,dev-esc50-0010,True,car_horn,oracle_kv,17bd259ba7c5f364907b2abdd4c3a117541e6d2f7148d115a59fb84f066c13fe,True,True,C,C,,True,True,1.0
3b,dev-esc50-0011,True,siren,oracle_kv,eb8151794e1914ed77ac34dd91c0768e8232d12ebeacfb87ab163476c481fb83,True,True,A,A,,True,True,1.0
3b,dev-esc50-0014,True,dog,oracle_kv,35744dd704733b74c727e8799d2b7edcefd87caa8e9ca3d49c2743d3313ed87e,True,True,C,D,,True,True,1.0
3b,dev-esc50-0015,True,crying_baby,oracle_kv,9e8d8c202081221c0eeeea5e63d8921b3bb9e1f2a2d14f0d8cf1219394913393,True,True,A,D,,True,True,1.0
3b,dev-esc50-0017,True,rain,oracle_kv,9e6cd6be987ca15907674fb3463bf6bc8747ebb97fd04da62523ffbc4df1f19f,True,True,A,B,,True,True,1.0
3b,dev-esc50-0018,True,thunderstorm,oracle_kv,eee90f350ce4874f6fe9d7905e3ae6a53f05fcb91910c6714fc84ce17d907df9,True,True,D,C,,True,True,1.0
3b,dev-esc50-0020,True,glass_breaking,oracle_kv,c8ff4eadec38ef3305194d1e6896e82e297183755e6536175bc5d225650c537f,True,True,B,B,,True,True,1.0
3b,dev-esc50-0022,False,sheep,oracle_kv,c2d16d914e538f732b4e3f7368bab045ee8996cc471038f70a3516f44bf703c3,True,True,A,B,,True,True,1.0
3b,dev-esc50-0025,True,sheep,oracle_kv,64319841650d658c4ca1e92cadbcf992e62b669a84d71edac72de98836b9a0a9,True,True,C,A,,True,True,1.0
3b,dev-esc50-0026,True,crow,oracle_kv,cb7365d1763e189cb90ae07a004b9221a91501b187e6205ead854aa99d8a800e,True,True,A,D,,True,True,1.0
3b,dev-esc50-0028,True,sheep,oracle_kv,f5f8bde72c7a96b466bd84cf59c4a14e4c048cf2efd25fe03d08def659475018,True,True,B,A,,True,True,1.0
3b,dev-esc50-0029,True,pig,oracle_kv,912a3f118bec229e7c1a939e83b27b29d653bc28b22c31ff00e233aca570231b,True,True,C,B,,True,True,1.0
3b,dev-esc50-0032,True,car_horn,oracle_kv,2cf6ce99ea1a679b494226afa5fad3a5bb20f7547e53d52464794639a05c849c,True,False,C,C,,True,True,1.0
3b,dev-esc50-0033,True,rooster,oracle_kv,f9569051af8f8cd849cc1de0e1374d3968fd5ab1f29dc577b387ed7db07da60c,True,True,C,B,,True,True,1.0
3b,dev-esc50-0034,False,rooster,oracle_kv,12d5ac19b99c9eb131557179fa989c7d28ddaca5bd70ce300ee67cfaaac68a1d,True,True,C,B,,True,True,1.0
3b,dev-esc50-0037,True,thunderstorm,oracle_kv,5bd2a2e3813397f8c3993d1af6aef6c1e81ab5a4499a9785cebdb3c518eddc53,True,True,D,C,,True,True,1.0
3b,dev-esc50-0038,True,door_wood_knock,oracle_kv,93e26ca77f742fad6294dcf00ad3b049114eae12f0fffa1dd5cc9957b332f85b,True,True,D,B,,True,True,1.0
3b,dev-esc50-0039,True,footsteps,oracle_kv,571b963f6a867bda4a67006d26ed6aa1af60a249a03269fa10a7752a83336f25,True,True,B,A,,True,True,1.0
3b,dev-esc50-0041,True,airplane,oracle_kv,537d258344f2292ea2b48a068e7afc2bf249e205db28f9ebdf3ff4b98b906627,True,True,A,B,,True,True,1.0
3b,dev-esc50-0043,False,cow,oracle_kv,6c93921ba62414474d504e38d10eea06966964608d7d36b2c1073cae6e44a031,True,True,D,D,,True,True,1.0
3b,dev-esc50-0045,True,door_wood_knock,oracle_kv,605dc4029fba2085b36423ab1a3f2e2c8d872d8de0133cfa645da03e21168e62,True,True,A,B,,True,True,1.0
3b,dev-esc50-0049,True,cow,oracle_kv,aa11a756c23accd87cb1a531c23e04a59f27c2fd669f6557c0a0a0f872bd498a,True,True,D,B,,True,True,1.0
3b,dev-esc50-0055,True,airplane,oracle_kv,111d4475970d0a01c7d8c7ad53a4c1d68de07980322f596878fb0e394dd683a2,True,True,B,D,,True,True,1.0
3b,dev-esc50-0062,True,thunderstorm,oracle_kv,a21aa2c9f7131976037c511a02f8420dafd32ccd07cccf9125349c68b4a4d0ee,True,True,D,B,,True,True,1.0
3b,dev-esc50-0064,False,crying_baby,oracle_kv,6813857c0bcf916b950633416a2b1f7b14f86569658f5ea78313ee6bb5dc4b00,True,True,C,A,,True,True,1.0
3b,dev-esc50-0067,True,glass_breaking,oracle_kv,d8308f14525556839e1a641c6ad33f0394ebf1a7081e43ef2018e2520158bba3,True,True,D,C,,True,True,1.0
3b,dev-esc50-0068,True,thunderstorm,oracle_kv,1aa3bd4197e6feb5f37350b8903ad6c137b44bdbfef036b58d97de11ac560f11,True,True,A,C,,True,True,1.0
3b,dev-esc50-0073,True,footsteps,oracle_kv,67fca08ed38ee7c16c869a92812d95bb2201cdd716ff2aaf2208499a56af0f1f,True,True,C,B,,True,True,1.0
3b,dev-esc50-0077,True,thunderstorm,oracle_kv,207562b965e51145aa11cb3c14edb4d7703bc5c6878287b52f0c443e928c92de,True,True,B,D,,True,True,1.0
3b,dev-esc50-0079,True,car_horn,oracle_kv,c19fc60bf65f96367d299bd7cd5ba00e2cdc96d1555489f0324385ba3d0e5976,True,True,B,B,,True,True,1.0
3b,dev-esc50-0080,True,frog,oracle_kv,d4cf32b5cebe89bb46922d1e6e6af49979594cedd0f69b29bb04d8123de0b474,True,True,B,A,,True,True,1.0
3b,dev-esc50-0081,True,cow,oracle_kv,d02900eff2669f44e8f816d1cf14cfbc4c3beb885b019f0b91bd3e0bb10cab2d,False,True,B,C,,True,True,1.0
3b,dev-esc50-0087,False,airplane,oracle_kv,54e6a55a0617aae80aa14915417d89768a6e11ba84fcf2f0ca4e25015ced903d,True,True,B,D,,True,True,1.0
3b,dev-esc50-0088,True,glass_breaking,oracle_kv,939c41a64f103ccdad5ab43313ee4ea90453a8caba293fb365fe8890814761c8,True,True,D,D,,True,True,1.0
3b,dev-esc50-0090,True,glass_breaking,oracle_kv,5c04f188728b2269e506671a0c773eb76ca6ceed09584d12769adca3cb4e94b7,False,True,C,C,,True,True,1.0
3b,dev-esc50-0091,True,frog,oracle_kv,e090ff48d87902a44ac7ee7df6e4bf1055f221722de47de0a72c6a2825b146b0,True,True,D,A,,True,True,1.0
3b,dev-esc50-0094,True,rooster,oracle_kv,0f3f0fc1a109e93b14511bb764cda71483945dd4cc7ec209a3c2c542def337f0,True,True,B,D,,True,True,1.0
3b,dev-esc50-0096,False,cat,oracle_kv,b71f2cc6100076cf5bfeb014c03deba6a4d7e7ff3603ef110b8962b77a1cbe06,True,False,B,D,,True,True,1.0
3b,dev-esc50-0098,False,siren,oracle_kv,37b92d37d0d844d149495cfd7b63489c47ef3c8649f61f83dfd52c5e9dffaf16,True,True,C,C,,True,True,1.0
3b,dev-esc50-0101,True,car_horn,oracle_kv,df47112e7d15dbdcf701f5227dda5b929920adef775a4ea8ffddbb3343d3ce16,False,True,D,D,,True,True,1.0
3b,dev-esc50-0102,True,crow,oracle_kv,cc82282bd2f815ef692fc986c45faedb326a9ca91b76f8bb7957a5bc7587a2e7,True,True,C,B,,True,True,1.0
3b,dev-esc50-0105,True,glass_breaking,oracle_kv,92df249ffe9c16c94af83411c189ec516c07b2ea13f4e83b0c1a3bb883284234,False,True,A,B,,True,True,1.0
3b,dev-esc50-0107,False,rain,oracle_kv,391a735e7a50d9561ee5273924e58ff6d78490ece1b2b7a0d1b2438c5da210d0,True,True,B,C,,True,True,1.0
3b,dev-esc50-0108,True,airplane,oracle_kv,ad603690bc731a36b1a025112b0ffcaf7a299c0c349f9ed9f0b4cf65cb95b1aa,True,True,B,D,,True,True,1.0
3b,dev-esc50-0110,True,rooster,oracle_kv,14ec88503fbf632836ee6b7bdfcf871f69c6c842ac5c0abb7f0f3f4d2bc4aec8,True,True,C,A,,True,True,1.0
3b,dev-esc50-0111,True,cow,oracle_kv,7df8d415cf747c4560ae4801ee0ede8d8aa0ad8d5985a72e255afcf6f08d427f,True,True,D,D,,True,True,1.0
3b,dev-esc50-0112,False,cow,oracle_kv,5574cddeaca46272bebdd69b0b774e11806aa57067846072aecd0346a70ea3cd,True,True,B,C,,True,True,1.0
3b,dev-esc50-0113,True,car_horn,oracle_kv,b8725859b236e77c5a23a45ed084ba5f6eeadd4f482a37f9c4945be0f5b172e0,True,True,B,A,,True,True,1.0
3b,dev-esc50-0114,True,crying_baby,oracle_kv,0531fc37e4af8ccec011aa4f9ccb7a171d00f5ea8589ce75e66b549fdbdd3956,False,True,C,A,,True,True,1.0
3b,dev-esc50-0115,True,rooster,oracle_kv,96411d23691206bf4aaa1a72c22cb5b3152e9401ac38728b964e689bde859c1d,True,True,A,C,,True,True,1.0
3b,dev-esc50-0116,True,frog,oracle_kv,609e24769feb5c52d015a61bb0d937be5b806e3e230ccafa7c4a4d7b6b83736c,True,True,B,B,,True,True,1.0
3b,dev-esc50-0118,True,train,oracle_kv,4e50b13290fa3810306fdb409b6079cb54b01603a6c3320688675b6631b5d8b5,True,True,B,A,,True,True,1.0
3b,dev-esc50-0122,True,sheep,oracle_kv,4532af21db7570aa319a20efdb667676035350f3c8150f7f4c30604d2b078ac3,True,True,D,D,,True,True,1.0
3b,dev-esc50-0123,True,footsteps,oracle_kv,322223e7b1f6c75ab2066f43d35677da9586a3aded50cb18c1b22e7be0a34aa8,True,True,A,A,,True,True,1.0
3b,dev-esc50-0125,True,crow,oracle_kv,b143c6a95fa38d711e378442be8e081b32e4b388f9de64763f93a9d40311ae03,True,True,D,A,,True,True,1.0
3b,dev-esc50-0126,True,clock_alarm,oracle_kv,6b9ac0400f2ad4fb1809ad44b2f2c9f2ee293d552b2dec2e4871abbd34e8192b,True,True,D,B,,True,True,1.0
3b,dev-esc50-0127,True,footsteps,oracle_kv,90f2e075bfaf901c2dee5e4efb8051d2adafc09962ee456066a96e98f9a54583,True,True,B,B,,True,True,1.0
3b,dev-esc50-0128,True,rain,oracle_kv,f9dfae017f4c6bcec6bdb4271ee79e32e8051eba471667b9d7bacc1e0a579e0a,True,True,A,D,,True,True,1.0
3b,dev-esc50-0129,True,footsteps,oracle_kv,62a4c4cab7f70d189145afacee782d2547434e7cb4a3545cf00ecc0f8bd5afa6,False,True,A,D,,True,True,1.0
3b,dev-esc50-0130,True,door_wood_knock,oracle_kv,6f06df8948f0d128617804a1727178de158a0a813606ca5f38c2c753b139d44a,True,True,C,B,,True,True,1.0
3b,dev-esc50-0131,True,fireworks,oracle_kv,a2d11b8859a6a475ac4401edb49d80f3c6097dc957211f1c15a8179aef519599,True,False,D,C,,True,True,1.0
3b,dev-esc50-0134,True,airplane,oracle_kv,4b6658a3ee0d717109ec83872dc5d7ac638cd9d90cc75032d3563165b32a7357,True,True,B,C,,True,True,1.0
3b,dev-esc50-0136,True,frog,oracle_kv,e42d38380617f174766c7a688858ec22bb8768bdfe996e36e309c7053daa601d,True,True,B,D,,True,True,1.0
3b,dev-esc50-0137,True,pig,oracle_kv,3c9d65fe65d47b669671098796466786fa42c308bdf06e1347023a925195f616,True,True,D,B,,True,True,1.0
3b,dev-esc50-0139,True,cat,oracle_kv,2497dd2032d4d0841ed4478b308687797dc2c6251630eaa02712dc660559792c,False,True,B,B,,True,True,1.0
3b,dev-esc50-0141,False,footsteps,oracle_kv,082b6b3feb9bd698dab7d0f8b4af957a5fd9e8ea498b06e6f3d68d31618f0037,False,True,A,D,,True,True,1.0
3b,dev-esc50-0144,True,train,oracle_kv,1470dff153d11555f130257569e024fa0436b3bcb3c522c43059a928508f570a,True,True,A,D,,True,True,1.0
3b,dev-esc50-0145,True,dog,oracle_kv,93e71f9679a4f6d4d29059b9876358eff8cb0307a07e4cd885d783edad523b47,True,True,C,C,,True,True,1.0
3b,dev-esc50-0146,True,cat,oracle_kv,c38e308a611ffa4e33095b67b995b73c635e996a7890770a96f7a622f16ab2bb,True,True,A,D,,True,True,1.0
3b,dev-esc50-0147,True,dog,oracle_kv,638eb2509169de36c0766b551781139a496e5a74bf56e541808380b857dd5a6a,True,True,A,C,,True,True,1.0
3b,dev-esc50-0149,True,sheep,oracle_kv,e217b42e11bacfe0074dcff0ebda5ffcfa32f494d4ebb0d12659713abba757c0,True,True,A,C,,True,True,1.0
3b,dev-esc50-0154,True,cat,oracle_kv,ed9ee0cafa5f0839a914fba3edf5b8b0aae37aa10b9b080bd269b3088091d738,True,True,B,A,,True,True,1.0
3b,dev-esc50-0156,True,dog,oracle_kv,cdd921834eea6f9d8fcab695b125d3ce5d9b04a00b00ebb96263361987e8ab66,True,True,B,A,,True,True,1.0
3b,dev-esc50-0157,True,siren,oracle_kv,31bdead7bd55b06643714eb6c42d95b11c7c7bfb25c473a47df215456ad9f112,True,True,B,A,,True,True,1.0
3b,dev-esc50-0158,True,frog,oracle_kv,c314a542ad07dbfba191837a87ef6d340402ffd3fb96a9ce1812b62ac5abccf8,True,True,A,B,,True,True,1.0
3b,dev-esc50-0160,True,car_horn,oracle_kv,e4ad3868549e9640b29a8ea01411b71b566f5f7546a0575a3bb1c8765f5a9a58,True,True,A,C,,True,True,1.0
3b,dev-esc50-0161,False,cow,oracle_kv,7beb9c4e4333bba879f229e0cedb48a955115145c49a08aa34b766b3d4e3be87,True,True,B,D,,True,True,1.0
3b,dev-esc50-0164,True,siren,oracle_kv,32cd7450628d21099f34ff4b5a5785ef1ebed2fc199ceab27378b938ff0f8f3c,True,True,C,B,,True,True,1.0
3b,dev-esc50-0165,False,cat,oracle_kv,59b68770d5b232991e85f98543b179eed602df73b9e86b0fe495722113d3d4e6,False,True,B,A,,True,True,1.0
3b,dev-esc50-0166,True,frog,oracle_kv,1f4203186ad16e6668233f0472db43681728a64513921d7a9061e60066d417f6,True,True,D,C,,True,True,1.0
3b,dev-esc50-0173,True,siren,oracle_kv,e151399d3d17bc96e144ac32fbea8a54d5d4d8f219d57bf2b8bde3933b54f1dc,True,True,D,B,,True,True,1.0
3b,dev-esc50-0174,True,train,oracle_kv,aa60151700f9de57c85d67e10b0ee585fb5087f9c1e0d0672a511d0fae372fa5,True,True,D,B,,True,True,1.0
3b,dev-esc50-0175,True,pig,oracle_kv,d9156672422b7be9099769774287369559c86bbda10a833b0d1eb8e4ae508181,True,True,D,B,,True,True,1.0
3b,dev-esc50-0176,True,thunderstorm,oracle_kv,1f25d7158a74edf7aac6e212e7169f6fc36ef1d5b9611fee51c7ea1349f503cd,True,True,A,A,,True,True,1.0
3b,dev-esc50-0177,True,thunderstorm,oracle_kv,4aacb888b5adafc4730a30001bcb45275b0a63569f75e598015fb89f69e8c9fa,True,True,B,A,,True,True,1.0
3b,dev-esc50-0180,True,frog,oracle_kv,7361d5500fc98de1d2bb9308da2504e4f33c87d37b77b6f381e1a98c6ce0e4a8,True,True,B,A,,True,True,1.0
3b,dev-esc50-0181,False,sheep,oracle_kv,3fdef47f4a2846c88c37630c00b9f8798c71c4be6aa983033abdb59d8b5dba74,True,True,C,D,,True,True,1.0
3b,dev-esc50-0183,True,footsteps,oracle_kv,12b7dba9ced63956831d80920b305c39de172d92982fb29b1bf42e006241f2e1,True,True,B,A,,True,True,1.0
3b,dev-esc50-0186,True,car_horn,oracle_kv,4260a0fe48940328190416d63b654f4e1c3a5ac8bd42a894e65b403270ab6302,True,True,C,B,,True,True,1.0
3b,dev-esc50-0188,True,clock_alarm,oracle_kv,b517cc28f5690df343532acda0c87cfe568788305cb63472c0a35b22c82d3225,True,True,D,B,,True,True,1.0
3b,dev-esc50-0189,True,cow,oracle_kv,57e666155ffc193e4087b7e08dcb61e5f2198e8d9b80393a8789a545b712acef,True,True,B,D,,True,True,1.0
3b,dev-esc50-0191,True,dog,oracle_kv,21ca8b4a1e86a34b618e7cfe9a15a4475509a73452aea630171b5baadde9daf6,True,True,A,A,,True,True,1.0
3b,dev-esc50-0192,True,clock_alarm,oracle_kv,59d2bb59f2e51aec66c7b378afa7d829665aa119c769180d05b477543f9b432b,True,True,A,A,,True,True,1.0
3b,dev-esc50-0196,False,airplane,oracle_kv,7f2d91f842683c0659e89418d39fe4ec941967b809c9bae5148974224a39effa,True,True,D,B,,True,True,1.0
3b,dev-esc50-0198,False,cat,oracle_kv,43d4168bd6dfb13d9a38ac7f6b64f6c977bba97b13652e7d62188ae69c2dc721,False,True,B,A,,True,True,1.0
3b,dev-esc50-0200,True,thunderstorm,oracle_kv,7043fe5f708a436e3566596d675a169e576fa0774c1a88c33e00f4cc18d5fdd1,True,True,B,A,,True,True,1.0
3b,dev-esc50-0201,False,glass_breaking,oracle_kv,0d8dd074a797f988ed3b8c40b37214f773c5a927ad8f9a161946e36182dc85f0,False,True,A,C,,True,True,1.0
3b,dev-esc50-0202,False,door_wood_knock,oracle_kv,60c98f9218132088cb536b9983527794793c521e6c624f7459fe13fd42fe4a05,False,True,B,D,,True,True,1.0
3b,dev-esc50-0204,False,siren,oracle_kv,fb2a1b1b201579ccc88b71199e3d022f7800b1a63cd60c64e88796df6f19942f,True,True,A,C,,True,True,1.0
3b,dev-esc50-0206,False,rain,oracle_kv,673730f056a60e39761f265565e5321d32d7d4eba6f8ba80df3035340fbc9d9a,True,True,C,A,,True,True,1.0
3b,dev-esc50-0207,True,thunderstorm,oracle_kv,a4f1807e6cb82457569a7a99566ccf580111b2df8559a6f2d8cf027f517c147c,True,True,C,A,,True,True,1.0
3b,dev-esc50-0208,False,rain,oracle_kv,fb2dee564985e99593dc9ff5b0bcec0647692b338489c243fde7f07a5fb243ae,True,True,A,A,,True,True,1.0
3b,dev-esc50-0212,True,dog,oracle_kv,be92ea8291bcae6d11eab75a75db8ee9ff6fbea9354b62760cfb9af1c962c292,True,True,D,A,,True,True,1.0
3b,dev-esc50-0213,True,glass_breaking,oracle_kv,1d160edf6bd29550dacb4d90b5d39dde687a8951a0de2924946ae6bb2ee44d17,False,True,B,B,,True,True,1.0
3b,dev-esc50-0219,True,sheep,oracle_kv,24f49bfccec6c22a8dcf76a29e4712beef9a3c9bca2d5c4dc1ff752b67a48ec6,True,True,D,C,,True,True,1.0
3b,dev-esc50-0221,True,sheep,oracle_kv,931e47058308c2710c69acbbb32a4d87d9581ec2c724acdbe3a6acbae7ae9cf4,False,True,B,C,,True,True,1.0
3b,dev-esc50-0222,True,airplane,oracle_kv,097e10ce3bdd3b7d5c3fbcfde9668c9b2ad07aea1e29078cce82eb2d443d9dc6,True,True,A,B,,True,True,1.0
3b,dev-esc50-0229,False,cow,oracle_kv,60ec6de839dd507a888be98afee05a9fcd94d4ce91e5d4660a77126e2b791b19,False,True,B,B,,True,True,1.0
3b,dev-esc50-0230,True,cat,oracle_kv,7d8978baac9329ec065c638b00ab9bf97aef70e8dc75d23917a0e0de943c2c89,True,True,D,B,,True,True,1.0
3b,dev-esc50-0233,True,door_wood_knock,oracle_kv,e56d608b73ca66733e94def000204743b0545c2a15b9de4c4154a8b89ce44839,True,True,A,D,,True,True,1.0
3b,dev-esc50-0234,True,siren,oracle_kv,732ba6d31f82cda56323f48504e7af1682b89c96c147f8761c067fa9c449f446,True,True,A,A,,True,True,1.0
3b,dev-esc50-0235,False,sheep,oracle_kv,3c0be83a9b81dc0a2753a23d8ddf6aca276a4d20dafcba2d9794f4392ffcc16a,True,True,D,C,,True,True,1.0
3b,dev-esc50-0237,False,airplane,oracle_kv,8f303d72cc6624b5e57d2c08413b56d1805af15a4c08ec6eec6f3b854902054d,True,True,A,C,,True,True,1.0
3b,dev-esc50-0238,True,car_horn,oracle_kv,08d962114059e0ddcbdf7e31e7382c663532c21dcf0394ba29ebcbdf7a0cab56,True,True,A,C,,True,True,1.0
3b,dev-esc50-0239,False,car_horn,oracle_kv,4ceb2032aa2df5da280434dfde7b2a9cc15c82dd9ad23b616259debd575fd8eb,False,True,D,D,,True,True,1.0
3b,dev-esc50-0241,True,clock_alarm,oracle_kv,5799ac9ab9e1967aecf0e17bd2de16bf116e37afadfb40a323a398d292f45bbd,True,True,C,A,,True,True,1.0
3b,dev-esc50-0243,True,crying_baby,oracle_kv,26deef24311e8213bef31107697acaa9b4bba681f947dbc6a2723437b705aa94,False,True,B,A,,True,True,1.0
3b,dev-esc50-0249,True,cow,oracle_kv,363369a9b8f760bbbc84baf5fe44432cb898ad9d0096bfe171e3e3299c732ebb,True,True,D,A,,True,True,1.0
3b,dev-esc50-0252,True,crow,oracle_kv,931bd5661895929ba71ca491c06465eb60a6e55a3c7290689ed00764d3617834,True,True,C,A,,True,True,1.0
3b,dev-esc50-0254,True,clock_alarm,oracle_kv,8cc54a093d209c1bb935ef80473c7c4c8e1e3c7dc8dd1c4eeb406620f8031bbe,True,True,A,A,,True,True,1.0
3b,dev-esc50-0255,True,footsteps,oracle_kv,a85a2fa006c213ea8f481f8c2525cbb2f01d4126158ead6ce0e8564f570e0df7,True,True,A,D,,True,True,1.0
3b,dev-esc50-0258,True,crying_baby,oracle_kv,deef8ac5a222eae072836c522287f3b5e83cb0630c65626cff8f69deb60fe034,True,True,D,A,,True,True,1.0
3b,dev-esc50-0260,False,cow,oracle_kv,55e2b40e075a5c600068898d980af6266c8bb1c0848fcee6aa58324f0af1469e,True,True,C,D,,True,True,1.0
3b,dev-esc50-0261,True,door_wood_knock,oracle_kv,e97385031e64abef3fef4b624cc7722f9b271dcea6e513b72decb0b9fa8c881c,False,True,B,A,,True,True,1.0
3b,dev-esc50-0264,True,siren,oracle_kv,f01a4b14f39c47575b9b41c41f0da9fc2bc12961a09bd79d60456283587745db,True,True,B,A,,True,True,1.0
3b,dev-esc50-0266,True,door_wood_knock,oracle_kv,f8071619406948838777048e2e52d43e337a0c5fc4cafa51589edfbefd85fe58,True,True,B,B,,True,True,1.0
3b,dev-esc50-0267,False,train,oracle_kv,c078f02f379909df8d0475c681ee0c68c2f1c7b60e7b97e3c86dd22eb80a35a5,False,True,B,B,,True,True,1.0
3b,dev-esc50-0269,True,cow,oracle_kv,622e0db6d32afde0d899be500fc0f4c8518abe942bfadaf4bbfbd4b5803a6a47,True,True,C,B,,True,True,1.0
3b,dev-esc50-0270,True,footsteps,oracle_kv,33d999107d7cbdc27f99f3a3ce8231a39daebe414c2fe16e93a1d987a340f3d3,True,True,B,C,,True,True,1.0
3b,dev-esc50-0271,False,door_wood_knock,oracle_kv,3fc807ebdcb349988b63500c74db03cca728207de5278cdd44ff5b04eecf8853,True,True,A,B,,True,True,1.0
3b,dev-esc50-0272,False,pig,oracle_kv,561b9ff6eacbdd1bb942b263eb20c6c6658c2a037a89cd45b5f39b1f122d4fa5,True,True,A,C,,True,True,1.0
3b,dev-esc50-0275,True,cat,oracle_kv,39d2f894b55d8b5d8aef7dbdd6c8f05af73dbae82f93d9a05f206a41fd28de40,True,True,A,C,,True,True,1.0
3b,dev-esc50-0276,True,door_wood_knock,oracle_kv,1b38046a525a8bb284d1035a705766ae3114794365fa8dc338e75d1fd33b3466,True,True,B,C,,True,True,1.0
3b,dev-esc50-0277,False,cat,oracle_kv,78a2c940c954e16968b4a5c163c85221664687415df4ff674affd7e1a54a24ac,False,True,B,D,,True,True,1.0
3b,dev-esc50-0280,True,airplane,oracle_kv,64fef354784950ea7952757224bb3d276989ffa7c962d88cf4d03b1a62bf48a8,True,True,A,A,,True,True,1.0
3b,dev-esc50-0281,True,train,oracle_kv,398538eecc9fb12725e2de8fb7ce6258b3da1a3a4347a5e5d57e7ce3d8f6104b,True,True,A,B,,True,True,1.0
3b,dev-esc50-0282,True,crow,oracle_kv,603ddf0ed9cd14143e1cb23aa41516387040daf29622f19969c9717fdc28f076,True,True,C,A,,True,True,1.0
3b,dev-esc50-0284,True,cat,oracle_kv,85ec8aa5c0bb599c05b9678a43559baf1673de6795a052040232b8faa725eff6,True,True,A,B,,True,True,1.0
3b,dev-esc50-0285,False,fireworks,oracle_kv,6eaee071e37641e0b771f4e01d67c8114a4e8c1d57631cf50815e1d2b9950365,True,True,C,B,,True,True,1.0
3b,dev-esc50-0287,True,cat,oracle_kv,467baaadb314ae01779355f8fd47d7d46f8097f04430afdd4282dc857d84178d,True,True,B,D,,True,True,1.0
3b,dev-esc50-0297,True,rain,oracle_kv,e29023abb7798f0e0a9c86b37de39ca0383039873e736da4e9d733b83da1efea,True,True,D,C,,True,True,1.0
3b,dev-esc50-0298,False,train,oracle_kv,134d20b4a0bc6898b1b8a08e3b816ffd547538bb0ff61644c15d47d8c0fc92f1,True,True,A,B,,True,True,1.0
3b,dev-esc50-0300,True,airplane,oracle_kv,fb0232a485f1d7fdd830a954848618080907e8d869df195173452511d3991aef,True,True,A,C,,True,True,1.0
3b,dev-esc50-0301,False,pig,oracle_kv,50fd03087c5c159fde76ce9b6f12bb98880a35df68d75a83c0fe695ed9115297,False,True,B,A,,True,True,1.0
3b,dev-esc50-0303,True,cow,oracle_kv,a57a8a62860a08ab82823228ca624a01b7873a38fcb6a8d3de68f87f4c26d70c,True,True,A,A,,True,True,1.0
3b,dev-esc50-0304,True,crow,oracle_kv,62a64e3b5ca9417dd915a72219e2f159d1d12246f2d00b8b3a504a9660706b11,False,True,B,D,,True,True,1.0
3b,dev-esc50-0306,True,glass_breaking,oracle_kv,bdaf8b574abaff3ee30f244b6d17db0a02fd7b6ae2535f1e969bd4a32e3d62ab,True,True,B,D,,True,True,1.0
3b,dev-esc50-0308,False,frog,oracle_kv,cd8c3f0c6b17f28d3b37d9a3a3e231005069a1545188fceb46b1c7d7183adcde,False,True,B,C,,True,True,1.0
3b,dev-esc50-0315,True,sheep,oracle_kv,f691e810e549504a7113ceb5376eed932cb2fb2dc4f025742023cc4f1e2cc3a4,True,True,D,A,,True,True,1.0
3b,dev-esc50-0316,True,crow,oracle_kv,b4c71324835f196ca78a65ef4b7986b68f8a209ab4fba6f3792ba01413f6500f,True,True,D,A,,True,True,1.0
3b,dev-esc50-0323,False,train,oracle_kv,33b5b526d10692c7b8ecabdedeff8145ab51839cd6d2b3414ef15665bf1fa86b,True,True,A,A,,True,True,1.0
3b,dev-esc50-0324,False,crying_baby,oracle_kv,deabc87cb7ad3e322d46f1433f44dfe67b644e43d99e4345d6ae32297fc187ab,False,True,C,A,,True,True,1.0
3b,dev-esc50-0325,True,pig,oracle_kv,bcc45b97a77d93805c5825569ca6e17f02b084f6146d0b1251e4e43b4670b8c7,False,True,B,A,,True,True,1.0
3b,dev-esc50-0327,True,crow,oracle_kv,f879b875448f290fe2954d5fd087c7b80666e53f60d525156889b12af88274f5,True,True,D,C,,True,True,1.0
3b,dev-esc50-0329,False,pig,oracle_kv,ff8ab964e237f0b3bd1923f788dfaeaeea7406ca8bdbfc72665c38c52e7c921a,False,True,A,A,,True,True,1.0
3b,dev-esc50-0330,True,clock_alarm,oracle_kv,91cf8eb3e99f7aebeb9c073417e880a37fe74ad687db5f6a53181dbf1d8fc5a3,False,True,A,A,,True,True,1.0
3b,dev-esc50-0332,True,crying_baby,oracle_kv,ddec0eb42a18930e8b195f172effb2250cda48c552992ba34018913e98a9466e,True,True,B,C,,True,True,1.0
3b,dev-esc50-0334,True,cat,oracle_kv,052c9b74aba3e49e10603b0649372955c7035cce7727b825c196bc8a555d15a7,True,True,D,B,,True,True,1.0
3b,dev-esc50-0336,True,dog,oracle_kv,83c00ecaf2ca38838549ae96f04b40d5da0a13f9e3fffcb2bab3bd41eb5611de,True,True,D,A,,True,True,1.0
3b,dev-esc50-0337,True,rooster,oracle_kv,071a5f3a1268372dfba290b2ac2d1552e8bb604652c251dffd0a80a9c650407d,True,True,B,A,,True,True,1.0
3b,dev-esc50-0341,True,train,oracle_kv,78d4c1f25068f3e1bb067dd3c64253057fb97834909fbcf80bda450ac6ed777e,True,False,B,C,,True,True,1.0
3b,dev-esc50-0342,False,frog,oracle_kv,4ea91e42e5412847ed59f8f76eebd8e66c2724e3d944b64c71da2d32e4bf76f7,True,True,A,D,,True,True,1.0
3b,dev-esc50-0343,True,sheep,oracle_kv,82ee656716f49c3b88c5622545cb5397f8c5c415809698d787991e3806ceecd4,True,True,D,C,,True,True,1.0
3b,dev-esc50-0344,True,cat,oracle_kv,84c7337eefd1c9cab84b43211a370e380ba4706472d3a3935b779b948f22155b,True,True,D,C,,True,True,1.0
3b,dev-esc50-0345,True,glass_breaking,oracle_kv,c90d8bfaeb2f4ae0d11266657e3530c296cdee33d6b10417d24fc2dfaef6a42b,False,True,B,B,,True,True,1.0
3b,dev-esc50-0346,True,airplane,oracle_kv,76c0196cfdbb1ab337507e7a3e2e8c78c6014b6c4aac4dad7128983dafcb5a71,True,True,A,A,,True,True,1.0
3b,dev-esc50-0349,False,airplane,oracle_kv,82b24799cc72012b59eaa02deb0beb87045337581a08e5b013155573ed5349c0,False,False,B,A,,True,True,1.0
3b,dev-esc50-0353,True,thunderstorm,oracle_kv,b6d3d9b922a7249f9e971b571eaa34b3b594d4823cd79c923f7059f9c7436fab,False,True,B,B,,True,True,1.0
3b,dev-esc50-0354,True,siren,oracle_kv,63435c2b26a1f97813414a9784362f6d21c2e702cd69a7b5fae9ff1a25523c5f,True,True,C,B,,True,True,1.0
3b,dev-esc50-0355,True,rooster,oracle_kv,c7361f264ba693f5a8fa80ba7bedacb9ed7b3277efdffd59ec46688b1cca15c5,True,False,A,D,,True,True,1.0
3b,dev-esc50-0362,False,fireworks,oracle_kv,24b390673d959cb12bdbea58137f779e0f34f8a58d64033f7276fd66d5322faa,False,True,B,A,,True,True,1.0
3b,dev-esc50-0365,False,sheep,oracle_kv,92971f306297ce907996cdd85167629d6abc2a9becfa480b798dfd00d8280eb4,True,True,D,C,,True,True,1.0
3b,dev-esc50-0367,True,rooster,oracle_kv,05859cd01984026513c4675da5045935f7006e1cf11348dfaa6447f3a3cc8598,True,True,D,D,,True,True,1.0
3b,dev-esc50-0368,True,airplane,oracle_kv,ed58630afbe17a477a1265e88db56a716c783377e735a44be66f4feec5beddec,True,True,D,D,,True,True,1.0
3b,dev-esc50-0369,True,rooster,oracle_kv,39730431f05af8f90b95c03a3cefec329e18ca3861709c8186e21a84c40e80ae,True,True,A,C,,True,True,1.0
3b,dev-esc50-0370,False,crow,oracle_kv,facb453af9ac2538b95c46f38472418602d43f3a65d07558ddd86e05c6c9e274,True,True,D,B,,True,True,1.0
3b,dev-esc50-0371,True,clock_alarm,oracle_kv,755a085a8e91db3c8fae239c1ba18552f80c970e5a50f70ddd15bfce97dbfdb2,True,True,C,A,,True,True,1.0
3b,dev-esc50-0375,True,crying_baby,oracle_kv,bb6bf8d64c6a61550996039eca4c1c2e4b00548043bcea9a75f96a4d7d24b5fc,False,True,B,D,,True,True,1.0
3b,dev-esc50-0377,False,airplane,oracle_kv,a0989d902f1c3fa11c41ac022d9c0b323c7d4f2030cf954593e749675c9f154e,True,True,A,C,,True,True,1.0
3b,dev-esc50-0378,True,clock_alarm,oracle_kv,a18d09cb007c0851a65060e3a125f6afb9a81ff6eb35773ba03c0da30c6ba841,True,True,B,B,,True,True,1.0
3b,dev-esc50-0379,True,crying_baby,oracle_kv,d769b28a080fc55dc16df08b45f87b86cd545c45c0390de57d649e4b27b01e76,True,True,C,A,,True,True,1.0
3b,dev-esc50-0381,True,clock_alarm,oracle_kv,3dff1d5a5566eec5681a6dba73bb6879a2b9cac9f910ad419a2086191ba9123c,False,True,B,A,,True,True,1.0
3b,dev-esc50-0383,True,pig,oracle_kv,b4d6001194c50f46806835759f467e4f6e0195163a27fe1fc2c6090f43c47ee6,True,True,B,C,,True,True,1.0
3b,dev-esc50-0386,True,crying_baby,oracle_kv,05115891331a2d2eb1d4b07fd3355d83d7117318aab1371622510b22784db5f3,False,True,B,A,,True,True,1.0
3b,dev-esc50-0387,True,cat,oracle_kv,8f368808943352cdbb5eafd9b8a21ba4dee832742699aae043c5ab185522383f,True,True,A,C,,True,True,1.0
3b,dev-esc50-0390,True,door_wood_knock,oracle_kv,e63d29dfe7310818203c0a3311cd9084685aed08998b25f2ded25e2baf22495d,True,True,A,C,,True,True,1.0
3b,dev-esc50-0391,True,crying_baby,oracle_kv,2723129a0ef3facec4edab0f57c0c69f8850fd1bac9a12a05efc9f4ef5e11607,True,True,D,D,,True,True,1.0
3b,dev-esc50-0392,True,siren,oracle_kv,17a9b4aeb83ede02e3494b14ea97fc1665e4bee5de87b597a1679e07c49ae51d,True,True,A,A,,True,True,1.0
3b,dev-esc50-0393,True,car_horn,oracle_kv,5c004d3ca6c1acf9c08f7d38ca5b6632078af1789e735005d3a56abee6fd7749,False,True,A,D,,True,True,1.0
3b,dev-esc50-0396,False,siren,oracle_kv,02648afa5674cca063dbb9b1da039e512ccc2e39a3ee9828993698273581db80,True,True,A,A,,True,True,1.0
3b,dev-esc50-0399,False,thunderstorm,oracle_kv,ced2a8af1dc1c32a4d13b000ac40a088694d2f6dd845902ad321f42df2c896d7,False,True,C,D,,True,True,1.0
3b,dev-esc50-0400,True,rain,oracle_kv,645562bf158991962ff480827e5dee2d5576f9c0fd823d001825902c625e566f,True,True,B,C,,True,True,1.0
3b,dev-esc50-0402,True,thunderstorm,oracle_kv,57f3ec266ccb3e3aef4963221d0aa3e738970881284fcbdb76997b0492cda116,True,True,A,B,,True,True,1.0
3b,dev-esc50-0403,True,door_wood_knock,oracle_kv,893d4a9c2b387cf5401110e6373156ccdb0bc6b120333067a23ec1db81ef57d1,True,True,A,C,,True,True,1.0
3b,dev-esc50-0406,False,pig,oracle_kv,461655b65eb1d21ec6f3700aa39444f4a45003ee689079ab4b8c89fb08d6d2fc,True,True,A,D,,True,True,1.0
3b,dev-esc50-0409,True,airplane,oracle_kv,0462efe7b309b7ab6dee26b2b141e623f7eeb2e622dcb40c582a3f4f3b6e079d,True,True,A,B,,True,True,1.0
3b,dev-esc50-0411,True,fireworks,oracle_kv,ef4c8d1ebb458151ec2b1a93cf1711f93e8e3a1e521de8a4a336ffbec01e05bc,True,True,D,B,,True,True,1.0
3b,dev-esc50-0414,True,train,oracle_kv,6fa070d6a7fd01a0e37c2d98facd58704b6a62396b3ef454c49f2dc8055bd7b7,True,True,D,A,,True,True,1.0
3b,dev-esc50-0418,True,glass_breaking,oracle_kv,52528f041fe4e6734f31d8b0598090cec0f98f1c8f760b24fbc929d6ee63591b,True,True,B,B,,True,True,1.0
3b,dev-esc50-0419,False,door_wood_knock,oracle_kv,b447917c0c3b42e177514046a95090a1ea90f5867bd43beab9ffe3edd2d1a34b,True,True,A,D,,True,True,1.0
3b,dev-esc50-0421,False,thunderstorm,oracle_kv,af48055b2d411d6dbc3d4031c13ba6f37747ed57a9c08d1c4098c1c9b8e10a5c,True,True,C,C,,True,True,1.0
3b,dev-esc50-0423,True,cat,oracle_kv,3c7760b71b5d8695dfb380bb28ede932c1a301326478405f49efcb24888858f2,True,True,A,D,,True,True,1.0
3b,dev-esc50-0425,True,fireworks,oracle_kv,b851fe0e3bb0f5f201d6adde1e5aba4b864222f197f518c5d686a0b5397cb9b5,False,True,D,C,,True,True,1.0
3b,dev-esc50-0426,True,footsteps,oracle_kv,b6f4da0d362a7192c2d6af7516069a883715b6eacf7b4b3e624c3cdbae7890de,True,True,D,C,,True,True,1.0
3b,dev-esc50-0431,True,pig,oracle_kv,b201fa5ad4e05bce1e5c88c66f4bd3040786e56688f404b1c65bd9c60720efe4,True,True,A,D,,True,True,1.0
3b,dev-esc50-0433,True,fireworks,oracle_kv,7cf91d5bb417ada604d50d11949d99c1ce1bd0d4a914e42669fa3eb0ff4e74a7,True,True,D,B,,True,True,1.0
3b,dev-esc50-0435,True,thunderstorm,oracle_kv,1a1b698be1e598f8dc46a73ac264b25778b67fca6209e30c78f211aaf41f1e41,True,True,A,B,,True,True,1.0
3b,dev-esc50-0438,True,pig,oracle_kv,c07771910493ed23a1768c5ff312ca7fb1b9d9f9154da31849545aa936da618c,True,True,B,B,,True,True,1.0
3b,dev-esc50-0440,True,thunderstorm,oracle_kv,b5001798deb3a305341ef5441f38d905f1929263b838080d81f1f110d70a9ad3,True,True,D,A,,True,True,1.0
3b,dev-esc50-0443,True,cat,oracle_kv,28714cf43211e0d615d4d928d9377f5f9e34d2b35c5a471af681290e99a7c17f,True,False,B,C,,True,True,1.0
3b,dev-esc50-0445,True,train,oracle_kv,80a1783eb3767675a0e3d8df97a64c203bee5a43d56f450e2666a965e103b21e,False,True,B,A,,True,True,1.0
3b,dev-esc50-0446,True,rooster,oracle_kv,ef210d7071373b7c80039fc643a1325629ce71476c2b2076a935e541a32d8cb4,True,True,B,D,,True,True,1.0
3b,dev-esc50-0449,True,rain,oracle_kv,66b4bfd77adc082a6ed7104f09b250254d2174d6a6fe9cad24591c6c41fe6f0e,True,True,A,D,,True,True,1.0
3b,dev-esc50-0450,True,fireworks,oracle_kv,36361f06f6390390ed21cdccdd2a0b3abafb85fc737a14b1b02799a9f983d437,True,True,A,B,,True,True,1.0
3b,dev-esc50-0453,True,airplane,oracle_kv,55641fcbec7eeaa6e3a699e81e37d6af47223a80a5ddc9de79b67fe809b7d8d1,True,True,B,C,,True,True,1.0
3b,dev-esc50-0457,False,footsteps,oracle_kv,2498dd37c8758107da980dfec5eb06d823d3954e50575b684f72c1f62e4a0e9a,False,True,B,B,,True,True,1.0
3b,dev-esc50-0459,True,clock_alarm,oracle_kv,c09d06a669e2daefe3da586aeeded896ec004f7c1392aef9d8aca61a4de92583,True,True,C,A,,True,True,1.0
3b,dev-esc50-0462,True,train,oracle_kv,9756f2e5b8e02de0bda5fe1e0f89687b888a54156a646f96e3e1a6d9407e4aa3,True,False,B,D,,True,True,1.0
3b,dev-esc50-0463,False,dog,oracle_kv,c4cf24358fce2cfffcc8536982c51148d122e9156c1b723895a6ad885d08bfb0,True,True,A,C,,True,True,1.0
3b,dev-esc50-0464,True,train,oracle_kv,79b6fd1f08395baf7448cb590fb217165a6634a7596197fe4968462d6f7ab95f,True,True,C,B,,True,True,1.0
3b,dev-esc50-0466,True,car_horn,oracle_kv,1b005b9660b47e32a73d4ad477fcdd82f68414be3245abff2a80a61a1a755538,True,True,A,D,,True,True,1.0
3b,dev-esc50-0467,True,door_wood_knock,oracle_kv,af46ae539eaea8bd8e540710a96b1e61a0df8c62e9313a7c5dbef33745b9ca1f,True,True,D,A,,True,True,1.0
3b,dev-esc50-0468,True,fireworks,oracle_kv,e75bbdc8e05ba691543cb2e49429e2c2a92adb7e4948ef61073f6fdaf3d70a9e,True,True,A,B,,True,True,1.0
3b,dev-esc50-0469,True,siren,oracle_kv,8caa801f3cff17634b7b5c4507db69306b9f4d50a5fa41329b4395f9724b6281,True,True,B,D,,True,True,1.0
3b,dev-esc50-0470,True,clock_alarm,oracle_kv,c6eb81150c2f726d96d4f6b272e0e4fd399c20f16e4cb317bd54b2ea711d06c5,True,True,D,B,,True,True,1.0
3b,dev-esc50-0471,True,rain,oracle_kv,7fc63ca490c2566c8e6625e63839474ce231704fde2a70c7693ab4bdd669e130,True,True,B,C,,True,True,1.0
3b,dev-esc50-0473,True,crow,oracle_kv,81e3238c978d75e1d8390e6885f2040550ab7ceac3c319fb810889ce2949f079,False,True,D,A,,True,True,1.0
3b,dev-esc50-0474,False,glass_breaking,oracle_kv,8d1f55ae98edd74f87fb934058d99fcf48acf579e6d8216f39ddd35df60e9a46,False,True,B,C,,True,True,1.0
3b,dev-esc50-0476,True,clock_alarm,oracle_kv,c8f29ea35c771ef7d47a2da8d20510b2a676fa1d38510c076ba9839914c05162,True,True,C,A,,True,True,1.0
3b,dev-esc50-0477,True,train,oracle_kv,e5d622d7faaef358a218e0b6fa68cd5508334c1dbf8757204d729fe672a40d77,True,True,B,D,,True,True,1.0
3b,dev-esc50-0478,True,dog,oracle_kv,9a24fd315142f9e0959dee7bebd34860e117babf4db06d8d58c826afe20c267b,True,True,D,A,,True,True,1.0
3b,dev-esc50-0479,False,pig,oracle_kv,ff3b7b56b7bd039c6eb0c8a8f63abd5cd7640cea1a8b57030132b1ee563013b8,True,True,B,C,,True,True,1.0
3b,dev-esc50-0001,True,siren,prompt_only,0512cf0097ea06026cbbd0923d94a6aa4f2fbeae336f9b9c56462fdb65efe02e,True,True,A,C,,False,False,0.18019519249344557
3b,dev-esc50-0002,True,fireworks,prompt_only,82e49db9fd03d02e0745820a94d1941a9692ee99f2634ee2a0901678aecda0e0,True,True,D,B,,False,False,0.15665073999518908
3b,dev-esc50-0003,True,clock_alarm,prompt_only,a939f6f1b079143f877299610a111b549f217561acf05f3f8d4e02c8d0a267aa,True,True,B,B,,False,False,0.1914822891181789
3b,dev-esc50-0004,False,fireworks,prompt_only,4c96306a69e1051b31d54255071b3a4d9f45598c18df326d2c155adb6d65cf89,True,True,A,B,,False,False,0.15695030448646266
3b,dev-esc50-0006,False,rain,prompt_only,4416161f008fc06e18d6ad2285052cbdad3b2112f29f987a2b522e026e7b4ccb,True,True,B,A,,False,False,0.17494781952859262
3b,dev-esc50-0007,False,footsteps,prompt_only,ca91247c507a3be0abd6abdae8db8def080cdeabe77f5b5636df26bb97735027,True,True,A,B,,False,False,0.18080239280373206
3b,dev-esc50-0010,True,car_horn,prompt_only,17bd259ba7c5f364907b2abdd4c3a117541e6d2f7148d115a59fb84f066c13fe,True,True,C,C,,False,False,0.224317933284108
3b,dev-esc50-0011,True,siren,prompt_only,eb8151794e1914ed77ac34dd91c0768e8232d12ebeacfb87ab163476c481fb83,True,True,A,A,,False,False,0.18914164394984126
3b,dev-esc50-0014,True,dog,prompt_only,35744dd704733b74c727e8799d2b7edcefd87caa8e9ca3d49c2743d3313ed87e,True,True,C,D,,False,False,0.15654085015250008
3b,dev-esc50-0015,True,crying_baby,prompt_only,9e8d8c202081221c0eeeea5e63d8921b3bb9e1f2a2d14f0d8cf1219394913393,True,True,A,D,,False,False,0.16118794940923156
3b,dev-esc50-0017,True,rain,prompt_only,9e6cd6be987ca15907674fb3463bf6bc8747ebb97fd04da62523ffbc4df1f19f,True,True,A,B,,False,False,0.16183348312289125
3b,dev-esc50-0018,True,thunderstorm,prompt_only,eee90f350ce4874f6fe9d7905e3ae6a53f05fcb91910c6714fc84ce17d907df9,True,True,D,C,,False,False,0.18871941785928203
3b,dev-esc50-0020,True,glass_breaking,prompt_only,c8ff4eadec38ef3305194d1e6896e82e297183755e6536175bc5d225650c537f,True,True,B,B,,False,False,0.17579859389604585
3b,dev-esc50-0022,False,sheep,prompt_only,c2d16d914e538f732b4e3f7368bab045ee8996cc471038f70a3516f44bf703c3,True,True,A,B,,False,False,0.16472051446025765
3b,dev-esc50-0025,True,sheep,prompt_only,64319841650d658c4ca1e92cadbcf992e62b669a84d71edac72de98836b9a0a9,True,False,C,B,,False,False,0.1680546621717622
3b,dev-esc50-0026,True,crow,prompt_only,cb7365d1763e189cb90ae07a004b9221a91501b187e6205ead854aa99d8a800e,True,True,A,D,,False,False,0.1800818736642651
3b,dev-esc50-0028,True,sheep,prompt_only,f5f8bde72c7a96b466bd84cf59c4a14e4c048cf2efd25fe03d08def659475018,True,True,B,A,,False,False,0.243600414120704
3b,dev-esc50-0029,True,pig,prompt_only,912a3f118bec229e7c1a939e83b27b29d653bc28b22c31ff00e233aca570231b,True,True,C,B,,False,False,0.18285534438369638
3b,dev-esc50-0032,True,car_horn,prompt_only,2cf6ce99ea1a679b494226afa5fad3a5bb20f7547e53d52464794639a05c849c,True,True,C,B,,False,False,0.16497141646581048
3b,dev-esc50-0033,True,rooster,prompt_only,f9569051af8f8cd849cc1de0e1374d3968fd5ab1f29dc577b387ed7db07da60c,True,True,C,B,,False,False,0.17875501131544008
3b,dev-esc50-0034,False,rooster,prompt_only,12d5ac19b99c9eb131557179fa989c7d28ddaca5bd70ce300ee67cfaaac68a1d,True,True,C,B,,False,False,0.15420237240025933
3b,dev-esc50-0037,True,thunderstorm,prompt_only,5bd2a2e3813397f8c3993d1af6aef6c1e81ab5a4499a9785cebdb3c518eddc53,True,True,D,C,,False,False,0.15687613558846591
3b,dev-esc50-0038,True,door_wood_knock,prompt_only,93e26ca77f742fad6294dcf00ad3b049114eae12f0fffa1dd5cc9957b332f85b,True,True,D,B,,False,False,0.16703109881934605
3b,dev-esc50-0039,True,footsteps,prompt_only,571b963f6a867bda4a67006d26ed6aa1af60a249a03269fa10a7752a83336f25,True,True,B,A,,False,False,0.1852322073917024
3b,dev-esc50-0041,True,airplane,prompt_only,537d258344f2292ea2b48a068e7afc2bf249e205db28f9ebdf3ff4b98b906627,True,True,A,B,,False,False,0.1679994840063467
3b,dev-esc50-0043,False,cow,prompt_only,6c93921ba62414474d504e38d10eea06966964608d7d36b2c1073cae6e44a031,True,True,D,D,,False,False,0.17916883342000348
3b,dev-esc50-0045,True,door_wood_knock,prompt_only,605dc4029fba2085b36423ab1a3f2e2c8d872d8de0133cfa645da03e21168e62,True,True,A,B,,False,False,0.16978084277461825
3b,dev-esc50-0049,True,cow,prompt_only,aa11a756c23accd87cb1a531c23e04a59f27c2fd669f6557c0a0a0f872bd498a,True,True,D,B,,False,False,0.18434792104357323
3b,dev-esc50-0055,True,airplane,prompt_only,111d4475970d0a01c7d8c7ad53a4c1d68de07980322f596878fb0e394dd683a2,True,True,B,D,,False,False,0.16348136347194325
3b,dev-esc50-0062,True,thunderstorm,prompt_only,a21aa2c9f7131976037c511a02f8420dafd32ccd07cccf9125349c68b4a4d0ee,True,True,D,B,,False,False,0.18860357197374444
3b,dev-esc50-0064,False,crying_baby,prompt_only,6813857c0bcf916b950633416a2b1f7b14f86569658f5ea78313ee6bb5dc4b00,False,True,A,A,,False,False,0.16374541157325787
3b,dev-esc50-0067,True,glass_breaking,prompt_only,d8308f14525556839e1a641c6ad33f0394ebf1a7081e43ef2018e2520158bba3,True,True,D,C,,False,False,0.15919598402363627
3b,dev-esc50-0068,True,thunderstorm,prompt_only,1aa3bd4197e6feb5f37350b8903ad6c137b44bdbfef036b58d97de11ac560f11,True,True,A,C,,False,False,0.1944101449979524
3b,dev-esc50-0073,True,footsteps,prompt_only,67fca08ed38ee7c16c869a92812d95bb2201cdd716ff2aaf2208499a56af0f1f,True,True,C,B,,False,False,0.1583990381082796
3b,dev-esc50-0077,True,thunderstorm,prompt_only,207562b965e51145aa11cb3c14edb4d7703bc5c6878287b52f0c443e928c92de,True,True,B,D,,False,False,0.16281318016471424
3b,dev-esc50-0079,True,car_horn,prompt_only,c19fc60bf65f96367d299bd7cd5ba00e2cdc96d1555489f0324385ba3d0e5976,True,True,B,B,,False,False,0.16494930827710466
3b,dev-esc50-0080,True,frog,prompt_only,d4cf32b5cebe89bb46922d1e6e6af49979594cedd0f69b29bb04d8123de0b474,True,True,B,A,,False,False,0.18845379612297344
3b,dev-esc50-0081,True,cow,prompt_only,d02900eff2669f44e8f816d1cf14cfbc4c3beb885b019f0b91bd3e0bb10cab2d,False,True,B,C,,False,False,0.16733516785910846
3b,dev-esc50-0087,False,airplane,prompt_only,54e6a55a0617aae80aa14915417d89768a6e11ba84fcf2f0ca4e25015ced903d,True,True,B,D,,False,False,0.1760463910158244
3b,dev-esc50-0088,True,glass_breaking,prompt_only,939c41a64f103ccdad5ab43313ee4ea90453a8caba293fb365fe8890814761c8,True,True,D,D,,False,False,0.15581423927278332
3b,dev-esc50-0090,True,glass_breaking,prompt_only,5c04f188728b2269e506671a0c773eb76ca6ceed09584d12769adca3cb4e94b7,True,True,A,C,,False,False,0.17148628885676165
3b,dev-esc50-0091,True,frog,prompt_only,e090ff48d87902a44ac7ee7df6e4bf1055f221722de47de0a72c6a2825b146b0,True,True,D,A,,False,False,0.17475415447688425
3b,dev-esc50-0094,True,rooster,prompt_only,0f3f0fc1a109e93b14511bb764cda71483945dd4cc7ec209a3c2c542def337f0,True,True,B,D,,False,False,0.17735021803885437
3b,dev-esc50-0096,False,cat,prompt_only,b71f2cc6100076cf5bfeb014c03deba6a4d7e7ff3603ef110b8962b77a1cbe06,True,False,B,D,,False,False,0.1516178531121569
3b,dev-esc50-0098,False,siren,prompt_only,37b92d37d0d844d149495cfd7b63489c47ef3c8649f61f83dfd52c5e9dffaf16,True,True,C,C,,False,False,0.1881847522525369
3b,dev-esc50-0101,True,car_horn,prompt_only,df47112e7d15dbdcf701f5227dda5b929920adef775a4ea8ffddbb3343d3ce16,True,True,A,D,,False,False,0.16650752116885276
3b,dev-esc50-0102,True,crow,prompt_only,cc82282bd2f815ef692fc986c45faedb326a9ca91b76f8bb7957a5bc7587a2e7,True,True,C,B,,False,False,0.1533504343290014
3b,dev-esc50-0105,True,glass_breaking,prompt_only,92df249ffe9c16c94af83411c189ec516c07b2ea13f4e83b0c1a3bb883284234,False,True,A,B,,False,False,0.17401214521322741
3b,dev-esc50-0107,False,rain,prompt_only,391a735e7a50d9561ee5273924e58ff6d78490ece1b2b7a0d1b2438c5da210d0,True,True,B,C,,False,False,0.18948915616031986
3b,dev-esc50-0108,True,airplane,prompt_only,ad603690bc731a36b1a025112b0ffcaf7a299c0c349f9ed9f0b4cf65cb95b1aa,True,True,B,D,,False,False,0.1546905616569727
3b,dev-esc50-0110,True,rooster,prompt_only,14ec88503fbf632836ee6b7bdfcf871f69c6c842ac5c0abb7f0f3f4d2bc4aec8,True,True,C,A,,False,False,0.15510154149947775
3b,dev-esc50-0111,True,cow,prompt_only,7df8d415cf747c4560ae4801ee0ede8d8aa0ad8d5985a72e255afcf6f08d427f,True,True,D,D,,False,False,0.15452817575149116
3b,dev-esc50-0112,False,cow,prompt_only,5574cddeaca46272bebdd69b0b774e11806aa57067846072aecd0346a70ea3cd,True,True,B,C,,False,False,0.19722716898275214
3b,dev-esc50-0113,True,car_horn,prompt_only,b8725859b236e77c5a23a45ed084ba5f6eeadd4f482a37f9c4945be0f5b172e0,True,True,B,A,,False,False,0.20246525679758307
3b,dev-esc50-0114,True,crying_baby,prompt_only,0531fc37e4af8ccec011aa4f9ccb7a171d00f5ea8589ce75e66b549fdbdd3956,False,True,C,A,,False,False,0.15174754591217177
3b,dev-esc50-0115,True,rooster,prompt_only,96411d23691206bf4aaa1a72c22cb5b3152e9401ac38728b964e689bde859c1d,True,True,A,C,,False,False,0.1792658483378374
3b,dev-esc50-0116,True,frog,prompt_only,609e24769feb5c52d015a61bb0d937be5b806e3e230ccafa7c4a4d7b6b83736c,True,True,B,B,,False,False,0.18752193267643674
3b,dev-esc50-0118,True,train,prompt_only,4e50b13290fa3810306fdb409b6079cb54b01603a6c3320688675b6631b5d8b5,True,True,B,A,,False,False,0.16711963237988536
3b,dev-esc50-0122,True,sheep,prompt_only,4532af21db7570aa319a20efdb667676035350f3c8150f7f4c30604d2b078ac3,True,True,D,D,,False,False,0.16546580231626482
3b,dev-esc50-0123,True,footsteps,prompt_only,322223e7b1f6c75ab2066f43d35677da9586a3aded50cb18c1b22e7be0a34aa8,True,True,A,A,,False,False,0.1626596770306098
3b,dev-esc50-0125,True,crow,prompt_only,b143c6a95fa38d711e378442be8e081b32e4b388f9de64763f93a9d40311ae03,True,True,D,A,,False,False,0.1557506980405663
3b,dev-esc50-0126,True,clock_alarm,prompt_only,6b9ac0400f2ad4fb1809ad44b2f2c9f2ee293d552b2dec2e4871abbd34e8192b,True,True,D,B,,False,False,0.19100662706270627
3b,dev-esc50-0127,True,footsteps,prompt_only,90f2e075bfaf901c2dee5e4efb8051d2adafc09962ee456066a96e98f9a54583,True,True,B,B,,False,False,0.18194211266563032
3b,dev-esc50-0128,True,rain,prompt_only,f9dfae017f4c6bcec6bdb4271ee79e32e8051eba471667b9d7bacc1e0a579e0a,True,True,A,D,,False,False,0.1599059493723908
3b,dev-esc50-0129,True,footsteps,prompt_only,62a4c4cab7f70d189145afacee782d2547434e7cb4a3545cf00ecc0f8bd5afa6,False,True,A,D,,False,False,0.16494806351742736
3b,dev-esc50-0130,True,door_wood_knock,prompt_only,6f06df8948f0d128617804a1727178de158a0a813606ca5f38c2c753b139d44a,True,True,C,B,,False,False,0.188313630147394
3b,dev-esc50-0131,True,fireworks,prompt_only,a2d11b8859a6a475ac4401edb49d80f3c6097dc957211f1c15a8179aef519599,True,True,D,D,,False,False,0.1712752547455321
3b,dev-esc50-0134,True,airplane,prompt_only,4b6658a3ee0d717109ec83872dc5d7ac638cd9d90cc75032d3563165b32a7357,True,True,B,C,,False,False,0.17549001055241115
3b,dev-esc50-0136,True,frog,prompt_only,e42d38380617f174766c7a688858ec22bb8768bdfe996e36e309c7053daa601d,True,False,B,B,,False,False,0.17704327913899703
3b,dev-esc50-0137,True,pig,prompt_only,3c9d65fe65d47b669671098796466786fa42c308bdf06e1347023a925195f616,True,True,D,B,,False,False,0.1557091722045474
3b,dev-esc50-0139,True,cat,prompt_only,2497dd2032d4d0841ed4478b308687797dc2c6251630eaa02712dc660559792c,False,True,B,B,,False,False,0.1839337112952464
3b,dev-esc50-0141,False,footsteps,prompt_only,082b6b3feb9bd698dab7d0f8b4af957a5fd9e8ea498b06e6f3d68d31618f0037,False,True,A,D,,False,False,0.19766748781001794
3b,dev-esc50-0144,True,train,prompt_only,1470dff153d11555f130257569e024fa0436b3bcb3c522c43059a928508f570a,True,True,A,D,,False,False,0.18895913015669974
3b,dev-esc50-0145,True,dog,prompt_only,93e71f9679a4f6d4d29059b9876358eff8cb0307a07e4cd885d783edad523b47,False,True,B,C,,False,False,0.15859502860617544
3b,dev-esc50-0146,True,cat,prompt_only,c38e308a611ffa4e33095b67b995b73c635e996a7890770a96f7a622f16ab2bb,True,True,A,D,,False,False,0.1555620455802667
3b,dev-esc50-0147,True,dog,prompt_only,638eb2509169de36c0766b551781139a496e5a74bf56e541808380b857dd5a6a,True,True,A,C,,False,False,0.1533263537169856
3b,dev-esc50-0149,True,sheep,prompt_only,e217b42e11bacfe0074dcff0ebda5ffcfa32f494d4ebb0d12659713abba757c0,True,True,A,C,,False,False,0.17635943422390682
3b,dev-esc50-0154,True,cat,prompt_only,ed9ee0cafa5f0839a914fba3edf5b8b0aae37aa10b9b080bd269b3088091d738,True,True,B,A,,False,False,0.16303058422641908
3b,dev-esc50-0156,True,dog,prompt_only,cdd921834eea6f9d8fcab695b125d3ce5d9b04a00b00ebb96263361987e8ab66,True,True,B,A,,False,False,0.18625685004931175
3b,dev-esc50-0157,True,siren,prompt_only,31bdead7bd55b06643714eb6c42d95b11c7c7bfb25c473a47df215456ad9f112,True,True,B,A,,False,False,0.16121011275826858
3b,dev-esc50-0158,True,frog,prompt_only,c314a542ad07dbfba191837a87ef6d340402ffd3fb96a9ce1812b62ac5abccf8,True,True,A,B,,False,False,0.1767419373198735
3b,dev-esc50-0160,True,car_horn,prompt_only,e4ad3868549e9640b29a8ea01411b71b566f5f7546a0575a3bb1c8765f5a9a58,True,True,A,C,,False,False,0.16919728805169323
3b,dev-esc50-0161,False,cow,prompt_only,7beb9c4e4333bba879f229e0cedb48a955115145c49a08aa34b766b3d4e3be87,True,True,B,D,,False,False,0.19725060148691897
3b,dev-esc50-0164,True,siren,prompt_only,32cd7450628d21099f34ff4b5a5785ef1ebed2fc199ceab27378b938ff0f8f3c,True,True,C,B,,False,False,0.15326742121866557
3b,dev-esc50-0165,False,cat,prompt_only,59b68770d5b232991e85f98543b179eed602df73b9e86b0fe495722113d3d4e6,False,True,B,A,,False,False,0.17684241959231078
3b,dev-esc50-0166,True,frog,prompt_only,1f4203186ad16e6668233f0472db43681728a64513921d7a9061e60066d417f6,False,True,B,C,,False,False,0.18431732360530295
3b,dev-esc50-0173,True,siren,prompt_only,e151399d3d17bc96e144ac32fbea8a54d5d4d8f219d57bf2b8bde3933b54f1dc,True,True,D,B,,False,False,0.1860026963221434
3b,dev-esc50-0174,True,train,prompt_only,aa60151700f9de57c85d67e10b0ee585fb5087f9c1e0d0672a511d0fae372fa5,True,True,D,B,,False,False,0.1577054870012003
3b,dev-esc50-0175,True,pig,prompt_only,d9156672422b7be9099769774287369559c86bbda10a833b0d1eb8e4ae508181,True,True,D,B,,False,False,0.19684844304579618
3b,dev-esc50-0176,True,thunderstorm,prompt_only,1f25d7158a74edf7aac6e212e7169f6fc36ef1d5b9611fee51c7ea1349f503cd,True,True,A,A,,False,False,0.16484814287934396
3b,dev-esc50-0177,True,thunderstorm,prompt_only,4aacb888b5adafc4730a30001bcb45275b0a63569f75e598015fb89f69e8c9fa,True,True,B,A,,False,False,0.17247889089355237
3b,dev-esc50-0180,True,frog,prompt_only,7361d5500fc98de1d2bb9308da2504e4f33c87d37b77b6f381e1a98c6ce0e4a8,True,True,B,A,,False,False,0.17053903603045648
3b,dev-esc50-0181,False,sheep,prompt_only,3fdef47f4a2846c88c37630c00b9f8798c71c4be6aa983033abdb59d8b5dba74,True,True,C,D,,False,False,0.1503805564438759
3b,dev-esc50-0183,True,footsteps,prompt_only,12b7dba9ced63956831d80920b305c39de172d92982fb29b1bf42e006241f2e1,True,True,B,A,,False,False,0.17191860557862387
3b,dev-esc50-0186,True,car_horn,prompt_only,4260a0fe48940328190416d63b654f4e1c3a5ac8bd42a894e65b403270ab6302,True,True,C,B,,False,False,0.1562159270046106
3b,dev-esc50-0188,True,clock_alarm,prompt_only,b517cc28f5690df343532acda0c87cfe568788305cb63472c0a35b22c82d3225,True,True,D,B,,False,False,0.15453913639398112
3b,dev-esc50-0189,True,cow,prompt_only,57e666155ffc193e4087b7e08dcb61e5f2198e8d9b80393a8789a545b712acef,True,False,B,B,,False,False,0.193036440332018
3b,dev-esc50-0191,True,dog,prompt_only,21ca8b4a1e86a34b618e7cfe9a15a4475509a73452aea630171b5baadde9daf6,True,True,A,A,,False,False,0.16670837504170838
3b,dev-esc50-0192,True,clock_alarm,prompt_only,59d2bb59f2e51aec66c7b378afa7d829665aa119c769180d05b477543f9b432b,True,True,A,A,,False,False,0.15979025664754362
3b,dev-esc50-0196,False,airplane,prompt_only,7f2d91f842683c0659e89418d39fe4ec941967b809c9bae5148974224a39effa,True,True,D,B,,False,False,0.17937294946034854
3b,dev-esc50-0198,False,cat,prompt_only,43d4168bd6dfb13d9a38ac7f6b64f6c977bba97b13652e7d62188ae69c2dc721,False,True,B,A,,False,False,0.16538987911320063
3b,dev-esc50-0200,True,thunderstorm,prompt_only,7043fe5f708a436e3566596d675a169e576fa0774c1a88c33e00f4cc18d5fdd1,True,True,B,A,,False,False,0.16445742153899576
3b,dev-esc50-0201,False,glass_breaking,prompt_only,0d8dd074a797f988ed3b8c40b37214f773c5a927ad8f9a161946e36182dc85f0,True,True,C,C,,False,False,0.1875155788947237
3b,dev-esc50-0202,False,door_wood_knock,prompt_only,60c98f9218132088cb536b9983527794793c521e6c624f7459fe13fd42fe4a05,False,True,B,D,,False,False,0.2260440409139714
3b,dev-esc50-0204,False,siren,prompt_only,fb2a1b1b201579ccc88b71199e3d022f7800b1a63cd60c64e88796df6f19942f,False,True,B,C,,False,False,0.1685106057112027
3b,dev-esc50-0206,False,rain,prompt_only,673730f056a60e39761f265565e5321d32d7d4eba6f8ba80df3035340fbc9d9a,False,True,A,A,,False,False,0.15551468214371808
3b,dev-esc50-0207,True,thunderstorm,prompt_only,a4f1807e6cb82457569a7a99566ccf580111b2df8559a6f2d8cf027f517c147c,True,True,C,A,,False,False,0.17070488813729748
3b,dev-esc50-0208,False,rain,prompt_only,fb2dee564985e99593dc9ff5b0bcec0647692b338489c243fde7f07a5fb243ae,True,True,A,A,,False,False,0.16665310440773415
3b,dev-esc50-0212,True,dog,prompt_only,be92ea8291bcae6d11eab75a75db8ee9ff6fbea9354b62760cfb9af1c962c292,True,True,D,A,,False,False,0.18740918537379941
3b,dev-esc50-0213,True,glass_breaking,prompt_only,1d160edf6bd29550dacb4d90b5d39dde687a8951a0de2924946ae6bb2ee44d17,False,True,B,B,,False,False,0.19315326318085166
3b,dev-esc50-0219,True,sheep,prompt_only,24f49bfccec6c22a8dcf76a29e4712beef9a3c9bca2d5c4dc1ff752b67a48ec6,True,True,D,C,,False,False,0.18571797736435616
3b,dev-esc50-0221,True,sheep,prompt_only,931e47058308c2710c69acbbb32a4d87d9581ec2c724acdbe3a6acbae7ae9cf4,False,True,B,C,,False,False,0.19129934827721093
3b,dev-esc50-0222,True,airplane,prompt_only,097e10ce3bdd3b7d5c3fbcfde9668c9b2ad07aea1e29078cce82eb2d443d9dc6,True,True,A,B,,False,False,0.16300811092276002
3b,dev-esc50-0229,False,cow,prompt_only,60ec6de839dd507a888be98afee05a9fcd94d4ce91e5d4660a77126e2b791b19,False,True,B,B,,False,False,0.1675007352628671
3b,dev-esc50-0230,True,cat,prompt_only,7d8978baac9329ec065c638b00ab9bf97aef70e8dc75d23917a0e0de943c2c89,True,True,D,B,,False,False,0.15821167124434157
3b,dev-esc50-0233,True,door_wood_knock,prompt_only,e56d608b73ca66733e94def000204743b0545c2a15b9de4c4154a8b89ce44839,True,True,A,D,,False,False,0.1592072136172076
3b,dev-esc50-0234,True,siren,prompt_only,732ba6d31f82cda56323f48504e7af1682b89c96c147f8761c067fa9c449f446,True,True,A,A,,False,False,0.16464981285288335
3b,dev-esc50-0235,False,sheep,prompt_only,3c0be83a9b81dc0a2753a23d8ddf6aca276a4d20dafcba2d9794f4392ffcc16a,True,True,D,C,,False,False,0.16255403461730564
3b,dev-esc50-0237,False,airplane,prompt_only,8f303d72cc6624b5e57d2c08413b56d1805af15a4c08ec6eec6f3b854902054d,True,True,A,C,,False,False,0.1683134856524093
3b,dev-esc50-0238,True,car_horn,prompt_only,08d962114059e0ddcbdf7e31e7382c663532c21dcf0394ba29ebcbdf7a0cab56,True,True,A,C,,False,False,0.17694938569832983
3b,dev-esc50-0239,False,car_horn,prompt_only,4ceb2032aa2df5da280434dfde7b2a9cc15c82dd9ad23b616259debd575fd8eb,True,True,A,D,,False,False,0.17463051580979605
3b,dev-esc50-0241,True,clock_alarm,prompt_only,5799ac9ab9e1967aecf0e17bd2de16bf116e37afadfb40a323a398d292f45bbd,True,True,C,A,,False,False,0.15842828299035927
3b,dev-esc50-0243,True,crying_baby,prompt_only,26deef24311e8213bef31107697acaa9b4bba681f947dbc6a2723437b705aa94,False,True,B,A,,False,False,0.1518816562321069
3b,dev-esc50-0249,True,cow,prompt_only,363369a9b8f760bbbc84baf5fe44432cb898ad9d0096bfe171e3e3299c732ebb,True,True,D,A,,False,False,0.18353983046878658
3b,dev-esc50-0252,True,crow,prompt_only,931bd5661895929ba71ca491c06465eb60a6e55a3c7290689ed00764d3617834,False,True,B,A,,False,False,0.14981573814427873
3b,dev-esc50-0254,True,clock_alarm,prompt_only,8cc54a093d209c1bb935ef80473c7c4c8e1e3c7dc8dd1c4eeb406620f8031bbe,True,True,A,A,,False,False,0.17268922366720557
3b,dev-esc50-0255,True,footsteps,prompt_only,a85a2fa006c213ea8f481f8c2525cbb2f01d4126158ead6ce0e8564f570e0df7,True,True,A,D,,False,False,0.15455605603830466
3b,dev-esc50-0258,True,crying_baby,prompt_only,deef8ac5a222eae072836c522287f3b5e83cb0630c65626cff8f69deb60fe034,False,True,A,A,,False,False,0.20182795153694272
3b,dev-esc50-0260,False,cow,prompt_only,55e2b40e075a5c600068898d980af6266c8bb1c0848fcee6aa58324f0af1469e,True,False,C,B,,False,False,0.15789909198578758
3b,dev-esc50-0261,True,door_wood_knock,prompt_only,e97385031e64abef3fef4b624cc7722f9b271dcea6e513b72decb0b9fa8c881c,False,True,B,A,,False,False,0.1559153661613039
3b,dev-esc50-0264,True,siren,prompt_only,f01a4b14f39c47575b9b41c41f0da9fc2bc12961a09bd79d60456283587745db,True,True,B,A,,False,False,0.1548262650063381
3b,dev-esc50-0266,True,door_wood_knock,prompt_only,f8071619406948838777048e2e52d43e337a0c5fc4cafa51589edfbefd85fe58,True,True,B,B,,False,False,0.16947368046537278
3b,dev-esc50-0267,False,train,prompt_only,c078f02f379909df8d0475c681ee0c68c2f1c7b60e7b97e3c86dd22eb80a35a5,False,True,B,B,,False,False,0.19557766359889334
3b,dev-esc50-0269,True,cow,prompt_only,622e0db6d32afde0d899be500fc0f4c8518abe942bfadaf4bbfbd4b5803a6a47,True,True,C,B,,False,False,0.17271656860920645
3b,dev-esc50-0270,True,footsteps,prompt_only,33d999107d7cbdc27f99f3a3ce8231a39daebe414c2fe16e93a1d987a340f3d3,True,True,B,C,,False,False,0.16091429063966875
3b,dev-esc50-0271,False,door_wood_knock,prompt_only,3fc807ebdcb349988b63500c74db03cca728207de5278cdd44ff5b04eecf8853,True,True,A,B,,False,False,0.19883889832385732
3b,dev-esc50-0272,False,pig,prompt_only,561b9ff6eacbdd1bb942b263eb20c6c6658c2a037a89cd45b5f39b1f122d4fa5,True,True,A,C,,False,False,0.19308976270724815
3b,dev-esc50-0275,True,cat,prompt_only,39d2f894b55d8b5d8aef7dbdd6c8f05af73dbae82f93d9a05f206a41fd28de40,True,True,A,C,,False,False,0.17791756494313998
3b,dev-esc50-0276,True,door_wood_knock,prompt_only,1b38046a525a8bb284d1035a705766ae3114794365fa8dc338e75d1fd33b3466,True,True,B,C,,False,False,0.15790156512698356
3b,dev-esc50-0277,False,cat,prompt_only,78a2c940c954e16968b4a5c163c85221664687415df4ff674affd7e1a54a24ac,False,True,B,D,,False,False,0.15499669436361999
3b,dev-esc50-0280,True,airplane,prompt_only,64fef354784950ea7952757224bb3d276989ffa7c962d88cf4d03b1a62bf48a8,True,True,A,A,,False,False,0.1745920603039996
3b,dev-esc50-0281,True,train,prompt_only,398538eecc9fb12725e2de8fb7ce6258b3da1a3a4347a5e5d57e7ce3d8f6104b,True,True,A,B,,False,False,0.178411374488586
3b,dev-esc50-0282,True,crow,prompt_only,603ddf0ed9cd14143e1cb23aa41516387040daf29622f19969c9717fdc28f076,True,True,C,A,,False,False,0.1601119085406104
3b,dev-esc50-0284,True,cat,prompt_only,85ec8aa5c0bb599c05b9678a43559baf1673de6795a052040232b8faa725eff6,True,True,A,B,,False,False,0.2034560803389299
3b,dev-esc50-0285,False,fireworks,prompt_only,6eaee071e37641e0b771f4e01d67c8114a4e8c1d57631cf50815e1d2b9950365,True,True,C,B,,False,False,0.1500405857489132
3b,dev-esc50-0287,True,cat,prompt_only,467baaadb314ae01779355f8fd47d7d46f8097f04430afdd4282dc857d84178d,True,True,B,D,,False,False,0.15738572048526772
3b,dev-esc50-0297,True,rain,prompt_only,e29023abb7798f0e0a9c86b37de39ca0383039873e736da4e9d733b83da1efea,True,True,D,C,,False,False,0.15208009207230386
3b,dev-esc50-0298,False,train,prompt_only,134d20b4a0bc6898b1b8a08e3b816ffd547538bb0ff61644c15d47d8c0fc92f1,True,True,A,B,,False,False,0.1591661809373153
3b,dev-esc50-0300,True,airplane,prompt_only,fb0232a485f1d7fdd830a954848618080907e8d869df195173452511d3991aef,True,True,A,C,,False,False,0.15575182050777406
3b,dev-esc50-0301,False,pig,prompt_only,50fd03087c5c159fde76ce9b6f12bb98880a35df68d75a83c0fe695ed9115297,False,True,B,A,,False,False,0.18456207562004145
3b,dev-esc50-0303,True,cow,prompt_only,a57a8a62860a08ab82823228ca624a01b7873a38fcb6a8d3de68f87f4c26d70c,True,True,A,A,,False,False,0.1578011657542469
3b,dev-esc50-0304,True,crow,prompt_only,62a64e3b5ca9417dd915a72219e2f159d1d12246f2d00b8b3a504a9660706b11,False,True,B,D,,False,False,0.16056638830006686
3b,dev-esc50-0306,True,glass_breaking,prompt_only,bdaf8b574abaff3ee30f244b6d17db0a02fd7b6ae2535f1e969bd4a32e3d62ab,True,True,B,D,,False,False,0.17764566278316807
3b,dev-esc50-0308,False,frog,prompt_only,cd8c3f0c6b17f28d3b37d9a3a3e231005069a1545188fceb46b1c7d7183adcde,True,True,A,C,,False,False,0.16911429126008012
3b,dev-esc50-0315,True,sheep,prompt_only,f691e810e549504a7113ceb5376eed932cb2fb2dc4f025742023cc4f1e2cc3a4,False,True,C,A,,False,False,0.1635341682401449
3b,dev-esc50-0316,True,crow,prompt_only,b4c71324835f196ca78a65ef4b7986b68f8a209ab4fba6f3792ba01413f6500f,True,True,D,A,,False,False,0.15149030588322557
3b,dev-esc50-0323,False,train,prompt_only,33b5b526d10692c7b8ecabdedeff8145ab51839cd6d2b3414ef15665bf1fa86b,True,True,A,A,,False,False,0.1863018629656648
3b,dev-esc50-0324,False,crying_baby,prompt_only,deabc87cb7ad3e322d46f1433f44dfe67b644e43d99e4345d6ae32297fc187ab,False,True,A,A,,False,False,0.15810932688805748
3b,dev-esc50-0325,True,pig,prompt_only,bcc45b97a77d93805c5825569ca6e17f02b084f6146d0b1251e4e43b4670b8c7,True,True,C,A,,False,False,0.1713129741295468
3b,dev-esc50-0327,True,crow,prompt_only,f879b875448f290fe2954d5fd087c7b80666e53f60d525156889b12af88274f5,True,True,D,C,,False,False,0.16635051171253126
3b,dev-esc50-0329,False,pig,prompt_only,ff8ab964e237f0b3bd1923f788dfaeaeea7406ca8bdbfc72665c38c52e7c921a,False,True,A,A,,False,False,0.16083474820736832
3b,dev-esc50-0330,True,clock_alarm,prompt_only,91cf8eb3e99f7aebeb9c073417e880a37fe74ad687db5f6a53181dbf1d8fc5a3,True,True,D,A,,False,False,0.1667135527468402
3b,dev-esc50-0332,True,crying_baby,prompt_only,ddec0eb42a18930e8b195f172effb2250cda48c552992ba34018913e98a9466e,True,True,B,C,,False,False,0.15403870278306928
3b,dev-esc50-0334,True,cat,prompt_only,052c9b74aba3e49e10603b0649372955c7035cce7727b825c196bc8a555d15a7,False,True,B,B,,False,False,0.19808448563159586
3b,dev-esc50-0336,True,dog,prompt_only,83c00ecaf2ca38838549ae96f04b40d5da0a13f9e3fffcb2bab3bd41eb5611de,True,True,D,A,,False,False,0.19250820225477625
3b,dev-esc50-0337,True,rooster,prompt_only,071a5f3a1268372dfba290b2ac2d1552e8bb604652c251dffd0a80a9c650407d,True,True,B,A,,False,False,0.1731342754823058
3b,dev-esc50-0341,True,train,prompt_only,78d4c1f25068f3e1bb067dd3c64253057fb97834909fbcf80bda450ac6ed777e,True,False,B,C,,False,False,0.16950516482489442
3b,dev-esc50-0342,False,frog,prompt_only,4ea91e42e5412847ed59f8f76eebd8e66c2724e3d944b64c71da2d32e4bf76f7,True,True,A,D,,False,False,0.19029552726085533
3b,dev-esc50-0343,True,sheep,prompt_only,82ee656716f49c3b88c5622545cb5397f8c5c415809698d787991e3806ceecd4,True,True,D,C,,False,False,0.17808226682308223
3b,dev-esc50-0344,True,cat,prompt_only,84c7337eefd1c9cab84b43211a370e380ba4706472d3a3935b779b948f22155b,True,False,D,D,,False,False,0.17624342675009097
3b,dev-esc50-0345,True,glass_breaking,prompt_only,c90d8bfaeb2f4ae0d11266657e3530c296cdee33d6b10417d24fc2dfaef6a42b,False,True,B,B,,False,False,0.16930566890410043
3b,dev-esc50-0346,True,airplane,prompt_only,76c0196cfdbb1ab337507e7a3e2e8c78c6014b6c4aac4dad7128983dafcb5a71,True,True,A,A,,False,False,0.21659281453337786
3b,dev-esc50-0349,False,airplane,prompt_only,82b24799cc72012b59eaa02deb0beb87045337581a08e5b013155573ed5349c0,False,False,B,D,,False,False,0.16644114941194998
3b,dev-esc50-0353,True,thunderstorm,prompt_only,b6d3d9b922a7249f9e971b571eaa34b3b594d4823cd79c923f7059f9c7436fab,False,True,A,B,,False,False,0.14545202873919366
3b,dev-esc50-0354,True,siren,prompt_only,63435c2b26a1f97813414a9784362f6d21c2e702cd69a7b5fae9ff1a25523c5f,True,True,C,B,,False,False,0.17902487304159914
3b,dev-esc50-0355,True,rooster,prompt_only,c7361f264ba693f5a8fa80ba7bedacb9ed7b3277efdffd59ec46688b1cca15c5,True,True,A,B,,False,False,0.1571842129824821
3b,dev-esc50-0362,False,fireworks,prompt_only,24b390673d959cb12bdbea58137f779e0f34f8a58d64033f7276fd66d5322faa,False,True,B,A,,False,False,0.16628721006085725
3b,dev-esc50-0365,False,sheep,prompt_only,92971f306297ce907996cdd85167629d6abc2a9becfa480b798dfd00d8280eb4,True,True,D,C,,False,False,0.17028451359894217
3b,dev-esc50-0367,True,rooster,prompt_only,05859cd01984026513c4675da5045935f7006e1cf11348dfaa6447f3a3cc8598,True,True,D,D,,False,False,0.1628795090816114
3b,dev-esc50-0368,True,airplane,prompt_only,ed58630afbe17a477a1265e88db56a716c783377e735a44be66f4feec5beddec,True,True,D,D,,False,False,0.17650524580876104
3b,dev-esc50-0369,True,rooster,prompt_only,39730431f05af8f90b95c03a3cefec329e18ca3861709c8186e21a84c40e80ae,False,True,B,C,,False,False,0.20789469059559829
3b,dev-esc50-0370,False,crow,prompt_only,facb453af9ac2538b95c46f38472418602d43f3a65d07558ddd86e05c6c9e274,True,True,D,B,,False,False,0.18980833565563415
3b,dev-esc50-0371,True,clock_alarm,prompt_only,755a085a8e91db3c8fae239c1ba18552f80c970e5a50f70ddd15bfce97dbfdb2,True,True,C,A,,False,False,0.16480891719745222
3b,dev-esc50-0375,True,crying_baby,prompt_only,bb6bf8d64c6a61550996039eca4c1c2e4b00548043bcea9a75f96a4d7d24b5fc,False,True,B,D,,False,False,0.19153447151658706
3b,dev-esc50-0377,False,airplane,prompt_only,a0989d902f1c3fa11c41ac022d9c0b323c7d4f2030cf954593e749675c9f154e,True,True,A,C,,False,False,0.17353031442756134
3b,dev-esc50-0378,True,clock_alarm,prompt_only,a18d09cb007c0851a65060e3a125f6afb9a81ff6eb35773ba03c0da30c6ba841,True,True,B,B,,False,False,0.1778937680500164
3b,dev-esc50-0379,True,crying_baby,prompt_only,d769b28a080fc55dc16df08b45f87b86cd545c45c0390de57d649e4b27b01e76,True,True,C,A,,False,False,0.21780758514915283
3b,dev-esc50-0381,True,clock_alarm,prompt_only,3dff1d5a5566eec5681a6dba73bb6879a2b9cac9f910ad419a2086191ba9123c,False,True,A,A,,False,False,0.15362804172821695
3b,dev-esc50-0383,True,pig,prompt_only,b4d6001194c50f46806835759f467e4f6e0195163a27fe1fc2c6090f43c47ee6,True,True,B,C,,False,False,0.16342681038292312
3b,dev-esc50-0386,True,crying_baby,prompt_only,05115891331a2d2eb1d4b07fd3355d83d7117318aab1371622510b22784db5f3,False,True,B,A,,False,False,0.15227709160738445
3b,dev-esc50-0387,True,cat,prompt_only,8f368808943352cdbb5eafd9b8a21ba4dee832742699aae043c5ab185522383f,True,True,A,C,,False,False,0.15125974827407823
3b,dev-esc50-0390,True,door_wood_knock,prompt_only,e63d29dfe7310818203c0a3311cd9084685aed08998b25f2ded25e2baf22495d,True,True,A,C,,False,False,0.18635990010615255
3b,dev-esc50-0391,True,crying_baby,prompt_only,2723129a0ef3facec4edab0f57c0c69f8850fd1bac9a12a05efc9f4ef5e11607,True,True,D,D,,False,False,0.17940394973070017
3b,dev-esc50-0392,True,siren,prompt_only,17a9b4aeb83ede02e3494b14ea97fc1665e4bee5de87b597a1679e07c49ae51d,True,True,A,A,,False,False,0.17221095767532987
3b,dev-esc50-0393,True,car_horn,prompt_only,5c004d3ca6c1acf9c08f7d38ca5b6632078af1789e735005d3a56abee6fd7749,False,True,A,D,,False,False,0.16120993456857627
3b,dev-esc50-0396,False,siren,prompt_only,02648afa5674cca063dbb9b1da039e512ccc2e39a3ee9828993698273581db80,True,True,A,A,,False,False,0.14937152187953157
3b,dev-esc50-0399,False,thunderstorm,prompt_only,ced2a8af1dc1c32a4d13b000ac40a088694d2f6dd845902ad321f42df2c896d7,False,True,C,D,,False,False,0.1585555529456769
3b,dev-esc50-0400,True,rain,prompt_only,645562bf158991962ff480827e5dee2d5576f9c0fd823d001825902c625e566f,True,True,B,C,,False,False,0.15473010682039132
3b,dev-esc50-0402,True,thunderstorm,prompt_only,57f3ec266ccb3e3aef4963221d0aa3e738970881284fcbdb76997b0492cda116,True,True,A,B,,False,False,0.16415829332665033
3b,dev-esc50-0403,True,door_wood_knock,prompt_only,893d4a9c2b387cf5401110e6373156ccdb0bc6b120333067a23ec1db81ef57d1,True,True,A,C,,False,False,0.154428149765605
3b,dev-esc50-0406,False,pig,prompt_only,461655b65eb1d21ec6f3700aa39444f4a45003ee689079ab4b8c89fb08d6d2fc,True,True,A,D,,False,False,0.16224196876140534
3b,dev-esc50-0409,True,airplane,prompt_only,0462efe7b309b7ab6dee26b2b141e623f7eeb2e622dcb40c582a3f4f3b6e079d,True,True,A,B,,False,False,0.17063689924744774
3b,dev-esc50-0411,True,fireworks,prompt_only,ef4c8d1ebb458151ec2b1a93cf1711f93e8e3a1e521de8a4a336ffbec01e05bc,False,True,B,B,,False,False,0.17959497070978941
3b,dev-esc50-0414,True,train,prompt_only,6fa070d6a7fd01a0e37c2d98facd58704b6a62396b3ef454c49f2dc8055bd7b7,True,True,D,A,,False,False,0.15768091009807544
3b,dev-esc50-0418,True,glass_breaking,prompt_only,52528f041fe4e6734f31d8b0598090cec0f98f1c8f760b24fbc929d6ee63591b,True,True,B,B,,False,False,0.1836148764690367
3b,dev-esc50-0419,False,door_wood_knock,prompt_only,b447917c0c3b42e177514046a95090a1ea90f5867bd43beab9ffe3edd2d1a34b,True,True,A,D,,False,False,0.1627136930712486
3b,dev-esc50-0421,False,thunderstorm,prompt_only,af48055b2d411d6dbc3d4031c13ba6f37747ed57a9c08d1c4098c1c9b8e10a5c,False,True,A,C,,False,False,0.17876688818633463
3b,dev-esc50-0423,True,cat,prompt_only,3c7760b71b5d8695dfb380bb28ede932c1a301326478405f49efcb24888858f2,True,True,A,D,,False,False,0.19306840195764782
3b,dev-esc50-0425,True,fireworks,prompt_only,b851fe0e3bb0f5f201d6adde1e5aba4b864222f197f518c5d686a0b5397cb9b5,False,True,B,C,,False,False,0.15727515201590517
3b,dev-esc50-0426,True,footsteps,prompt_only,b6f4da0d362a7192c2d6af7516069a883715b6eacf7b4b3e624c3cdbae7890de,True,True,D,C,,False,False,0.16097459474627124
3b,dev-esc50-0431,True,pig,prompt_only,b201fa5ad4e05bce1e5c88c66f4bd3040786e56688f404b1c65bd9c60720efe4,True,True,A,D,,False,False,0.16160818266016994
3b,dev-esc50-0433,True,fireworks,prompt_only,7cf91d5bb417ada604d50d11949d99c1ce1bd0d4a914e42669fa3eb0ff4e74a7,False,True,A,B,,False,False,0.19031507994565786
3b,dev-esc50-0435,True,thunderstorm,prompt_only,1a1b698be1e598f8dc46a73ac264b25778b67fca6209e30c78f211aaf41f1e41,True,True,A,B,,False,False,0.16157084866260485
3b,dev-esc50-0438,True,pig,prompt_only,c07771910493ed23a1768c5ff312ca7fb1b9d9f9154da31849545aa936da618c,True,True,B,B,,False,False,0.1598753971437041
3b,dev-esc50-0440,True,thunderstorm,prompt_only,b5001798deb3a305341ef5441f38d905f1929263b838080d81f1f110d70a9ad3,True,True,D,A,,False,False,0.16557341956529678
3b,dev-esc50-0443,True,cat,prompt_only,28714cf43211e0d615d4d928d9377f5f9e34d2b35c5a471af681290e99a7c17f,True,False,B,C,,False,False,0.161613942589338
3b,dev-esc50-0445,True,train,prompt_only,80a1783eb3767675a0e3d8df97a64c203bee5a43d56f450e2666a965e103b21e,False,False,B,B,,False,False,0.19105723193996724
3b,dev-esc50-0446,True,rooster,prompt_only,ef210d7071373b7c80039fc643a1325629ce71476c2b2076a935e541a32d8cb4,True,True,B,D,,False,False,0.16253580169061455
3b,dev-esc50-0449,True,rain,prompt_only,66b4bfd77adc082a6ed7104f09b250254d2174d6a6fe9cad24591c6c41fe6f0e,True,True,A,D,,False,False,0.1649611937197044
3b,dev-esc50-0450,True,fireworks,prompt_only,36361f06f6390390ed21cdccdd2a0b3abafb85fc737a14b1b02799a9f983d437,True,True,A,B,,False,False,0.1571706783510594
3b,dev-esc50-0453,True,airplane,prompt_only,55641fcbec7eeaa6e3a699e81e37d6af47223a80a5ddc9de79b67fe809b7d8d1,True,True,B,C,,False,False,0.176203338453661
3b,dev-esc50-0457,False,footsteps,prompt_only,2498dd37c8758107da980dfec5eb06d823d3954e50575b684f72c1f62e4a0e9a,False,True,B,B,,False,False,0.16095401840126847
3b,dev-esc50-0459,True,clock_alarm,prompt_only,c09d06a669e2daefe3da586aeeded896ec004f7c1392aef9d8aca61a4de92583,True,True,C,A,,False,False,0.19309253093102907
3b,dev-esc50-0462,True,train,prompt_only,9756f2e5b8e02de0bda5fe1e0f89687b888a54156a646f96e3e1a6d9407e4aa3,True,False,B,D,,False,False,0.14973304609996613
3b,dev-esc50-0463,False,dog,prompt_only,c4cf24358fce2cfffcc8536982c51148d122e9156c1b723895a6ad885d08bfb0,True,True,A,C,,False,False,0.15172135006800577
3b,dev-esc50-0464,True,train,prompt_only,79b6fd1f08395baf7448cb590fb217165a6634a7596197fe4968462d6f7ab95f,True,True,C,B,,False,False,0.19160272804774084
3b,dev-esc50-0466,True,car_horn,prompt_only,1b005b9660b47e32a73d4ad477fcdd82f68414be3245abff2a80a61a1a755538,True,True,A,D,,False,False,0.19103056555185052
3b,dev-esc50-0467,True,door_wood_knock,prompt_only,af46ae539eaea8bd8e540710a96b1e61a0df8c62e9313a7c5dbef33745b9ca1f,True,True,D,A,,False,False,0.16554101125417572
3b,dev-esc50-0468,True,fireworks,prompt_only,e75bbdc8e05ba691543cb2e49429e2c2a92adb7e4948ef61073f6fdaf3d70a9e,True,True,A,B,,False,False,0.15468408132248482
3b,dev-esc50-0469,True,siren,prompt_only,8caa801f3cff17634b7b5c4507db69306b9f4d50a5fa41329b4395f9724b6281,True,True,B,D,,False,False,0.20779995528801967
3b,dev-esc50-0470,True,clock_alarm,prompt_only,c6eb81150c2f726d96d4f6b272e0e4fd399c20f16e4cb317bd54b2ea711d06c5,False,True,B,B,,False,False,0.1631168625238707
3b,dev-esc50-0471,True,rain,prompt_only,7fc63ca490c2566c8e6625e63839474ce231704fde2a70c7693ab4bdd669e130,True,True,B,C,,False,False,0.17627516331155843
3b,dev-esc50-0473,True,crow,prompt_only,81e3238c978d75e1d8390e6885f2040550ab7ceac3c319fb810889ce2949f079,True,True,A,A,,False,False,0.161592137088659
3b,dev-esc50-0474,False,glass_breaking,prompt_only,8d1f55ae98edd74f87fb934058d99fcf48acf579e6d8216f39ddd35df60e9a46,False,True,B,C,,False,False,0.17328426368978356
3b,dev-esc50-0476,True,clock_alarm,prompt_only,c8f29ea35c771ef7d47a2da8d20510b2a676fa1d38510c076ba9839914c05162,True,True,C,A,,False,False,0.18735937042048875
3b,dev-esc50-0477,True,train,prompt_only,e5d622d7faaef358a218e0b6fa68cd5508334c1dbf8757204d729fe672a40d77,True,True,B,D,,False,False,0.17816637868243226
3b,dev-esc50-0478,True,dog,prompt_only,9a24fd315142f9e0959dee7bebd34860e117babf4db06d8d58c826afe20c267b,True,False,D,D,,False,False,0.1701062431494955
3b,dev-esc50-0479,False,pig,prompt_only,ff3b7b56b7bd039c6eb0c8a8f63abd5cd7640cea1a8b57030132b1ee563013b8,True,True,B,C,,False,False,0.18230233850773295
3b,dev-esc50-0001,True,siren,fixed_daa,0512cf0097ea06026cbbd0923d94a6aa4f2fbeae336f9b9c56462fdb65efe02e,False,False,B,B,,False,False,0.18019519249344557
3b,dev-esc50-0002,True,fireworks,fixed_daa,82e49db9fd03d02e0745820a94d1941a9692ee99f2634ee2a0901678aecda0e0,False,True,A,B,,False,False,0.15665073999518908
3b,dev-esc50-0003,True,clock_alarm,fixed_daa,a939f6f1b079143f877299610a111b549f217561acf05f3f8d4e02c8d0a267aa,True,True,B,B,,False,False,0.1914822891181789
3b,dev-esc50-0004,False,fireworks,fixed_daa,4c96306a69e1051b31d54255071b3a4d9f45598c18df326d2c155adb6d65cf89,False,True,B,B,,False,False,0.15695030448646266
3b,dev-esc50-0006,False,rain,fixed_daa,4416161f008fc06e18d6ad2285052cbdad3b2112f29f987a2b522e026e7b4ccb,True,False,B,D,,False,False,0.17494781952859262
3b,dev-esc50-0007,False,footsteps,fixed_daa,ca91247c507a3be0abd6abdae8db8def080cdeabe77f5b5636df26bb97735027,False,True,B,B,,False,False,0.18080239280373206
3b,dev-esc50-0010,True,car_horn,fixed_daa,17bd259ba7c5f364907b2abdd4c3a117541e6d2f7148d115a59fb84f066c13fe,False,False,B,B,,False,False,0.224317933284108
3b,dev-esc50-0011,True,siren,fixed_daa,eb8151794e1914ed77ac34dd91c0768e8232d12ebeacfb87ab163476c481fb83,False,True,B,A,,False,False,0.18914164394984126
3b,dev-esc50-0014,True,dog,fixed_daa,35744dd704733b74c727e8799d2b7edcefd87caa8e9ca3d49c2743d3313ed87e,False,False,B,C,,False,False,0.15654085015250008
3b,dev-esc50-0015,True,crying_baby,fixed_daa,9e8d8c202081221c0eeeea5e63d8921b3bb9e1f2a2d14f0d8cf1219394913393,False,False,B,B,,False,False,0.16118794940923156
3b,dev-esc50-0017,True,rain,fixed_daa,9e6cd6be987ca15907674fb3463bf6bc8747ebb97fd04da62523ffbc4df1f19f,True,True,A,B,,False,False,0.16183348312289125
3b,dev-esc50-0018,True,thunderstorm,fixed_daa,eee90f350ce4874f6fe9d7905e3ae6a53f05fcb91910c6714fc84ce17d907df9,False,False,B,B,,False,False,0.18871941785928203
3b,dev-esc50-0020,True,glass_breaking,fixed_daa,c8ff4eadec38ef3305194d1e6896e82e297183755e6536175bc5d225650c537f,True,True,B,B,,False,False,0.17579859389604585
3b,dev-esc50-0022,False,sheep,fixed_daa,c2d16d914e538f732b4e3f7368bab045ee8996cc471038f70a3516f44bf703c3,False,True,B,B,,False,False,0.16472051446025765
3b,dev-esc50-0025,True,sheep,fixed_daa,64319841650d658c4ca1e92cadbcf992e62b669a84d71edac72de98836b9a0a9,False,False,A,B,,False,False,0.1680546621717622
3b,dev-esc50-0026,True,crow,fixed_daa,cb7365d1763e189cb90ae07a004b9221a91501b187e6205ead854aa99d8a800e,False,False,B,C,,False,False,0.1800818736642651
3b,dev-esc50-0028,True,sheep,fixed_daa,f5f8bde72c7a96b466bd84cf59c4a14e4c048cf2efd25fe03d08def659475018,True,False,B,D,,False,False,0.243600414120704
3b,dev-esc50-0029,True,pig,fixed_daa,912a3f118bec229e7c1a939e83b27b29d653bc28b22c31ff00e233aca570231b,False,True,B,B,,False,False,0.18285534438369638
3b,dev-esc50-0032,True,car_horn,fixed_daa,2cf6ce99ea1a679b494226afa5fad3a5bb20f7547e53d52464794639a05c849c,False,True,B,B,,False,False,0.16497141646581048
3b,dev-esc50-0033,True,rooster,fixed_daa,f9569051af8f8cd849cc1de0e1374d3968fd5ab1f29dc577b387ed7db07da60c,False,True,B,B,,False,False,0.17875501131544008
3b,dev-esc50-0034,False,rooster,fixed_daa,12d5ac19b99c9eb131557179fa989c7d28ddaca5bd70ce300ee67cfaaac68a1d,False,True,B,B,,False,False,0.15420237240025933
3b,dev-esc50-0037,True,thunderstorm,fixed_daa,5bd2a2e3813397f8c3993d1af6aef6c1e81ab5a4499a9785cebdb3c518eddc53,False,False,B,B,,False,False,0.15687613558846591
3b,dev-esc50-0038,True,door_wood_knock,fixed_daa,93e26ca77f742fad6294dcf00ad3b049114eae12f0fffa1dd5cc9957b332f85b,False,True,B,B,,False,False,0.16703109881934605
3b,dev-esc50-0039,True,footsteps,fixed_daa,571b963f6a867bda4a67006d26ed6aa1af60a249a03269fa10a7752a83336f25,True,False,B,B,,False,False,0.1852322073917024
3b,dev-esc50-0041,True,airplane,fixed_daa,537d258344f2292ea2b48a068e7afc2bf249e205db28f9ebdf3ff4b98b906627,False,True,B,B,,False,False,0.1679994840063467
3b,dev-esc50-0043,False,cow,fixed_daa,6c93921ba62414474d504e38d10eea06966964608d7d36b2c1073cae6e44a031,False,False,B,B,,False,False,0.17916883342000348
3b,dev-esc50-0045,True,door_wood_knock,fixed_daa,605dc4029fba2085b36423ab1a3f2e2c8d872d8de0133cfa645da03e21168e62,False,True,B,B,,False,False,0.16978084277461825
3b,dev-esc50-0049,True,cow,fixed_daa,aa11a756c23accd87cb1a531c23e04a59f27c2fd669f6557c0a0a0f872bd498a,False,False,A,D,,False,False,0.18434792104357323
3b,dev-esc50-0055,True,airplane,fixed_daa,111d4475970d0a01c7d8c7ad53a4c1d68de07980322f596878fb0e394dd683a2,True,True,B,D,,False,False,0.16348136347194325
3b,dev-esc50-0062,True,thunderstorm,fixed_daa,a21aa2c9f7131976037c511a02f8420dafd32ccd07cccf9125349c68b4a4d0ee,False,True,B,B,,False,False,0.18860357197374444
3b,dev-esc50-0064,False,crying_baby,fixed_daa,6813857c0bcf916b950633416a2b1f7b14f86569658f5ea78313ee6bb5dc4b00,False,False,B,B,,False,False,0.16374541157325787
3b,dev-esc50-0067,True,glass_breaking,fixed_daa,d8308f14525556839e1a641c6ad33f0394ebf1a7081e43ef2018e2520158bba3,False,True,B,C,,False,False,0.15919598402363627
3b,dev-esc50-0068,True,thunderstorm,fixed_daa,1aa3bd4197e6feb5f37350b8903ad6c137b44bdbfef036b58d97de11ac560f11,False,False,B,D,,False,False,0.1944101449979524
3b,dev-esc50-0073,True,footsteps,fixed_daa,67fca08ed38ee7c16c869a92812d95bb2201cdd716ff2aaf2208499a56af0f1f,False,True,A,B,,False,False,0.1583990381082796
3b,dev-esc50-0077,True,thunderstorm,fixed_daa,207562b965e51145aa11cb3c14edb4d7703bc5c6878287b52f0c443e928c92de,True,False,B,B,,False,False,0.16281318016471424
3b,dev-esc50-0079,True,car_horn,fixed_daa,c19fc60bf65f96367d299bd7cd5ba00e2cdc96d1555489f0324385ba3d0e5976,True,False,B,C,,False,False,0.16494930827710466
3b,dev-esc50-0080,True,frog,fixed_daa,d4cf32b5cebe89bb46922d1e6e6af49979594cedd0f69b29bb04d8123de0b474,False,False,A,B,,False,False,0.18845379612297344
3b,dev-esc50-0081,True,cow,fixed_daa,d02900eff2669f44e8f816d1cf14cfbc4c3beb885b019f0b91bd3e0bb10cab2d,False,False,B,B,,False,False,0.16733516785910846
3b,dev-esc50-0087,False,airplane,fixed_daa,54e6a55a0617aae80aa14915417d89768a6e11ba84fcf2f0ca4e25015ced903d,True,False,B,B,,False,False,0.1760463910158244
3b,dev-esc50-0088,True,glass_breaking,fixed_daa,939c41a64f103ccdad5ab43313ee4ea90453a8caba293fb365fe8890814761c8,False,True,B,D,,False,False,0.15581423927278332
3b,dev-esc50-0090,True,glass_breaking,fixed_daa,5c04f188728b2269e506671a0c773eb76ca6ceed09584d12769adca3cb4e94b7,True,True,A,C,,False,False,0.17148628885676165
3b,dev-esc50-0091,True,frog,fixed_daa,e090ff48d87902a44ac7ee7df6e4bf1055f221722de47de0a72c6a2825b146b0,False,False,B,B,,False,False,0.17475415447688425
3b,dev-esc50-0094,True,rooster,fixed_daa,0f3f0fc1a109e93b14511bb764cda71483945dd4cc7ec209a3c2c542def337f0,True,False,B,B,,False,False,0.17735021803885437
3b,dev-esc50-0096,False,cat,fixed_daa,b71f2cc6100076cf5bfeb014c03deba6a4d7e7ff3603ef110b8962b77a1cbe06,True,False,B,B,,False,False,0.1516178531121569
3b,dev-esc50-0098,False,siren,fixed_daa,37b92d37d0d844d149495cfd7b63489c47ef3c8649f61f83dfd52c5e9dffaf16,False,True,B,C,,False,False,0.1881847522525369
3b,dev-esc50-0101,True,car_horn,fixed_daa,df47112e7d15dbdcf701f5227dda5b929920adef775a4ea8ffddbb3343d3ce16,False,False,B,A,,False,False,0.16650752116885276
3b,dev-esc50-0102,True,crow,fixed_daa,cc82282bd2f815ef692fc986c45faedb326a9ca91b76f8bb7957a5bc7587a2e7,False,True,B,B,,False,False,0.1533504343290014
3b,dev-esc50-0105,True,glass_breaking,fixed_daa,92df249ffe9c16c94af83411c189ec516c07b2ea13f4e83b0c1a3bb883284234,True,True,B,B,,False,False,0.17401214521322741
3b,dev-esc50-0107,False,rain,fixed_daa,391a735e7a50d9561ee5273924e58ff6d78490ece1b2b7a0d1b2438c5da210d0,True,False,B,A,,False,False,0.18948915616031986
3b,dev-esc50-0108,True,airplane,fixed_daa,ad603690bc731a36b1a025112b0ffcaf7a299c0c349f9ed9f0b4cf65cb95b1aa,True,False,B,C,,False,False,0.1546905616569727
3b,dev-esc50-0110,True,rooster,fixed_daa,14ec88503fbf632836ee6b7bdfcf871f69c6c842ac5c0abb7f0f3f4d2bc4aec8,False,False,B,C,,False,False,0.15510154149947775
3b,dev-esc50-0111,True,cow,fixed_daa,7df8d415cf747c4560ae4801ee0ede8d8aa0ad8d5985a72e255afcf6f08d427f,False,False,B,A,,False,False,0.15452817575149116
3b,dev-esc50-0112,False,cow,fixed_daa,5574cddeaca46272bebdd69b0b774e11806aa57067846072aecd0346a70ea3cd,True,False,B,B,,False,False,0.19722716898275214
3b,dev-esc50-0113,True,car_horn,fixed_daa,b8725859b236e77c5a23a45ed084ba5f6eeadd4f482a37f9c4945be0f5b172e0,True,False,B,B,,False,False,0.20246525679758307
3b,dev-esc50-0114,True,crying_baby,fixed_daa,0531fc37e4af8ccec011aa4f9ccb7a171d00f5ea8589ce75e66b549fdbdd3956,False,False,B,B,,False,False,0.15174754591217177
3b,dev-esc50-0115,True,rooster,fixed_daa,96411d23691206bf4aaa1a72c22cb5b3152e9401ac38728b964e689bde859c1d,True,False,A,B,,False,False,0.1792658483378374
3b,dev-esc50-0116,True,frog,fixed_daa,609e24769feb5c52d015a61bb0d937be5b806e3e230ccafa7c4a4d7b6b83736c,True,False,B,C,,False,False,0.18752193267643674
3b,dev-esc50-0118,True,train,fixed_daa,4e50b13290fa3810306fdb409b6079cb54b01603a6c3320688675b6631b5d8b5,True,False,B,D,,False,False,0.16711963237988536
3b,dev-esc50-0122,True,sheep,fixed_daa,4532af21db7570aa319a20efdb667676035350f3c8150f7f4c30604d2b078ac3,False,False,B,B,,False,False,0.16546580231626482
3b,dev-esc50-0123,True,footsteps,fixed_daa,322223e7b1f6c75ab2066f43d35677da9586a3aded50cb18c1b22e7be0a34aa8,True,False,A,B,,False,False,0.1626596770306098
3b,dev-esc50-0125,True,crow,fixed_daa,b143c6a95fa38d711e378442be8e081b32e4b388f9de64763f93a9d40311ae03,False,False,B,B,,False,False,0.1557506980405663
3b,dev-esc50-0126,True,clock_alarm,fixed_daa,6b9ac0400f2ad4fb1809ad44b2f2c9f2ee293d552b2dec2e4871abbd34e8192b,False,True,B,B,,False,False,0.19100662706270627
3b,dev-esc50-0127,True,footsteps,fixed_daa,90f2e075bfaf901c2dee5e4efb8051d2adafc09962ee456066a96e98f9a54583,True,True,B,B,,False,False,0.18194211266563032
3b,dev-esc50-0128,True,rain,fixed_daa,f9dfae017f4c6bcec6bdb4271ee79e32e8051eba471667b9d7bacc1e0a579e0a,True,True,A,D,,False,False,0.1599059493723908
3b,dev-esc50-0129,True,footsteps,fixed_daa,62a4c4cab7f70d189145afacee782d2547434e7cb4a3545cf00ecc0f8bd5afa6,True,False,B,A,,False,False,0.16494806351742736
3b,dev-esc50-0130,True,door_wood_knock,fixed_daa,6f06df8948f0d128617804a1727178de158a0a813606ca5f38c2c753b139d44a,False,True,B,B,,False,False,0.188313630147394
3b,dev-esc50-0131,True,fireworks,fixed_daa,a2d11b8859a6a475ac4401edb49d80f3c6097dc957211f1c15a8179aef519599,False,False,B,B,,False,False,0.1712752547455321
3b,dev-esc50-0134,True,airplane,fixed_daa,4b6658a3ee0d717109ec83872dc5d7ac638cd9d90cc75032d3563165b32a7357,True,False,B,B,,False,False,0.17549001055241115
3b,dev-esc50-0136,True,frog,fixed_daa,e42d38380617f174766c7a688858ec22bb8768bdfe996e36e309c7053daa601d,True,False,B,B,,False,False,0.17704327913899703
3b,dev-esc50-0137,True,pig,fixed_daa,3c9d65fe65d47b669671098796466786fa42c308bdf06e1347023a925195f616,False,False,B,D,,False,False,0.1557091722045474
3b,dev-esc50-0139,True,cat,fixed_daa,2497dd2032d4d0841ed4478b308687797dc2c6251630eaa02712dc660559792c,False,False,B,C,,False,False,0.1839337112952464
3b,dev-esc50-0141,False,footsteps,fixed_daa,082b6b3feb9bd698dab7d0f8b4af957a5fd9e8ea498b06e6f3d68d31618f0037,False,False,B,B,,False,False,0.19766748781001794
3b,dev-esc50-0144,True,train,fixed_daa,1470dff153d11555f130257569e024fa0436b3bcb3c522c43059a928508f570a,True,False,A,B,,False,False,0.18895913015669974
3b,dev-esc50-0145,True,dog,fixed_daa,93e71f9679a4f6d4d29059b9876358eff8cb0307a07e4cd885d783edad523b47,False,False,B,B,,False,False,0.15859502860617544
3b,dev-esc50-0146,True,cat,fixed_daa,c38e308a611ffa4e33095b67b995b73c635e996a7890770a96f7a622f16ab2bb,True,False,A,B,,False,False,0.1555620455802667
3b,dev-esc50-0147,True,dog,fixed_daa,638eb2509169de36c0766b551781139a496e5a74bf56e541808380b857dd5a6a,True,False,A,B,,False,False,0.1533263537169856
3b,dev-esc50-0149,True,sheep,fixed_daa,e217b42e11bacfe0074dcff0ebda5ffcfa32f494d4ebb0d12659713abba757c0,False,False,B,B,,False,False,0.17635943422390682
3b,dev-esc50-0154,True,cat,fixed_daa,ed9ee0cafa5f0839a914fba3edf5b8b0aae37aa10b9b080bd269b3088091d738,True,False,B,B,,False,False,0.16303058422641908
3b,dev-esc50-0156,True,dog,fixed_daa,cdd921834eea6f9d8fcab695b125d3ce5d9b04a00b00ebb96263361987e8ab66,True,False,B,B,,False,False,0.18625685004931175
3b,dev-esc50-0157,True,siren,fixed_daa,31bdead7bd55b06643714eb6c42d95b11c7c7bfb25c473a47df215456ad9f112,True,False,B,B,,False,False,0.16121011275826858
3b,dev-esc50-0158,True,frog,fixed_daa,c314a542ad07dbfba191837a87ef6d340402ffd3fb96a9ce1812b62ac5abccf8,False,True,B,B,,False,False,0.1767419373198735
3b,dev-esc50-0160,True,car_horn,fixed_daa,e4ad3868549e9640b29a8ea01411b71b566f5f7546a0575a3bb1c8765f5a9a58,False,False,B,B,,False,False,0.16919728805169323
3b,dev-esc50-0161,False,cow,fixed_daa,7beb9c4e4333bba879f229e0cedb48a955115145c49a08aa34b766b3d4e3be87,True,False,B,B,,False,False,0.19725060148691897
3b,dev-esc50-0164,True,siren,fixed_daa,32cd7450628d21099f34ff4b5a5785ef1ebed2fc199ceab27378b938ff0f8f3c,False,True,B,B,,False,False,0.15326742121866557
3b,dev-esc50-0165,False,cat,fixed_daa,59b68770d5b232991e85f98543b179eed602df73b9e86b0fe495722113d3d4e6,False,False,B,B,,False,False,0.17684241959231078
3b,dev-esc50-0166,True,frog,fixed_daa,1f4203186ad16e6668233f0472db43681728a64513921d7a9061e60066d417f6,False,False,B,B,,False,False,0.18431732360530295
3b,dev-esc50-0173,True,siren,fixed_daa,e151399d3d17bc96e144ac32fbea8a54d5d4d8f219d57bf2b8bde3933b54f1dc,False,True,B,B,,False,False,0.1860026963221434
3b,dev-esc50-0174,True,train,fixed_daa,aa60151700f9de57c85d67e10b0ee585fb5087f9c1e0d0672a511d0fae372fa5,False,False,B,A,,False,False,0.1577054870012003
3b,dev-esc50-0175,True,pig,fixed_daa,d9156672422b7be9099769774287369559c86bbda10a833b0d1eb8e4ae508181,False,True,B,B,,False,False,0.19684844304579618
3b,dev-esc50-0176,True,thunderstorm,fixed_daa,1f25d7158a74edf7aac6e212e7169f6fc36ef1d5b9611fee51c7ea1349f503cd,False,False,B,B,,False,False,0.16484814287934396
3b,dev-esc50-0177,True,thunderstorm,fixed_daa,4aacb888b5adafc4730a30001bcb45275b0a63569f75e598015fb89f69e8c9fa,True,False,B,B,,False,False,0.17247889089355237
3b,dev-esc50-0180,True,frog,fixed_daa,7361d5500fc98de1d2bb9308da2504e4f33c87d37b77b6f381e1a98c6ce0e4a8,True,False,B,C,,False,False,0.17053903603045648
3b,dev-esc50-0181,False,sheep,fixed_daa,3fdef47f4a2846c88c37630c00b9f8798c71c4be6aa983033abdb59d8b5dba74,False,True,B,D,,False,False,0.1503805564438759
3b,dev-esc50-0183,True,footsteps,fixed_daa,12b7dba9ced63956831d80920b305c39de172d92982fb29b1bf42e006241f2e1,True,False,B,B,,False,False,0.17191860557862387
3b,dev-esc50-0186,True,car_horn,fixed_daa,4260a0fe48940328190416d63b654f4e1c3a5ac8bd42a894e65b403270ab6302,False,True,B,B,,False,False,0.1562159270046106
3b,dev-esc50-0188,True,clock_alarm,fixed_daa,b517cc28f5690df343532acda0c87cfe568788305cb63472c0a35b22c82d3225,False,True,B,B,,False,False,0.15453913639398112
3b,dev-esc50-0189,True,cow,fixed_daa,57e666155ffc193e4087b7e08dcb61e5f2198e8d9b80393a8789a545b712acef,True,False,B,B,,False,False,0.193036440332018
3b,dev-esc50-0191,True,dog,fixed_daa,21ca8b4a1e86a34b618e7cfe9a15a4475509a73452aea630171b5baadde9daf6,True,False,A,B,,False,False,0.16670837504170838
3b,dev-esc50-0192,True,clock_alarm,fixed_daa,59d2bb59f2e51aec66c7b378afa7d829665aa119c769180d05b477543f9b432b,True,True,A,A,,False,False,0.15979025664754362
3b,dev-esc50-0196,False,airplane,fixed_daa,7f2d91f842683c0659e89418d39fe4ec941967b809c9bae5148974224a39effa,False,True,B,B,,False,False,0.17937294946034854
3b,dev-esc50-0198,False,cat,fixed_daa,43d4168bd6dfb13d9a38ac7f6b64f6c977bba97b13652e7d62188ae69c2dc721,False,False,B,D,,False,False,0.16538987911320063
3b,dev-esc50-0200,True,thunderstorm,fixed_daa,7043fe5f708a436e3566596d675a169e576fa0774c1a88c33e00f4cc18d5fdd1,True,False,B,C,,False,False,0.16445742153899576
3b,dev-esc50-0201,False,glass_breaking,fixed_daa,0d8dd074a797f988ed3b8c40b37214f773c5a927ad8f9a161946e36182dc85f0,False,True,B,C,,False,False,0.1875155788947237
3b,dev-esc50-0202,False,door_wood_knock,fixed_daa,60c98f9218132088cb536b9983527794793c521e6c624f7459fe13fd42fe4a05,False,False,B,B,,False,False,0.2260440409139714
3b,dev-esc50-0204,False,siren,fixed_daa,fb2a1b1b201579ccc88b71199e3d022f7800b1a63cd60c64e88796df6f19942f,False,False,B,B,,False,False,0.1685106057112027
3b,dev-esc50-0206,False,rain,fixed_daa,673730f056a60e39761f265565e5321d32d7d4eba6f8ba80df3035340fbc9d9a,False,False,B,B,,False,False,0.15551468214371808
3b,dev-esc50-0207,True,thunderstorm,fixed_daa,a4f1807e6cb82457569a7a99566ccf580111b2df8559a6f2d8cf027f517c147c,False,False,A,D,,False,False,0.17070488813729748
3b,dev-esc50-0208,False,rain,fixed_daa,fb2dee564985e99593dc9ff5b0bcec0647692b338489c243fde7f07a5fb243ae,True,False,A,B,,False,False,0.16665310440773415
3b,dev-esc50-0212,True,dog,fixed_daa,be92ea8291bcae6d11eab75a75db8ee9ff6fbea9354b62760cfb9af1c962c292,False,False,B,B,,False,False,0.18740918537379941
3b,dev-esc50-0213,True,glass_breaking,fixed_daa,1d160edf6bd29550dacb4d90b5d39dde687a8951a0de2924946ae6bb2ee44d17,False,True,B,B,,False,False,0.19315326318085166
3b,dev-esc50-0219,True,sheep,fixed_daa,24f49bfccec6c22a8dcf76a29e4712beef9a3c9bca2d5c4dc1ff752b67a48ec6,False,False,B,B,,False,False,0.18571797736435616
3b,dev-esc50-0221,True,sheep,fixed_daa,931e47058308c2710c69acbbb32a4d87d9581ec2c724acdbe3a6acbae7ae9cf4,False,False,B,B,,False,False,0.19129934827721093
3b,dev-esc50-0222,True,airplane,fixed_daa,097e10ce3bdd3b7d5c3fbcfde9668c9b2ad07aea1e29078cce82eb2d443d9dc6,False,True,B,B,,False,False,0.16300811092276002
3b,dev-esc50-0229,False,cow,fixed_daa,60ec6de839dd507a888be98afee05a9fcd94d4ce91e5d4660a77126e2b791b19,False,True,B,B,,False,False,0.1675007352628671
3b,dev-esc50-0230,True,cat,fixed_daa,7d8978baac9329ec065c638b00ab9bf97aef70e8dc75d23917a0e0de943c2c89,False,False,B,A,,False,False,0.15821167124434157
3b,dev-esc50-0233,True,door_wood_knock,fixed_daa,e56d608b73ca66733e94def000204743b0545c2a15b9de4c4154a8b89ce44839,False,True,B,D,,False,False,0.1592072136172076
3b,dev-esc50-0234,True,siren,fixed_daa,732ba6d31f82cda56323f48504e7af1682b89c96c147f8761c067fa9c449f446,False,False,B,B,,False,False,0.16464981285288335
3b,dev-esc50-0235,False,sheep,fixed_daa,3c0be83a9b81dc0a2753a23d8ddf6aca276a4d20dafcba2d9794f4392ffcc16a,False,False,B,B,,False,False,0.16255403461730564
3b,dev-esc50-0237,False,airplane,fixed_daa,8f303d72cc6624b5e57d2c08413b56d1805af15a4c08ec6eec6f3b854902054d,False,False,B,D,,False,False,0.1683134856524093
3b,dev-esc50-0238,True,car_horn,fixed_daa,08d962114059e0ddcbdf7e31e7382c663532c21dcf0394ba29ebcbdf7a0cab56,True,False,A,B,,False,False,0.17694938569832983
3b,dev-esc50-0239,False,car_horn,fixed_daa,4ceb2032aa2df5da280434dfde7b2a9cc15c82dd9ad23b616259debd575fd8eb,False,False,B,C,,False,False,0.17463051580979605
3b,dev-esc50-0241,True,clock_alarm,fixed_daa,5799ac9ab9e1967aecf0e17bd2de16bf116e37afadfb40a323a398d292f45bbd,False,False,B,B,,False,False,0.15842828299035927
3b,dev-esc50-0243,True,crying_baby,fixed_daa,26deef24311e8213bef31107697acaa9b4bba681f947dbc6a2723437b705aa94,False,False,B,B,,False,False,0.1518816562321069
3b,dev-esc50-0249,True,cow,fixed_daa,363369a9b8f760bbbc84baf5fe44432cb898ad9d0096bfe171e3e3299c732ebb,False,False,A,D,,False,False,0.18353983046878658
3b,dev-esc50-0252,True,crow,fixed_daa,931bd5661895929ba71ca491c06465eb60a6e55a3c7290689ed00764d3617834,False,False,B,B,,False,False,0.14981573814427873
3b,dev-esc50-0254,True,clock_alarm,fixed_daa,8cc54a093d209c1bb935ef80473c7c4c8e1e3c7dc8dd1c4eeb406620f8031bbe,True,True,A,A,,False,False,0.17268922366720557
3b,dev-esc50-0255,True,footsteps,fixed_daa,a85a2fa006c213ea8f481f8c2525cbb2f01d4126158ead6ce0e8564f570e0df7,True,False,A,B,,False,False,0.15455605603830466
3b,dev-esc50-0258,True,crying_baby,fixed_daa,deef8ac5a222eae072836c522287f3b5e83cb0630c65626cff8f69deb60fe034,False,False,B,D,,False,False,0.20182795153694272
3b,dev-esc50-0260,False,cow,fixed_daa,55e2b40e075a5c600068898d980af6266c8bb1c0848fcee6aa58324f0af1469e,False,False,B,B,,False,False,0.15789909198578758
3b,dev-esc50-0261,True,door_wood_knock,fixed_daa,e97385031e64abef3fef4b624cc7722f9b271dcea6e513b72decb0b9fa8c881c,False,False,B,C,,False,False,0.1559153661613039
3b,dev-esc50-0264,True,siren,fixed_daa,f01a4b14f39c47575b9b41c41f0da9fc2bc12961a09bd79d60456283587745db,True,False,B,B,,False,False,0.1548262650063381
3b,dev-esc50-0266,True,door_wood_knock,fixed_daa,f8071619406948838777048e2e52d43e337a0c5fc4cafa51589edfbefd85fe58,True,True,B,B,,False,False,0.16947368046537278
3b,dev-esc50-0267,False,train,fixed_daa,c078f02f379909df8d0475c681ee0c68c2f1c7b60e7b97e3c86dd22eb80a35a5,False,False,B,A,,False,False,0.19557766359889334
3b,dev-esc50-0269,True,cow,fixed_daa,622e0db6d32afde0d899be500fc0f4c8518abe942bfadaf4bbfbd4b5803a6a47,False,True,B,B,,False,False,0.17271656860920645
3b,dev-esc50-0270,True,footsteps,fixed_daa,33d999107d7cbdc27f99f3a3ce8231a39daebe414c2fe16e93a1d987a340f3d3,True,False,B,B,,False,False,0.16091429063966875
3b,dev-esc50-0271,False,door_wood_knock,fixed_daa,3fc807ebdcb349988b63500c74db03cca728207de5278cdd44ff5b04eecf8853,False,True,B,B,,False,False,0.19883889832385732
3b,dev-esc50-0272,False,pig,fixed_daa,561b9ff6eacbdd1bb942b263eb20c6c6658c2a037a89cd45b5f39b1f122d4fa5,True,False,A,B,,False,False,0.19308976270724815
3b,dev-esc50-0275,True,cat,fixed_daa,39d2f894b55d8b5d8aef7dbdd6c8f05af73dbae82f93d9a05f206a41fd28de40,False,False,B,B,,False,False,0.17791756494313998
3b,dev-esc50-0276,True,door_wood_knock,fixed_daa,1b38046a525a8bb284d1035a705766ae3114794365fa8dc338e75d1fd33b3466,True,False,B,B,,False,False,0.15790156512698356
3b,dev-esc50-0277,False,cat,fixed_daa,78a2c940c954e16968b4a5c163c85221664687415df4ff674affd7e1a54a24ac,False,True,B,D,,False,False,0.15499669436361999
3b,dev-esc50-0280,True,airplane,fixed_daa,64fef354784950ea7952757224bb3d276989ffa7c962d88cf4d03b1a62bf48a8,False,True,B,A,,False,False,0.1745920603039996
3b,dev-esc50-0281,True,train,fixed_daa,398538eecc9fb12725e2de8fb7ce6258b3da1a3a4347a5e5d57e7ce3d8f6104b,False,False,B,D,,False,False,0.178411374488586
3b,dev-esc50-0282,True,crow,fixed_daa,603ddf0ed9cd14143e1cb23aa41516387040daf29622f19969c9717fdc28f076,False,False,B,D,,False,False,0.1601119085406104
3b,dev-esc50-0284,True,cat,fixed_daa,85ec8aa5c0bb599c05b9678a43559baf1673de6795a052040232b8faa725eff6,False,False,B,A,,False,False,0.2034560803389299
3b,dev-esc50-0285,False,fireworks,fixed_daa,6eaee071e37641e0b771f4e01d67c8114a4e8c1d57631cf50815e1d2b9950365,False,True,B,B,,False,False,0.1500405857489132
3b,dev-esc50-0287,True,cat,fixed_daa,467baaadb314ae01779355f8fd47d7d46f8097f04430afdd4282dc857d84178d,True,False,B,B,,False,False,0.15738572048526772
3b,dev-esc50-0297,True,rain,fixed_daa,e29023abb7798f0e0a9c86b37de39ca0383039873e736da4e9d733b83da1efea,False,False,A,B,,False,False,0.15208009207230386
3b,dev-esc50-0298,False,train,fixed_daa,134d20b4a0bc6898b1b8a08e3b816ffd547538bb0ff61644c15d47d8c0fc92f1,False,True,B,B,,False,False,0.1591661809373153
3b,dev-esc50-0300,True,airplane,fixed_daa,fb0232a485f1d7fdd830a954848618080907e8d869df195173452511d3991aef,True,False,A,B,,False,False,0.15575182050777406
3b,dev-esc50-0301,False,pig,fixed_daa,50fd03087c5c159fde76ce9b6f12bb98880a35df68d75a83c0fe695ed9115297,False,False,B,B,,False,False,0.18456207562004145
3b,dev-esc50-0303,True,cow,fixed_daa,a57a8a62860a08ab82823228ca624a01b7873a38fcb6a8d3de68f87f4c26d70c,True,False,A,B,,False,False,0.1578011657542469
3b,dev-esc50-0304,True,crow,fixed_daa,62a64e3b5ca9417dd915a72219e2f159d1d12246f2d00b8b3a504a9660706b11,False,False,B,B,,False,False,0.16056638830006686
3b,dev-esc50-0306,True,glass_breaking,fixed_daa,bdaf8b574abaff3ee30f244b6d17db0a02fd7b6ae2535f1e969bd4a32e3d62ab,True,False,B,B,,False,False,0.17764566278316807
3b,dev-esc50-0308,False,frog,fixed_daa,cd8c3f0c6b17f28d3b37d9a3a3e231005069a1545188fceb46b1c7d7183adcde,False,False,B,B,,False,False,0.16911429126008012
3b,dev-esc50-0315,True,sheep,fixed_daa,f691e810e549504a7113ceb5376eed932cb2fb2dc4f025742023cc4f1e2cc3a4,False,False,B,B,,False,False,0.1635341682401449
3b,dev-esc50-0316,True,crow,fixed_daa,b4c71324835f196ca78a65ef4b7986b68f8a209ab4fba6f3792ba01413f6500f,False,False,B,D,,False,False,0.15149030588322557
3b,dev-esc50-0323,False,train,fixed_daa,33b5b526d10692c7b8ecabdedeff8145ab51839cd6d2b3414ef15665bf1fa86b,False,False,B,B,,False,False,0.1863018629656648
3b,dev-esc50-0324,False,crying_baby,fixed_daa,deabc87cb7ad3e322d46f1433f44dfe67b644e43d99e4345d6ae32297fc187ab,False,False,B,B,,False,False,0.15810932688805748
3b,dev-esc50-0325,True,pig,fixed_daa,bcc45b97a77d93805c5825569ca6e17f02b084f6146d0b1251e4e43b4670b8c7,False,False,B,B,,False,False,0.1713129741295468
3b,dev-esc50-0327,True,crow,fixed_daa,f879b875448f290fe2954d5fd087c7b80666e53f60d525156889b12af88274f5,False,True,B,C,,False,False,0.16635051171253126
3b,dev-esc50-0329,False,pig,fixed_daa,ff8ab964e237f0b3bd1923f788dfaeaeea7406ca8bdbfc72665c38c52e7c921a,False,False,B,B,,False,False,0.16083474820736832
3b,dev-esc50-0330,True,clock_alarm,fixed_daa,91cf8eb3e99f7aebeb9c073417e880a37fe74ad687db5f6a53181dbf1d8fc5a3,False,False,B,B,,False,False,0.1667135527468402
3b,dev-esc50-0332,True,crying_baby,fixed_daa,ddec0eb42a18930e8b195f172effb2250cda48c552992ba34018913e98a9466e,True,False,B,B,,False,False,0.15403870278306928
3b,dev-esc50-0334,True,cat,fixed_daa,052c9b74aba3e49e10603b0649372955c7035cce7727b825c196bc8a555d15a7,False,False,B,A,,False,False,0.19808448563159586
3b,dev-esc50-0336,True,dog,fixed_daa,83c00ecaf2ca38838549ae96f04b40d5da0a13f9e3fffcb2bab3bd41eb5611de,False,False,B,B,,False,False,0.19250820225477625
3b,dev-esc50-0337,True,rooster,fixed_daa,071a5f3a1268372dfba290b2ac2d1552e8bb604652c251dffd0a80a9c650407d,True,False,B,C,,False,False,0.1731342754823058
3b,dev-esc50-0341,True,train,fixed_daa,78d4c1f25068f3e1bb067dd3c64253057fb97834909fbcf80bda450ac6ed777e,True,False,B,B,,False,False,0.16950516482489442
3b,dev-esc50-0342,False,frog,fixed_daa,4ea91e42e5412847ed59f8f76eebd8e66c2724e3d944b64c71da2d32e4bf76f7,False,False,B,B,,False,False,0.19029552726085533
3b,dev-esc50-0343,True,sheep,fixed_daa,82ee656716f49c3b88c5622545cb5397f8c5c415809698d787991e3806ceecd4,False,False,B,B,,False,False,0.17808226682308223
3b,dev-esc50-0344,True,cat,fixed_daa,84c7337eefd1c9cab84b43211a370e380ba4706472d3a3935b779b948f22155b,False,False,B,B,,False,False,0.17624342675009097
3b,dev-esc50-0345,True,glass_breaking,fixed_daa,c90d8bfaeb2f4ae0d11266657e3530c296cdee33d6b10417d24fc2dfaef6a42b,True,True,A,B,,False,False,0.16930566890410043
3b,dev-esc50-0346,True,airplane,fixed_daa,76c0196cfdbb1ab337507e7a3e2e8c78c6014b6c4aac4dad7128983dafcb5a71,True,True,A,A,,False,False,0.21659281453337786
3b,dev-esc50-0349,False,airplane,fixed_daa,82b24799cc72012b59eaa02deb0beb87045337581a08e5b013155573ed5349c0,False,False,B,B,,False,False,0.16644114941194998
3b,dev-esc50-0353,True,thunderstorm,fixed_daa,b6d3d9b922a7249f9e971b571eaa34b3b594d4823cd79c923f7059f9c7436fab,False,True,B,B,,False,False,0.14545202873919366
3b,dev-esc50-0354,True,siren,fixed_daa,63435c2b26a1f97813414a9784362f6d21c2e702cd69a7b5fae9ff1a25523c5f,False,True,B,B,,False,False,0.17902487304159914
3b,dev-esc50-0355,True,rooster,fixed_daa,c7361f264ba693f5a8fa80ba7bedacb9ed7b3277efdffd59ec46688b1cca15c5,False,True,B,B,,False,False,0.1571842129824821
3b,dev-esc50-0362,False,fireworks,fixed_daa,24b390673d959cb12bdbea58137f779e0f34f8a58d64033f7276fd66d5322faa,False,True,B,A,,False,False,0.16628721006085725
3b,dev-esc50-0365,False,sheep,fixed_daa,92971f306297ce907996cdd85167629d6abc2a9becfa480b798dfd00d8280eb4,False,False,B,B,,False,False,0.17028451359894217
3b,dev-esc50-0367,True,rooster,fixed_daa,05859cd01984026513c4675da5045935f7006e1cf11348dfaa6447f3a3cc8598,False,False,B,B,,False,False,0.1628795090816114
3b,dev-esc50-0368,True,airplane,fixed_daa,ed58630afbe17a477a1265e88db56a716c783377e735a44be66f4feec5beddec,False,False,B,B,,False,False,0.17650524580876104
3b,dev-esc50-0369,True,rooster,fixed_daa,39730431f05af8f90b95c03a3cefec329e18ca3861709c8186e21a84c40e80ae,False,False,B,B,,False,False,0.20789469059559829
3b,dev-esc50-0370,False,crow,fixed_daa,facb453af9ac2538b95c46f38472418602d43f3a65d07558ddd86e05c6c9e274,False,True,B,B,,False,False,0.18980833565563415
3b,dev-esc50-0371,True,clock_alarm,fixed_daa,755a085a8e91db3c8fae239c1ba18552f80c970e5a50f70ddd15bfce97dbfdb2,False,False,B,D,,False,False,0.16480891719745222
3b,dev-esc50-0375,True,crying_baby,fixed_daa,bb6bf8d64c6a61550996039eca4c1c2e4b00548043bcea9a75f96a4d7d24b5fc,False,False,B,B,,False,False,0.19153447151658706
3b,dev-esc50-0377,False,airplane,fixed_daa,a0989d902f1c3fa11c41ac022d9c0b323c7d4f2030cf954593e749675c9f154e,False,True,B,C,,False,False,0.17353031442756134
3b,dev-esc50-0378,True,clock_alarm,fixed_daa,a18d09cb007c0851a65060e3a125f6afb9a81ff6eb35773ba03c0da30c6ba841,True,True,B,B,,False,False,0.1778937680500164
3b,dev-esc50-0379,True,crying_baby,fixed_daa,d769b28a080fc55dc16df08b45f87b86cd545c45c0390de57d649e4b27b01e76,False,False,B,B,,False,False,0.21780758514915283
3b,dev-esc50-0381,True,clock_alarm,fixed_daa,3dff1d5a5566eec5681a6dba73bb6879a2b9cac9f910ad419a2086191ba9123c,False,True,A,A,,False,False,0.15362804172821695
3b,dev-esc50-0383,True,pig,fixed_daa,b4d6001194c50f46806835759f467e4f6e0195163a27fe1fc2c6090f43c47ee6,True,False,B,A,,False,False,0.16342681038292312
3b,dev-esc50-0386,True,crying_baby,fixed_daa,05115891331a2d2eb1d4b07fd3355d83d7117318aab1371622510b22784db5f3,False,False,B,D,,False,False,0.15227709160738445
3b,dev-esc50-0387,True,cat,fixed_daa,8f368808943352cdbb5eafd9b8a21ba4dee832742699aae043c5ab185522383f,True,False,A,B,,False,False,0.15125974827407823
3b,dev-esc50-0390,True,door_wood_knock,fixed_daa,e63d29dfe7310818203c0a3311cd9084685aed08998b25f2ded25e2baf22495d,True,True,A,C,,False,False,0.18635990010615255
3b,dev-esc50-0391,True,crying_baby,fixed_daa,2723129a0ef3facec4edab0f57c0c69f8850fd1bac9a12a05efc9f4ef5e11607,False,True,B,D,,False,False,0.17940394973070017
3b,dev-esc50-0392,True,siren,fixed_daa,17a9b4aeb83ede02e3494b14ea97fc1665e4bee5de87b597a1679e07c49ae51d,False,False,B,B,,False,False,0.17221095767532987
3b,dev-esc50-0393,True,car_horn,fixed_daa,5c004d3ca6c1acf9c08f7d38ca5b6632078af1789e735005d3a56abee6fd7749,False,False,B,B,,False,False,0.16120993456857627
3b,dev-esc50-0396,False,siren,fixed_daa,02648afa5674cca063dbb9b1da039e512ccc2e39a3ee9828993698273581db80,False,True,B,A,,False,False,0.14937152187953157
3b,dev-esc50-0399,False,thunderstorm,fixed_daa,ced2a8af1dc1c32a4d13b000ac40a088694d2f6dd845902ad321f42df2c896d7,False,False,B,B,,False,False,0.1585555529456769
3b,dev-esc50-0400,True,rain,fixed_daa,645562bf158991962ff480827e5dee2d5576f9c0fd823d001825902c625e566f,True,True,B,C,,False,False,0.15473010682039132
3b,dev-esc50-0402,True,thunderstorm,fixed_daa,57f3ec266ccb3e3aef4963221d0aa3e738970881284fcbdb76997b0492cda116,False,False,B,C,,False,False,0.16415829332665033
3b,dev-esc50-0403,True,door_wood_knock,fixed_daa,893d4a9c2b387cf5401110e6373156ccdb0bc6b120333067a23ec1db81ef57d1,False,False,B,B,,False,False,0.154428149765605
3b,dev-esc50-0406,False,pig,fixed_daa,461655b65eb1d21ec6f3700aa39444f4a45003ee689079ab4b8c89fb08d6d2fc,False,False,B,B,,False,False,0.16224196876140534
3b,dev-esc50-0409,True,airplane,fixed_daa,0462efe7b309b7ab6dee26b2b141e623f7eeb2e622dcb40c582a3f4f3b6e079d,False,True,B,B,,False,False,0.17063689924744774
3b,dev-esc50-0411,True,fireworks,fixed_daa,ef4c8d1ebb458151ec2b1a93cf1711f93e8e3a1e521de8a4a336ffbec01e05bc,False,True,B,B,,False,False,0.17959497070978941
3b,dev-esc50-0414,True,train,fixed_daa,6fa070d6a7fd01a0e37c2d98facd58704b6a62396b3ef454c49f2dc8055bd7b7,False,False,B,B,,False,False,0.15768091009807544
3b,dev-esc50-0418,True,glass_breaking,fixed_daa,52528f041fe4e6734f31d8b0598090cec0f98f1c8f760b24fbc929d6ee63591b,True,True,B,B,,False,False,0.1836148764690367
3b,dev-esc50-0419,False,door_wood_knock,fixed_daa,b447917c0c3b42e177514046a95090a1ea90f5867bd43beab9ffe3edd2d1a34b,False,False,B,B,,False,False,0.1627136930712486
3b,dev-esc50-0421,False,thunderstorm,fixed_daa,af48055b2d411d6dbc3d4031c13ba6f37747ed57a9c08d1c4098c1c9b8e10a5c,False,False,B,B,,False,False,0.17876688818633463
3b,dev-esc50-0423,True,cat,fixed_daa,3c7760b71b5d8695dfb380bb28ede932c1a301326478405f49efcb24888858f2,False,False,B,B,,False,False,0.19306840195764782
3b,dev-esc50-0425,True,fireworks,fixed_daa,b851fe0e3bb0f5f201d6adde1e5aba4b864222f197f518c5d686a0b5397cb9b5,False,True,B,C,,False,False,0.15727515201590517
3b,dev-esc50-0426,True,footsteps,fixed_daa,b6f4da0d362a7192c2d6af7516069a883715b6eacf7b4b3e624c3cdbae7890de,False,False,B,B,,False,False,0.16097459474627124
3b,dev-esc50-0431,True,pig,fixed_daa,b201fa5ad4e05bce1e5c88c66f4bd3040786e56688f404b1c65bd9c60720efe4,True,False,A,B,,False,False,0.16160818266016994
3b,dev-esc50-0433,True,fireworks,fixed_daa,7cf91d5bb417ada604d50d11949d99c1ce1bd0d4a914e42669fa3eb0ff4e74a7,False,True,B,B,,False,False,0.19031507994565786
3b,dev-esc50-0435,True,thunderstorm,fixed_daa,1a1b698be1e598f8dc46a73ac264b25778b67fca6209e30c78f211aaf41f1e41,True,False,A,A,,False,False,0.16157084866260485
3b,dev-esc50-0438,True,pig,fixed_daa,c07771910493ed23a1768c5ff312ca7fb1b9d9f9154da31849545aa936da618c,True,False,B,C,,False,False,0.1598753971437041
3b,dev-esc50-0440,True,thunderstorm,fixed_daa,b5001798deb3a305341ef5441f38d905f1929263b838080d81f1f110d70a9ad3,False,False,B,D,,False,False,0.16557341956529678
3b,dev-esc50-0443,True,cat,fixed_daa,28714cf43211e0d615d4d928d9377f5f9e34d2b35c5a471af681290e99a7c17f,True,False,B,B,,False,False,0.161613942589338
3b,dev-esc50-0445,True,train,fixed_daa,80a1783eb3767675a0e3d8df97a64c203bee5a43d56f450e2666a965e103b21e,False,False,B,B,,False,False,0.19105723193996724
3b,dev-esc50-0446,True,rooster,fixed_daa,ef210d7071373b7c80039fc643a1325629ce71476c2b2076a935e541a32d8cb4,True,False,B,B,,False,False,0.16253580169061455
3b,dev-esc50-0449,True,rain,fixed_daa,66b4bfd77adc082a6ed7104f09b250254d2174d6a6fe9cad24591c6c41fe6f0e,False,True,B,D,,False,False,0.1649611937197044
3b,dev-esc50-0450,True,fireworks,fixed_daa,36361f06f6390390ed21cdccdd2a0b3abafb85fc737a14b1b02799a9f983d437,True,True,A,B,,False,False,0.1571706783510594
3b,dev-esc50-0453,True,airplane,fixed_daa,55641fcbec7eeaa6e3a699e81e37d6af47223a80a5ddc9de79b67fe809b7d8d1,True,False,B,A,,False,False,0.176203338453661
3b,dev-esc50-0457,False,footsteps,fixed_daa,2498dd37c8758107da980dfec5eb06d823d3954e50575b684f72c1f62e4a0e9a,False,True,B,B,,False,False,0.16095401840126847
3b,dev-esc50-0459,True,clock_alarm,fixed_daa,c09d06a669e2daefe3da586aeeded896ec004f7c1392aef9d8aca61a4de92583,False,True,B,A,,False,False,0.19309253093102907
3b,dev-esc50-0462,True,train,fixed_daa,9756f2e5b8e02de0bda5fe1e0f89687b888a54156a646f96e3e1a6d9407e4aa3,True,False,B,C,,False,False,0.14973304609996613
3b,dev-esc50-0463,False,dog,fixed_daa,c4cf24358fce2cfffcc8536982c51148d122e9156c1b723895a6ad885d08bfb0,False,False,B,B,,False,False,0.15172135006800577
3b,dev-esc50-0464,True,train,fixed_daa,79b6fd1f08395baf7448cb590fb217165a6634a7596197fe4968462d6f7ab95f,False,True,B,B,,False,False,0.19160272804774084
3b,dev-esc50-0466,True,car_horn,fixed_daa,1b005b9660b47e32a73d4ad477fcdd82f68414be3245abff2a80a61a1a755538,False,True,B,D,,False,False,0.19103056555185052
3b,dev-esc50-0467,True,door_wood_knock,fixed_daa,af46ae539eaea8bd8e540710a96b1e61a0df8c62e9313a7c5dbef33745b9ca1f,False,True,B,A,,False,False,0.16554101125417572
3b,dev-esc50-0468,True,fireworks,fixed_daa,e75bbdc8e05ba691543cb2e49429e2c2a92adb7e4948ef61073f6fdaf3d70a9e,True,True,A,B,,False,False,0.15468408132248482
3b,dev-esc50-0469,True,siren,fixed_daa,8caa801f3cff17634b7b5c4507db69306b9f4d50a5fa41329b4395f9724b6281,True,True,B,D,,False,False,0.20779995528801967
3b,dev-esc50-0470,True,clock_alarm,fixed_daa,c6eb81150c2f726d96d4f6b272e0e4fd399c20f16e4cb317bd54b2ea711d06c5,False,True,B,B,,False,False,0.1631168625238707
3b,dev-esc50-0471,True,rain,fixed_daa,7fc63ca490c2566c8e6625e63839474ce231704fde2a70c7693ab4bdd669e130,True,False,B,B,,False,False,0.17627516331155843
3b,dev-esc50-0473,True,crow,fixed_daa,81e3238c978d75e1d8390e6885f2040550ab7ceac3c319fb810889ce2949f079,False,False,B,B,,False,False,0.161592137088659
3b,dev-esc50-0474,False,glass_breaking,fixed_daa,8d1f55ae98edd74f87fb934058d99fcf48acf579e6d8216f39ddd35df60e9a46,False,True,B,C,,False,False,0.17328426368978356
3b,dev-esc50-0476,True,clock_alarm,fixed_daa,c8f29ea35c771ef7d47a2da8d20510b2a676fa1d38510c076ba9839914c05162,False,False,A,D,,False,False,0.18735937042048875
3b,dev-esc50-0477,True,train,fixed_daa,e5d622d7faaef358a218e0b6fa68cd5508334c1dbf8757204d729fe672a40d77,True,False,B,B,,False,False,0.17816637868243226
3b,dev-esc50-0478,True,dog,fixed_daa,9a24fd315142f9e0959dee7bebd34860e117babf4db06d8d58c826afe20c267b,False,False,B,B,,False,False,0.1701062431494955
3b,dev-esc50-0479,False,pig,fixed_daa,ff3b7b56b7bd039c6eb0c8a8f63abd5cd7640cea1a8b57030132b1ee563013b8,True,False,B,B,,False,False,0.18230233850773295
3b,dev-esc50-0001,True,siren,declared_daa,0512cf0097ea06026cbbd0923d94a6aa4f2fbeae336f9b9c56462fdb65efe02e,False,False,,,block_declaration,,,
3b,dev-esc50-0002,True,fireworks,declared_daa,82e49db9fd03d02e0745820a94d1941a9692ee99f2634ee2a0901678aecda0e0,False,False,,,block_declaration,,,
3b,dev-esc50-0003,True,clock_alarm,declared_daa,a939f6f1b079143f877299610a111b549f217561acf05f3f8d4e02c8d0a267aa,False,False,,,block_declaration,,,
3b,dev-esc50-0004,False,fireworks,declared_daa,4c96306a69e1051b31d54255071b3a4d9f45598c18df326d2c155adb6d65cf89,False,False,,,block_declaration,,,
3b,dev-esc50-0006,False,rain,declared_daa,4416161f008fc06e18d6ad2285052cbdad3b2112f29f987a2b522e026e7b4ccb,False,False,,,block_declaration,,,
3b,dev-esc50-0007,False,footsteps,declared_daa,ca91247c507a3be0abd6abdae8db8def080cdeabe77f5b5636df26bb97735027,False,False,,,block_declaration,,,
3b,dev-esc50-0010,True,car_horn,declared_daa,17bd259ba7c5f364907b2abdd4c3a117541e6d2f7148d115a59fb84f066c13fe,False,False,,,block_declaration,,,
3b,dev-esc50-0011,True,siren,declared_daa,eb8151794e1914ed77ac34dd91c0768e8232d12ebeacfb87ab163476c481fb83,False,False,,,block_declaration,,,
3b,dev-esc50-0014,True,dog,declared_daa,35744dd704733b74c727e8799d2b7edcefd87caa8e9ca3d49c2743d3313ed87e,False,False,,,block_declaration,,,
3b,dev-esc50-0015,True,crying_baby,declared_daa,9e8d8c202081221c0eeeea5e63d8921b3bb9e1f2a2d14f0d8cf1219394913393,False,False,,,block_declaration,,,
3b,dev-esc50-0017,True,rain,declared_daa,9e6cd6be987ca15907674fb3463bf6bc8747ebb97fd04da62523ffbc4df1f19f,False,False,,,block_declaration,,,
3b,dev-esc50-0018,True,thunderstorm,declared_daa,eee90f350ce4874f6fe9d7905e3ae6a53f05fcb91910c6714fc84ce17d907df9,False,False,,,block_declaration,,,
3b,dev-esc50-0020,True,glass_breaking,declared_daa,c8ff4eadec38ef3305194d1e6896e82e297183755e6536175bc5d225650c537f,False,False,,,block_declaration,,,
3b,dev-esc50-0022,False,sheep,declared_daa,c2d16d914e538f732b4e3f7368bab045ee8996cc471038f70a3516f44bf703c3,False,False,,,block_declaration,,,
3b,dev-esc50-0025,True,sheep,declared_daa,64319841650d658c4ca1e92cadbcf992e62b669a84d71edac72de98836b9a0a9,False,False,,,block_declaration,,,
3b,dev-esc50-0026,True,crow,declared_daa,cb7365d1763e189cb90ae07a004b9221a91501b187e6205ead854aa99d8a800e,False,False,,,block_declaration,,,
3b,dev-esc50-0028,True,sheep,declared_daa,f5f8bde72c7a96b466bd84cf59c4a14e4c048cf2efd25fe03d08def659475018,False,False,,,block_declaration,,,
3b,dev-esc50-0029,True,pig,declared_daa,912a3f118bec229e7c1a939e83b27b29d653bc28b22c31ff00e233aca570231b,False,False,,,block_declaration,,,
3b,dev-esc50-0032,True,car_horn,declared_daa,2cf6ce99ea1a679b494226afa5fad3a5bb20f7547e53d52464794639a05c849c,False,False,,,block_declaration,,,
3b,dev-esc50-0033,True,rooster,declared_daa,f9569051af8f8cd849cc1de0e1374d3968fd5ab1f29dc577b387ed7db07da60c,False,False,,,block_declaration,,,
3b,dev-esc50-0034,False,rooster,declared_daa,12d5ac19b99c9eb131557179fa989c7d28ddaca5bd70ce300ee67cfaaac68a1d,False,False,,,block_declaration,,,
3b,dev-esc50-0037,True,thunderstorm,declared_daa,5bd2a2e3813397f8c3993d1af6aef6c1e81ab5a4499a9785cebdb3c518eddc53,False,False,,,block_declaration,,,
3b,dev-esc50-0038,True,door_wood_knock,declared_daa,93e26ca77f742fad6294dcf00ad3b049114eae12f0fffa1dd5cc9957b332f85b,False,False,,,block_declaration,,,
3b,dev-esc50-0039,True,footsteps,declared_daa,571b963f6a867bda4a67006d26ed6aa1af60a249a03269fa10a7752a83336f25,False,False,,,block_declaration,,,
3b,dev-esc50-0041,True,airplane,declared_daa,537d258344f2292ea2b48a068e7afc2bf249e205db28f9ebdf3ff4b98b906627,False,False,,,block_declaration,,,
3b,dev-esc50-0043,False,cow,declared_daa,6c93921ba62414474d504e38d10eea06966964608d7d36b2c1073cae6e44a031,False,False,,,block_declaration,,,
3b,dev-esc50-0045,True,door_wood_knock,declared_daa,605dc4029fba2085b36423ab1a3f2e2c8d872d8de0133cfa645da03e21168e62,False,False,,,block_declaration,,,
3b,dev-esc50-0049,True,cow,declared_daa,aa11a756c23accd87cb1a531c23e04a59f27c2fd669f6557c0a0a0f872bd498a,False,False,,,block_declaration,,,
3b,dev-esc50-0055,True,airplane,declared_daa,111d4475970d0a01c7d8c7ad53a4c1d68de07980322f596878fb0e394dd683a2,False,False,,,block_declaration,,,
3b,dev-esc50-0062,True,thunderstorm,declared_daa,a21aa2c9f7131976037c511a02f8420dafd32ccd07cccf9125349c68b4a4d0ee,False,False,,,block_declaration,,,
3b,dev-esc50-0064,False,crying_baby,declared_daa,6813857c0bcf916b950633416a2b1f7b14f86569658f5ea78313ee6bb5dc4b00,False,False,,,block_declaration,,,
3b,dev-esc50-0067,True,glass_breaking,declared_daa,d8308f14525556839e1a641c6ad33f0394ebf1a7081e43ef2018e2520158bba3,False,False,,,block_declaration,,,
3b,dev-esc50-0068,True,thunderstorm,declared_daa,1aa3bd4197e6feb5f37350b8903ad6c137b44bdbfef036b58d97de11ac560f11,False,False,,,block_declaration,,,
3b,dev-esc50-0073,True,footsteps,declared_daa,67fca08ed38ee7c16c869a92812d95bb2201cdd716ff2aaf2208499a56af0f1f,False,False,,,block_declaration,,,
3b,dev-esc50-0077,True,thunderstorm,declared_daa,207562b965e51145aa11cb3c14edb4d7703bc5c6878287b52f0c443e928c92de,False,False,,,block_declaration,,,
3b,dev-esc50-0079,True,car_horn,declared_daa,c19fc60bf65f96367d299bd7cd5ba00e2cdc96d1555489f0324385ba3d0e5976,False,False,,,block_declaration,,,
3b,dev-esc50-0080,True,frog,declared_daa,d4cf32b5cebe89bb46922d1e6e6af49979594cedd0f69b29bb04d8123de0b474,False,False,,,block_declaration,,,
3b,dev-esc50-0081,True,cow,declared_daa,d02900eff2669f44e8f816d1cf14cfbc4c3beb885b019f0b91bd3e0bb10cab2d,False,False,,,block_declaration,,,
3b,dev-esc50-0087,False,airplane,declared_daa,54e6a55a0617aae80aa14915417d89768a6e11ba84fcf2f0ca4e25015ced903d,False,False,,,block_declaration,,,
3b,dev-esc50-0088,True,glass_breaking,declared_daa,939c41a64f103ccdad5ab43313ee4ea90453a8caba293fb365fe8890814761c8,False,False,,,block_declaration,,,
3b,dev-esc50-0090,True,glass_breaking,declared_daa,5c04f188728b2269e506671a0c773eb76ca6ceed09584d12769adca3cb4e94b7,False,False,,,block_declaration,,,
3b,dev-esc50-0091,True,frog,declared_daa,e090ff48d87902a44ac7ee7df6e4bf1055f221722de47de0a72c6a2825b146b0,False,False,,,block_declaration,,,
3b,dev-esc50-0094,True,rooster,declared_daa,0f3f0fc1a109e93b14511bb764cda71483945dd4cc7ec209a3c2c542def337f0,False,False,,,block_declaration,,,
3b,dev-esc50-0096,False,cat,declared_daa,b71f2cc6100076cf5bfeb014c03deba6a4d7e7ff3603ef110b8962b77a1cbe06,False,False,,,block_declaration,,,
3b,dev-esc50-0098,False,siren,declared_daa,37b92d37d0d844d149495cfd7b63489c47ef3c8649f61f83dfd52c5e9dffaf16,False,False,,,block_declaration,,,
3b,dev-esc50-0101,True,car_horn,declared_daa,df47112e7d15dbdcf701f5227dda5b929920adef775a4ea8ffddbb3343d3ce16,False,False,,,block_declaration,,,
3b,dev-esc50-0102,True,crow,declared_daa,cc82282bd2f815ef692fc986c45faedb326a9ca91b76f8bb7957a5bc7587a2e7,False,False,,,block_declaration,,,
3b,dev-esc50-0105,True,glass_breaking,declared_daa,92df249ffe9c16c94af83411c189ec516c07b2ea13f4e83b0c1a3bb883284234,False,False,,,block_declaration,,,
3b,dev-esc50-0107,False,rain,declared_daa,391a735e7a50d9561ee5273924e58ff6d78490ece1b2b7a0d1b2438c5da210d0,False,False,,,block_declaration,,,
3b,dev-esc50-0108,True,airplane,declared_daa,ad603690bc731a36b1a025112b0ffcaf7a299c0c349f9ed9f0b4cf65cb95b1aa,False,False,,,block_declaration,,,
3b,dev-esc50-0110,True,rooster,declared_daa,14ec88503fbf632836ee6b7bdfcf871f69c6c842ac5c0abb7f0f3f4d2bc4aec8,False,False,,,block_declaration,,,
3b,dev-esc50-0111,True,cow,declared_daa,7df8d415cf747c4560ae4801ee0ede8d8aa0ad8d5985a72e255afcf6f08d427f,False,False,,,block_declaration,,,
3b,dev-esc50-0112,False,cow,declared_daa,5574cddeaca46272bebdd69b0b774e11806aa57067846072aecd0346a70ea3cd,False,False,,,block_declaration,,,
3b,dev-esc50-0113,True,car_horn,declared_daa,b8725859b236e77c5a23a45ed084ba5f6eeadd4f482a37f9c4945be0f5b172e0,False,False,,,block_declaration,,,
3b,dev-esc50-0114,True,crying_baby,declared_daa,0531fc37e4af8ccec011aa4f9ccb7a171d00f5ea8589ce75e66b549fdbdd3956,False,False,,,block_declaration,,,
3b,dev-esc50-0115,True,rooster,declared_daa,96411d23691206bf4aaa1a72c22cb5b3152e9401ac38728b964e689bde859c1d,False,False,,,block_declaration,,,
3b,dev-esc50-0116,True,frog,declared_daa,609e24769feb5c52d015a61bb0d937be5b806e3e230ccafa7c4a4d7b6b83736c,False,False,,,block_declaration,,,
3b,dev-esc50-0118,True,train,declared_daa,4e50b13290fa3810306fdb409b6079cb54b01603a6c3320688675b6631b5d8b5,False,False,,,block_declaration,,,
3b,dev-esc50-0122,True,sheep,declared_daa,4532af21db7570aa319a20efdb667676035350f3c8150f7f4c30604d2b078ac3,False,False,,,block_declaration,,,
3b,dev-esc50-0123,True,footsteps,declared_daa,322223e7b1f6c75ab2066f43d35677da9586a3aded50cb18c1b22e7be0a34aa8,False,False,,,block_declaration,,,
3b,dev-esc50-0125,True,crow,declared_daa,b143c6a95fa38d711e378442be8e081b32e4b388f9de64763f93a9d40311ae03,False,False,,,block_declaration,,,
3b,dev-esc50-0126,True,clock_alarm,declared_daa,6b9ac0400f2ad4fb1809ad44b2f2c9f2ee293d552b2dec2e4871abbd34e8192b,False,False,,,block_declaration,,,
3b,dev-esc50-0127,True,footsteps,declared_daa,90f2e075bfaf901c2dee5e4efb8051d2adafc09962ee456066a96e98f9a54583,False,False,,,block_declaration,,,
3b,dev-esc50-0128,True,rain,declared_daa,f9dfae017f4c6bcec6bdb4271ee79e32e8051eba471667b9d7bacc1e0a579e0a,False,False,,,block_declaration,,,
3b,dev-esc50-0129,True,footsteps,declared_daa,62a4c4cab7f70d189145afacee782d2547434e7cb4a3545cf00ecc0f8bd5afa6,False,False,,,block_declaration,,,
3b,dev-esc50-0130,True,door_wood_knock,declared_daa,6f06df8948f0d128617804a1727178de158a0a813606ca5f38c2c753b139d44a,False,False,,,block_declaration,,,
3b,dev-esc50-0131,True,fireworks,declared_daa,a2d11b8859a6a475ac4401edb49d80f3c6097dc957211f1c15a8179aef519599,False,False,,,block_declaration,,,
3b,dev-esc50-0134,True,airplane,declared_daa,4b6658a3ee0d717109ec83872dc5d7ac638cd9d90cc75032d3563165b32a7357,False,False,,,block_declaration,,,
3b,dev-esc50-0136,True,frog,declared_daa,e42d38380617f174766c7a688858ec22bb8768bdfe996e36e309c7053daa601d,False,False,,,block_declaration,,,
3b,dev-esc50-0137,True,pig,declared_daa,3c9d65fe65d47b669671098796466786fa42c308bdf06e1347023a925195f616,False,False,,,block_declaration,,,
3b,dev-esc50-0139,True,cat,declared_daa,2497dd2032d4d0841ed4478b308687797dc2c6251630eaa02712dc660559792c,False,False,,,block_declaration,,,
3b,dev-esc50-0141,False,footsteps,declared_daa,082b6b3feb9bd698dab7d0f8b4af957a5fd9e8ea498b06e6f3d68d31618f0037,False,False,,,block_declaration,,,
3b,dev-esc50-0144,True,train,declared_daa,1470dff153d11555f130257569e024fa0436b3bcb3c522c43059a928508f570a,False,False,,,block_declaration,,,
3b,dev-esc50-0145,True,dog,declared_daa,93e71f9679a4f6d4d29059b9876358eff8cb0307a07e4cd885d783edad523b47,False,False,,,block_declaration,,,
3b,dev-esc50-0146,True,cat,declared_daa,c38e308a611ffa4e33095b67b995b73c635e996a7890770a96f7a622f16ab2bb,False,False,,,block_declaration,,,
3b,dev-esc50-0147,True,dog,declared_daa,638eb2509169de36c0766b551781139a496e5a74bf56e541808380b857dd5a6a,False,False,,,block_declaration,,,
3b,dev-esc50-0149,True,sheep,declared_daa,e217b42e11bacfe0074dcff0ebda5ffcfa32f494d4ebb0d12659713abba757c0,False,False,,,block_declaration,,,
3b,dev-esc50-0154,True,cat,declared_daa,ed9ee0cafa5f0839a914fba3edf5b8b0aae37aa10b9b080bd269b3088091d738,False,False,,,block_declaration,,,
3b,dev-esc50-0156,True,dog,declared_daa,cdd921834eea6f9d8fcab695b125d3ce5d9b04a00b00ebb96263361987e8ab66,False,False,,,block_declaration,,,
3b,dev-esc50-0157,True,siren,declared_daa,31bdead7bd55b06643714eb6c42d95b11c7c7bfb25c473a47df215456ad9f112,False,False,,,block_declaration,,,
3b,dev-esc50-0158,True,frog,declared_daa,c314a542ad07dbfba191837a87ef6d340402ffd3fb96a9ce1812b62ac5abccf8,False,False,,,block_declaration,,,
3b,dev-esc50-0160,True,car_horn,declared_daa,e4ad3868549e9640b29a8ea01411b71b566f5f7546a0575a3bb1c8765f5a9a58,False,False,,,block_declaration,,,
3b,dev-esc50-0161,False,cow,declared_daa,7beb9c4e4333bba879f229e0cedb48a955115145c49a08aa34b766b3d4e3be87,False,False,,,block_declaration,,,
3b,dev-esc50-0164,True,siren,declared_daa,32cd7450628d21099f34ff4b5a5785ef1ebed2fc199ceab27378b938ff0f8f3c,False,False,,,block_declaration,,,
3b,dev-esc50-0165,False,cat,declared_daa,59b68770d5b232991e85f98543b179eed602df73b9e86b0fe495722113d3d4e6,False,False,,,block_declaration,,,
3b,dev-esc50-0166,True,frog,declared_daa,1f4203186ad16e6668233f0472db43681728a64513921d7a9061e60066d417f6,False,False,,,block_declaration,,,
3b,dev-esc50-0173,True,siren,declared_daa,e151399d3d17bc96e144ac32fbea8a54d5d4d8f219d57bf2b8bde3933b54f1dc,False,False,,,block_declaration,,,
3b,dev-esc50-0174,True,train,declared_daa,aa60151700f9de57c85d67e10b0ee585fb5087f9c1e0d0672a511d0fae372fa5,False,False,,,block_declaration,,,
3b,dev-esc50-0175,True,pig,declared_daa,d9156672422b7be9099769774287369559c86bbda10a833b0d1eb8e4ae508181,False,False,,,block_declaration,,,
3b,dev-esc50-0176,True,thunderstorm,declared_daa,1f25d7158a74edf7aac6e212e7169f6fc36ef1d5b9611fee51c7ea1349f503cd,False,False,,,block_declaration,,,
3b,dev-esc50-0177,True,thunderstorm,declared_daa,4aacb888b5adafc4730a30001bcb45275b0a63569f75e598015fb89f69e8c9fa,False,False,,,block_declaration,,,
3b,dev-esc50-0180,True,frog,declared_daa,7361d5500fc98de1d2bb9308da2504e4f33c87d37b77b6f381e1a98c6ce0e4a8,False,False,,,block_declaration,,,
3b,dev-esc50-0181,False,sheep,declared_daa,3fdef47f4a2846c88c37630c00b9f8798c71c4be6aa983033abdb59d8b5dba74,False,False,,,block_declaration,,,
3b,dev-esc50-0183,True,footsteps,declared_daa,12b7dba9ced63956831d80920b305c39de172d92982fb29b1bf42e006241f2e1,False,False,,,block_declaration,,,
3b,dev-esc50-0186,True,car_horn,declared_daa,4260a0fe48940328190416d63b654f4e1c3a5ac8bd42a894e65b403270ab6302,False,False,,,block_declaration,,,
3b,dev-esc50-0188,True,clock_alarm,declared_daa,b517cc28f5690df343532acda0c87cfe568788305cb63472c0a35b22c82d3225,False,False,,,block_declaration,,,
3b,dev-esc50-0189,True,cow,declared_daa,57e666155ffc193e4087b7e08dcb61e5f2198e8d9b80393a8789a545b712acef,False,False,,,block_declaration,,,
3b,dev-esc50-0191,True,dog,declared_daa,21ca8b4a1e86a34b618e7cfe9a15a4475509a73452aea630171b5baadde9daf6,False,False,,,block_declaration,,,
3b,dev-esc50-0192,True,clock_alarm,declared_daa,59d2bb59f2e51aec66c7b378afa7d829665aa119c769180d05b477543f9b432b,False,False,,,block_declaration,,,
3b,dev-esc50-0196,False,airplane,declared_daa,7f2d91f842683c0659e89418d39fe4ec941967b809c9bae5148974224a39effa,False,False,,,block_declaration,,,
3b,dev-esc50-0198,False,cat,declared_daa,43d4168bd6dfb13d9a38ac7f6b64f6c977bba97b13652e7d62188ae69c2dc721,False,False,,,block_declaration,,,
3b,dev-esc50-0200,True,thunderstorm,declared_daa,7043fe5f708a436e3566596d675a169e576fa0774c1a88c33e00f4cc18d5fdd1,False,False,,,block_declaration,,,
3b,dev-esc50-0201,False,glass_breaking,declared_daa,0d8dd074a797f988ed3b8c40b37214f773c5a927ad8f9a161946e36182dc85f0,False,False,,,block_declaration,,,
3b,dev-esc50-0202,False,door_wood_knock,declared_daa,60c98f9218132088cb536b9983527794793c521e6c624f7459fe13fd42fe4a05,False,False,,,block_declaration,,,
3b,dev-esc50-0204,False,siren,declared_daa,fb2a1b1b201579ccc88b71199e3d022f7800b1a63cd60c64e88796df6f19942f,False,False,,,block_declaration,,,
3b,dev-esc50-0206,False,rain,declared_daa,673730f056a60e39761f265565e5321d32d7d4eba6f8ba80df3035340fbc9d9a,False,False,,,block_declaration,,,
3b,dev-esc50-0207,True,thunderstorm,declared_daa,a4f1807e6cb82457569a7a99566ccf580111b2df8559a6f2d8cf027f517c147c,False,False,,,block_declaration,,,
3b,dev-esc50-0208,False,rain,declared_daa,fb2dee564985e99593dc9ff5b0bcec0647692b338489c243fde7f07a5fb243ae,False,False,,,block_declaration,,,
3b,dev-esc50-0212,True,dog,declared_daa,be92ea8291bcae6d11eab75a75db8ee9ff6fbea9354b62760cfb9af1c962c292,False,False,,,block_declaration,,,
3b,dev-esc50-0213,True,glass_breaking,declared_daa,1d160edf6bd29550dacb4d90b5d39dde687a8951a0de2924946ae6bb2ee44d17,False,False,,,block_declaration,,,
3b,dev-esc50-0219,True,sheep,declared_daa,24f49bfccec6c22a8dcf76a29e4712beef9a3c9bca2d5c4dc1ff752b67a48ec6,False,False,,,block_declaration,,,
3b,dev-esc50-0221,True,sheep,declared_daa,931e47058308c2710c69acbbb32a4d87d9581ec2c724acdbe3a6acbae7ae9cf4,False,False,,,block_declaration,,,
3b,dev-esc50-0222,True,airplane,declared_daa,097e10ce3bdd3b7d5c3fbcfde9668c9b2ad07aea1e29078cce82eb2d443d9dc6,False,False,,,block_declaration,,,
3b,dev-esc50-0229,False,cow,declared_daa,60ec6de839dd507a888be98afee05a9fcd94d4ce91e5d4660a77126e2b791b19,False,False,,,block_declaration,,,
3b,dev-esc50-0230,True,cat,declared_daa,7d8978baac9329ec065c638b00ab9bf97aef70e8dc75d23917a0e0de943c2c89,False,False,,,block_declaration,,,
3b,dev-esc50-0233,True,door_wood_knock,declared_daa,e56d608b73ca66733e94def000204743b0545c2a15b9de4c4154a8b89ce44839,False,False,,,block_declaration,,,
3b,dev-esc50-0234,True,siren,declared_daa,732ba6d31f82cda56323f48504e7af1682b89c96c147f8761c067fa9c449f446,False,False,,,block_declaration,,,
3b,dev-esc50-0235,False,sheep,declared_daa,3c0be83a9b81dc0a2753a23d8ddf6aca276a4d20dafcba2d9794f4392ffcc16a,False,False,,,block_declaration,,,
3b,dev-esc50-0237,False,airplane,declared_daa,8f303d72cc6624b5e57d2c08413b56d1805af15a4c08ec6eec6f3b854902054d,False,False,,,block_declaration,,,
3b,dev-esc50-0238,True,car_horn,declared_daa,08d962114059e0ddcbdf7e31e7382c663532c21dcf0394ba29ebcbdf7a0cab56,False,False,,,block_declaration,,,
3b,dev-esc50-0239,False,car_horn,declared_daa,4ceb2032aa2df5da280434dfde7b2a9cc15c82dd9ad23b616259debd575fd8eb,False,False,,,block_declaration,,,
3b,dev-esc50-0241,True,clock_alarm,declared_daa,5799ac9ab9e1967aecf0e17bd2de16bf116e37afadfb40a323a398d292f45bbd,False,False,,,block_declaration,,,
3b,dev-esc50-0243,True,crying_baby,declared_daa,26deef24311e8213bef31107697acaa9b4bba681f947dbc6a2723437b705aa94,False,False,,,block_declaration,,,
3b,dev-esc50-0249,True,cow,declared_daa,363369a9b8f760bbbc84baf5fe44432cb898ad9d0096bfe171e3e3299c732ebb,False,False,,,block_declaration,,,
3b,dev-esc50-0252,True,crow,declared_daa,931bd5661895929ba71ca491c06465eb60a6e55a3c7290689ed00764d3617834,False,False,,,block_declaration,,,
3b,dev-esc50-0254,True,clock_alarm,declared_daa,8cc54a093d209c1bb935ef80473c7c4c8e1e3c7dc8dd1c4eeb406620f8031bbe,False,False,,,block_declaration,,,
3b,dev-esc50-0255,True,footsteps,declared_daa,a85a2fa006c213ea8f481f8c2525cbb2f01d4126158ead6ce0e8564f570e0df7,False,False,,,block_declaration,,,
3b,dev-esc50-0258,True,crying_baby,declared_daa,deef8ac5a222eae072836c522287f3b5e83cb0630c65626cff8f69deb60fe034,False,False,,,block_declaration,,,
3b,dev-esc50-0260,False,cow,declared_daa,55e2b40e075a5c600068898d980af6266c8bb1c0848fcee6aa58324f0af1469e,False,False,,,block_declaration,,,
3b,dev-esc50-0261,True,door_wood_knock,declared_daa,e97385031e64abef3fef4b624cc7722f9b271dcea6e513b72decb0b9fa8c881c,False,False,,,block_declaration,,,
3b,dev-esc50-0264,True,siren,declared_daa,f01a4b14f39c47575b9b41c41f0da9fc2bc12961a09bd79d60456283587745db,False,False,,,block_declaration,,,
3b,dev-esc50-0266,True,door_wood_knock,declared_daa,f8071619406948838777048e2e52d43e337a0c5fc4cafa51589edfbefd85fe58,False,False,,,block_declaration,,,
3b,dev-esc50-0267,False,train,declared_daa,c078f02f379909df8d0475c681ee0c68c2f1c7b60e7b97e3c86dd22eb80a35a5,False,False,,,block_declaration,,,
3b,dev-esc50-0269,True,cow,declared_daa,622e0db6d32afde0d899be500fc0f4c8518abe942bfadaf4bbfbd4b5803a6a47,False,False,,,block_declaration,,,
3b,dev-esc50-0270,True,footsteps,declared_daa,33d999107d7cbdc27f99f3a3ce8231a39daebe414c2fe16e93a1d987a340f3d3,False,False,,,block_declaration,,,
3b,dev-esc50-0271,False,door_wood_knock,declared_daa,3fc807ebdcb349988b63500c74db03cca728207de5278cdd44ff5b04eecf8853,False,False,,,block_declaration,,,
3b,dev-esc50-0272,False,pig,declared_daa,561b9ff6eacbdd1bb942b263eb20c6c6658c2a037a89cd45b5f39b1f122d4fa5,False,False,,,block_declaration,,,
3b,dev-esc50-0275,True,cat,declared_daa,39d2f894b55d8b5d8aef7dbdd6c8f05af73dbae82f93d9a05f206a41fd28de40,False,False,,,block_declaration,,,
3b,dev-esc50-0276,True,door_wood_knock,declared_daa,1b38046a525a8bb284d1035a705766ae3114794365fa8dc338e75d1fd33b3466,False,False,,,block_declaration,,,
3b,dev-esc50-0277,False,cat,declared_daa,78a2c940c954e16968b4a5c163c85221664687415df4ff674affd7e1a54a24ac,False,False,,,block_declaration,,,
3b,dev-esc50-0280,True,airplane,declared_daa,64fef354784950ea7952757224bb3d276989ffa7c962d88cf4d03b1a62bf48a8,False,False,,,block_declaration,,,
3b,dev-esc50-0281,True,train,declared_daa,398538eecc9fb12725e2de8fb7ce6258b3da1a3a4347a5e5d57e7ce3d8f6104b,False,False,,,block_declaration,,,
3b,dev-esc50-0282,True,crow,declared_daa,603ddf0ed9cd14143e1cb23aa41516387040daf29622f19969c9717fdc28f076,False,False,,,block_declaration,,,
3b,dev-esc50-0284,True,cat,declared_daa,85ec8aa5c0bb599c05b9678a43559baf1673de6795a052040232b8faa725eff6,False,False,,,block_declaration,,,
3b,dev-esc50-0285,False,fireworks,declared_daa,6eaee071e37641e0b771f4e01d67c8114a4e8c1d57631cf50815e1d2b9950365,False,False,,,block_declaration,,,
3b,dev-esc50-0287,True,cat,declared_daa,467baaadb314ae01779355f8fd47d7d46f8097f04430afdd4282dc857d84178d,False,False,,,block_declaration,,,
3b,dev-esc50-0297,True,rain,declared_daa,e29023abb7798f0e0a9c86b37de39ca0383039873e736da4e9d733b83da1efea,False,False,,,block_declaration,,,
3b,dev-esc50-0298,False,train,declared_daa,134d20b4a0bc6898b1b8a08e3b816ffd547538bb0ff61644c15d47d8c0fc92f1,False,False,,,block_declaration,,,
3b,dev-esc50-0300,True,airplane,declared_daa,fb0232a485f1d7fdd830a954848618080907e8d869df195173452511d3991aef,False,False,,,block_declaration,,,
3b,dev-esc50-0301,False,pig,declared_daa,50fd03087c5c159fde76ce9b6f12bb98880a35df68d75a83c0fe695ed9115297,False,False,,,block_declaration,,,
3b,dev-esc50-0303,True,cow,declared_daa,a57a8a62860a08ab82823228ca624a01b7873a38fcb6a8d3de68f87f4c26d70c,False,False,,,block_declaration,,,
3b,dev-esc50-0304,True,crow,declared_daa,62a64e3b5ca9417dd915a72219e2f159d1d12246f2d00b8b3a504a9660706b11,False,False,,,block_declaration,,,
3b,dev-esc50-0306,True,glass_breaking,declared_daa,bdaf8b574abaff3ee30f244b6d17db0a02fd7b6ae2535f1e969bd4a32e3d62ab,False,False,,,block_declaration,,,
3b,dev-esc50-0308,False,frog,declared_daa,cd8c3f0c6b17f28d3b37d9a3a3e231005069a1545188fceb46b1c7d7183adcde,False,False,,,block_declaration,,,
3b,dev-esc50-0315,True,sheep,declared_daa,f691e810e549504a7113ceb5376eed932cb2fb2dc4f025742023cc4f1e2cc3a4,False,False,,,block_declaration,,,
3b,dev-esc50-0316,True,crow,declared_daa,b4c71324835f196ca78a65ef4b7986b68f8a209ab4fba6f3792ba01413f6500f,False,False,,,block_declaration,,,
3b,dev-esc50-0323,False,train,declared_daa,33b5b526d10692c7b8ecabdedeff8145ab51839cd6d2b3414ef15665bf1fa86b,False,False,,,block_declaration,,,
3b,dev-esc50-0324,False,crying_baby,declared_daa,deabc87cb7ad3e322d46f1433f44dfe67b644e43d99e4345d6ae32297fc187ab,False,False,,,block_declaration,,,
3b,dev-esc50-0325,True,pig,declared_daa,bcc45b97a77d93805c5825569ca6e17f02b084f6146d0b1251e4e43b4670b8c7,False,False,,,block_declaration,,,
3b,dev-esc50-0327,True,crow,declared_daa,f879b875448f290fe2954d5fd087c7b80666e53f60d525156889b12af88274f5,False,False,,,block_declaration,,,
3b,dev-esc50-0329,False,pig,declared_daa,ff8ab964e237f0b3bd1923f788dfaeaeea7406ca8bdbfc72665c38c52e7c921a,False,False,,,block_declaration,,,
3b,dev-esc50-0330,True,clock_alarm,declared_daa,91cf8eb3e99f7aebeb9c073417e880a37fe74ad687db5f6a53181dbf1d8fc5a3,False,False,,,block_declaration,,,
3b,dev-esc50-0332,True,crying_baby,declared_daa,ddec0eb42a18930e8b195f172effb2250cda48c552992ba34018913e98a9466e,False,False,,,block_declaration,,,
3b,dev-esc50-0334,True,cat,declared_daa,052c9b74aba3e49e10603b0649372955c7035cce7727b825c196bc8a555d15a7,False,False,,,block_declaration,,,
3b,dev-esc50-0336,True,dog,declared_daa,83c00ecaf2ca38838549ae96f04b40d5da0a13f9e3fffcb2bab3bd41eb5611de,False,False,,,block_declaration,,,
3b,dev-esc50-0337,True,rooster,declared_daa,071a5f3a1268372dfba290b2ac2d1552e8bb604652c251dffd0a80a9c650407d,False,False,,,block_declaration,,,
3b,dev-esc50-0341,True,train,declared_daa,78d4c1f25068f3e1bb067dd3c64253057fb97834909fbcf80bda450ac6ed777e,False,False,,,block_declaration,,,
3b,dev-esc50-0342,False,frog,declared_daa,4ea91e42e5412847ed59f8f76eebd8e66c2724e3d944b64c71da2d32e4bf76f7,False,False,,,block_declaration,,,
3b,dev-esc50-0343,True,sheep,declared_daa,82ee656716f49c3b88c5622545cb5397f8c5c415809698d787991e3806ceecd4,False,False,,,block_declaration,,,
3b,dev-esc50-0344,True,cat,declared_daa,84c7337eefd1c9cab84b43211a370e380ba4706472d3a3935b779b948f22155b,False,False,,,block_declaration,,,
3b,dev-esc50-0345,True,glass_breaking,declared_daa,c90d8bfaeb2f4ae0d11266657e3530c296cdee33d6b10417d24fc2dfaef6a42b,False,False,,,block_declaration,,,
3b,dev-esc50-0346,True,airplane,declared_daa,76c0196cfdbb1ab337507e7a3e2e8c78c6014b6c4aac4dad7128983dafcb5a71,False,False,,,block_declaration,,,
3b,dev-esc50-0349,False,airplane,declared_daa,82b24799cc72012b59eaa02deb0beb87045337581a08e5b013155573ed5349c0,False,False,,,block_declaration,,,
3b,dev-esc50-0353,True,thunderstorm,declared_daa,b6d3d9b922a7249f9e971b571eaa34b3b594d4823cd79c923f7059f9c7436fab,False,False,,,block_declaration,,,
3b,dev-esc50-0354,True,siren,declared_daa,63435c2b26a1f97813414a9784362f6d21c2e702cd69a7b5fae9ff1a25523c5f,False,False,,,block_declaration,,,
3b,dev-esc50-0355,True,rooster,declared_daa,c7361f264ba693f5a8fa80ba7bedacb9ed7b3277efdffd59ec46688b1cca15c5,False,False,,,block_declaration,,,
3b,dev-esc50-0362,False,fireworks,declared_daa,24b390673d959cb12bdbea58137f779e0f34f8a58d64033f7276fd66d5322faa,False,False,,,block_declaration,,,
3b,dev-esc50-0365,False,sheep,declared_daa,92971f306297ce907996cdd85167629d6abc2a9becfa480b798dfd00d8280eb4,False,False,,,block_declaration,,,
3b,dev-esc50-0367,True,rooster,declared_daa,05859cd01984026513c4675da5045935f7006e1cf11348dfaa6447f3a3cc8598,False,False,,,block_declaration,,,
3b,dev-esc50-0368,True,airplane,declared_daa,ed58630afbe17a477a1265e88db56a716c783377e735a44be66f4feec5beddec,False,False,,,block_declaration,,,
3b,dev-esc50-0369,True,rooster,declared_daa,39730431f05af8f90b95c03a3cefec329e18ca3861709c8186e21a84c40e80ae,False,False,,,block_declaration,,,
3b,dev-esc50-0370,False,crow,declared_daa,facb453af9ac2538b95c46f38472418602d43f3a65d07558ddd86e05c6c9e274,False,False,,,block_declaration,,,
3b,dev-esc50-0371,True,clock_alarm,declared_daa,755a085a8e91db3c8fae239c1ba18552f80c970e5a50f70ddd15bfce97dbfdb2,False,False,,,block_declaration,,,
3b,dev-esc50-0375,True,crying_baby,declared_daa,bb6bf8d64c6a61550996039eca4c1c2e4b00548043bcea9a75f96a4d7d24b5fc,False,False,,,block_declaration,,,
3b,dev-esc50-0377,False,airplane,declared_daa,a0989d902f1c3fa11c41ac022d9c0b323c7d4f2030cf954593e749675c9f154e,False,False,,,block_declaration,,,
3b,dev-esc50-0378,True,clock_alarm,declared_daa,a18d09cb007c0851a65060e3a125f6afb9a81ff6eb35773ba03c0da30c6ba841,False,False,,,block_declaration,,,
3b,dev-esc50-0379,True,crying_baby,declared_daa,d769b28a080fc55dc16df08b45f87b86cd545c45c0390de57d649e4b27b01e76,False,False,,,block_declaration,,,
3b,dev-esc50-0381,True,clock_alarm,declared_daa,3dff1d5a5566eec5681a6dba73bb6879a2b9cac9f910ad419a2086191ba9123c,False,False,,,block_declaration,,,
3b,dev-esc50-0383,True,pig,declared_daa,b4d6001194c50f46806835759f467e4f6e0195163a27fe1fc2c6090f43c47ee6,False,False,,,block_declaration,,,
3b,dev-esc50-0386,True,crying_baby,declared_daa,05115891331a2d2eb1d4b07fd3355d83d7117318aab1371622510b22784db5f3,False,False,,,block_declaration,,,
3b,dev-esc50-0387,True,cat,declared_daa,8f368808943352cdbb5eafd9b8a21ba4dee832742699aae043c5ab185522383f,False,False,,,block_declaration,,,
3b,dev-esc50-0390,True,door_wood_knock,declared_daa,e63d29dfe7310818203c0a3311cd9084685aed08998b25f2ded25e2baf22495d,False,False,,,block_declaration,,,
3b,dev-esc50-0391,True,crying_baby,declared_daa,2723129a0ef3facec4edab0f57c0c69f8850fd1bac9a12a05efc9f4ef5e11607,False,False,,,block_declaration,,,
3b,dev-esc50-0392,True,siren,declared_daa,17a9b4aeb83ede02e3494b14ea97fc1665e4bee5de87b597a1679e07c49ae51d,False,False,,,block_declaration,,,
3b,dev-esc50-0393,True,car_horn,declared_daa,5c004d3ca6c1acf9c08f7d38ca5b6632078af1789e735005d3a56abee6fd7749,False,False,,,block_declaration,,,
3b,dev-esc50-0396,False,siren,declared_daa,02648afa5674cca063dbb9b1da039e512ccc2e39a3ee9828993698273581db80,False,False,,,block_declaration,,,
3b,dev-esc50-0399,False,thunderstorm,declared_daa,ced2a8af1dc1c32a4d13b000ac40a088694d2f6dd845902ad321f42df2c896d7,False,False,,,block_declaration,,,
3b,dev-esc50-0400,True,rain,declared_daa,645562bf158991962ff480827e5dee2d5576f9c0fd823d001825902c625e566f,False,False,,,block_declaration,,,
3b,dev-esc50-0402,True,thunderstorm,declared_daa,57f3ec266ccb3e3aef4963221d0aa3e738970881284fcbdb76997b0492cda116,False,False,,,block_declaration,,,
3b,dev-esc50-0403,True,door_wood_knock,declared_daa,893d4a9c2b387cf5401110e6373156ccdb0bc6b120333067a23ec1db81ef57d1,False,False,,,block_declaration,,,
3b,dev-esc50-0406,False,pig,declared_daa,461655b65eb1d21ec6f3700aa39444f4a45003ee689079ab4b8c89fb08d6d2fc,False,False,,,block_declaration,,,
3b,dev-esc50-0409,True,airplane,declared_daa,0462efe7b309b7ab6dee26b2b141e623f7eeb2e622dcb40c582a3f4f3b6e079d,False,False,,,block_declaration,,,
3b,dev-esc50-0411,True,fireworks,declared_daa,ef4c8d1ebb458151ec2b1a93cf1711f93e8e3a1e521de8a4a336ffbec01e05bc,False,False,,,block_declaration,,,
3b,dev-esc50-0414,True,train,declared_daa,6fa070d6a7fd01a0e37c2d98facd58704b6a62396b3ef454c49f2dc8055bd7b7,False,False,,,block_declaration,,,
3b,dev-esc50-0418,True,glass_breaking,declared_daa,52528f041fe4e6734f31d8b0598090cec0f98f1c8f760b24fbc929d6ee63591b,False,False,,,block_declaration,,,
3b,dev-esc50-0419,False,door_wood_knock,declared_daa,b447917c0c3b42e177514046a95090a1ea90f5867bd43beab9ffe3edd2d1a34b,False,False,,,block_declaration,,,
3b,dev-esc50-0421,False,thunderstorm,declared_daa,af48055b2d411d6dbc3d4031c13ba6f37747ed57a9c08d1c4098c1c9b8e10a5c,False,False,,,block_declaration,,,
3b,dev-esc50-0423,True,cat,declared_daa,3c7760b71b5d8695dfb380bb28ede932c1a301326478405f49efcb24888858f2,False,False,,,block_declaration,,,
3b,dev-esc50-0425,True,fireworks,declared_daa,b851fe0e3bb0f5f201d6adde1e5aba4b864222f197f518c5d686a0b5397cb9b5,False,False,,,block_declaration,,,
3b,dev-esc50-0426,True,footsteps,declared_daa,b6f4da0d362a7192c2d6af7516069a883715b6eacf7b4b3e624c3cdbae7890de,False,False,,,block_declaration,,,
3b,dev-esc50-0431,True,pig,declared_daa,b201fa5ad4e05bce1e5c88c66f4bd3040786e56688f404b1c65bd9c60720efe4,False,False,,,block_declaration,,,
3b,dev-esc50-0433,True,fireworks,declared_daa,7cf91d5bb417ada604d50d11949d99c1ce1bd0d4a914e42669fa3eb0ff4e74a7,False,False,,,block_declaration,,,
3b,dev-esc50-0435,True,thunderstorm,declared_daa,1a1b698be1e598f8dc46a73ac264b25778b67fca6209e30c78f211aaf41f1e41,False,False,,,block_declaration,,,
3b,dev-esc50-0438,True,pig,declared_daa,c07771910493ed23a1768c5ff312ca7fb1b9d9f9154da31849545aa936da618c,False,False,,,block_declaration,,,
3b,dev-esc50-0440,True,thunderstorm,declared_daa,b5001798deb3a305341ef5441f38d905f1929263b838080d81f1f110d70a9ad3,False,False,,,block_declaration,,,
3b,dev-esc50-0443,True,cat,declared_daa,28714cf43211e0d615d4d928d9377f5f9e34d2b35c5a471af681290e99a7c17f,False,False,,,block_declaration,,,
3b,dev-esc50-0445,True,train,declared_daa,80a1783eb3767675a0e3d8df97a64c203bee5a43d56f450e2666a965e103b21e,False,False,,,block_declaration,,,
3b,dev-esc50-0446,True,rooster,declared_daa,ef210d7071373b7c80039fc643a1325629ce71476c2b2076a935e541a32d8cb4,False,False,,,block_declaration,,,
3b,dev-esc50-0449,True,rain,declared_daa,66b4bfd77adc082a6ed7104f09b250254d2174d6a6fe9cad24591c6c41fe6f0e,False,False,,,block_declaration,,,
3b,dev-esc50-0450,True,fireworks,declared_daa,36361f06f6390390ed21cdccdd2a0b3abafb85fc737a14b1b02799a9f983d437,False,False,,,block_declaration,,,
3b,dev-esc50-0453,True,airplane,declared_daa,55641fcbec7eeaa6e3a699e81e37d6af47223a80a5ddc9de79b67fe809b7d8d1,False,False,,,block_declaration,,,
3b,dev-esc50-0457,False,footsteps,declared_daa,2498dd37c8758107da980dfec5eb06d823d3954e50575b684f72c1f62e4a0e9a,False,False,,,block_declaration,,,
3b,dev-esc50-0459,True,clock_alarm,declared_daa,c09d06a669e2daefe3da586aeeded896ec004f7c1392aef9d8aca61a4de92583,False,False,,,block_declaration,,,
3b,dev-esc50-0462,True,train,declared_daa,9756f2e5b8e02de0bda5fe1e0f89687b888a54156a646f96e3e1a6d9407e4aa3,False,False,,,block_declaration,,,
3b,dev-esc50-0463,False,dog,declared_daa,c4cf24358fce2cfffcc8536982c51148d122e9156c1b723895a6ad885d08bfb0,False,False,,,block_declaration,,,
3b,dev-esc50-0464,True,train,declared_daa,79b6fd1f08395baf7448cb590fb217165a6634a7596197fe4968462d6f7ab95f,False,False,,,block_declaration,,,
3b,dev-esc50-0466,True,car_horn,declared_daa,1b005b9660b47e32a73d4ad477fcdd82f68414be3245abff2a80a61a1a755538,False,False,,,block_declaration,,,
3b,dev-esc50-0467,True,door_wood_knock,declared_daa,af46ae539eaea8bd8e540710a96b1e61a0df8c62e9313a7c5dbef33745b9ca1f,False,False,,,block_declaration,,,
3b,dev-esc50-0468,True,fireworks,declared_daa,e75bbdc8e05ba691543cb2e49429e2c2a92adb7e4948ef61073f6fdaf3d70a9e,False,False,,,block_declaration,,,
3b,dev-esc50-0469,True,siren,declared_daa,8caa801f3cff17634b7b5c4507db69306b9f4d50a5fa41329b4395f9724b6281,False,False,,,block_declaration,,,
3b,dev-esc50-0470,True,clock_alarm,declared_daa,c6eb81150c2f726d96d4f6b272e0e4fd399c20f16e4cb317bd54b2ea711d06c5,False,False,,,block_declaration,,,
3b,dev-esc50-0471,True,rain,declared_daa,7fc63ca490c2566c8e6625e63839474ce231704fde2a70c7693ab4bdd669e130,False,False,,,block_declaration,,,
3b,dev-esc50-0473,True,crow,declared_daa,81e3238c978d75e1d8390e6885f2040550ab7ceac3c319fb810889ce2949f079,False,False,,,block_declaration,,,
3b,dev-esc50-0474,False,glass_breaking,declared_daa,8d1f55ae98edd74f87fb934058d99fcf48acf579e6d8216f39ddd35df60e9a46,False,False,,,block_declaration,,,
3b,dev-esc50-0476,True,clock_alarm,declared_daa,c8f29ea35c771ef7d47a2da8d20510b2a676fa1d38510c076ba9839914c05162,False,False,,,block_declaration,,,
3b,dev-esc50-0477,True,train,declared_daa,e5d622d7faaef358a218e0b6fa68cd5508334c1dbf8757204d729fe672a40d77,False,False,,,block_declaration,,,
3b,dev-esc50-0478,True,dog,declared_daa,9a24fd315142f9e0959dee7bebd34860e117babf4db06d8d58c826afe20c267b,False,False,,,block_declaration,,,
3b,dev-esc50-0479,False,pig,declared_daa,ff3b7b56b7bd039c6eb0c8a8f63abd5cd7640cea1a8b57030132b1ee563013b8,False,False,,,block_declaration,,,
7b,dev-esc50-0001,True,siren,base,0512cf0097ea06026cbbd0923d94a6aa4f2fbeae336f9b9c56462fdb65efe02e,True,True,A,C,,,,
7b,dev-esc50-0002,True,fireworks,base,82e49db9fd03d02e0745820a94d1941a9692ee99f2634ee2a0901678aecda0e0,True,True,D,B,,,,
7b,dev-esc50-0003,True,clock_alarm,base,a939f6f1b079143f877299610a111b549f217561acf05f3f8d4e02c8d0a267aa,True,True,B,B,,,,
7b,dev-esc50-0009,False,door_wood_knock,base,8dd990e1be33dcf60b4bb6897387dad9a7f5f309e32c231423cc39ca72d03f3f,True,True,B,D,,,,
7b,dev-esc50-0010,True,car_horn,base,17bd259ba7c5f364907b2abdd4c3a117541e6d2f7148d115a59fb84f066c13fe,True,True,C,C,,,,
7b,dev-esc50-0011,True,siren,base,eb8151794e1914ed77ac34dd91c0768e8232d12ebeacfb87ab163476c481fb83,True,True,A,A,,,,
7b,dev-esc50-0013,False,cow,base,607492545a392ec4f9430ec3bfdbb4a6176092440660cab3d7b9cad804155002,True,True,B,C,,,,
7b,dev-esc50-0014,True,dog,base,35744dd704733b74c727e8799d2b7edcefd87caa8e9ca3d49c2743d3313ed87e,True,True,C,D,,,,
7b,dev-esc50-0015,True,crying_baby,base,9e8d8c202081221c0eeeea5e63d8921b3bb9e1f2a2d14f0d8cf1219394913393,True,True,A,D,,,,
7b,dev-esc50-0016,False,siren,base,f4f9c8f4f2d040abf8ab0f5db89b4c56e55d4d8095c04c0eeb00674188a5716a,True,True,D,B,,,,
7b,dev-esc50-0017,True,rain,base,9e6cd6be987ca15907674fb3463bf6bc8747ebb97fd04da62523ffbc4df1f19f,True,True,A,B,,,,
7b,dev-esc50-0018,True,thunderstorm,base,eee90f350ce4874f6fe9d7905e3ae6a53f05fcb91910c6714fc84ce17d907df9,True,True,D,C,,,,
7b,dev-esc50-0019,False,cat,base,178f35da5d8a130d9ba9dd5e47498ec45af8972152b19fc312b27c499d9bc246,True,True,D,A,,,,
7b,dev-esc50-0020,True,glass_breaking,base,c8ff4eadec38ef3305194d1e6896e82e297183755e6536175bc5d225650c537f,True,True,B,B,,,,
7b,dev-esc50-0023,False,crow,base,f468c04c3dcfdca699ceb78984bf96a0be56c081df7a63d30f5c0b2f58617832,True,True,B,B,,,,
7b,dev-esc50-0025,True,sheep,base,64319841650d658c4ca1e92cadbcf992e62b669a84d71edac72de98836b9a0a9,True,True,C,A,,,,
7b,dev-esc50-0026,True,crow,base,cb7365d1763e189cb90ae07a004b9221a91501b187e6205ead854aa99d8a800e,True,True,A,D,,,,
7b,dev-esc50-0028,True,sheep,base,f5f8bde72c7a96b466bd84cf59c4a14e4c048cf2efd25fe03d08def659475018,True,True,B,A,,,,
7b,dev-esc50-0029,True,pig,base,912a3f118bec229e7c1a939e83b27b29d653bc28b22c31ff00e233aca570231b,True,True,C,B,,,,
7b,dev-esc50-0032,True,car_horn,base,2cf6ce99ea1a679b494226afa5fad3a5bb20f7547e53d52464794639a05c849c,True,True,C,B,,,,
7b,dev-esc50-0033,True,rooster,base,f9569051af8f8cd849cc1de0e1374d3968fd5ab1f29dc577b387ed7db07da60c,True,True,C,B,,,,
7b,dev-esc50-0037,True,thunderstorm,base,5bd2a2e3813397f8c3993d1af6aef6c1e81ab5a4499a9785cebdb3c518eddc53,True,True,D,C,,,,
7b,dev-esc50-0038,True,door_wood_knock,base,93e26ca77f742fad6294dcf00ad3b049114eae12f0fffa1dd5cc9957b332f85b,True,True,D,B,,,,
7b,dev-esc50-0039,True,footsteps,base,571b963f6a867bda4a67006d26ed6aa1af60a249a03269fa10a7752a83336f25,True,True,B,A,,,,
7b,dev-esc50-0040,False,crying_baby,base,13c5df67c265a79db5eaecd09405ba7812bf3b1c23bb1d71f96ae999966caf60,True,True,D,B,,,,
7b,dev-esc50-0041,True,airplane,base,537d258344f2292ea2b48a068e7afc2bf249e205db28f9ebdf3ff4b98b906627,True,True,A,B,,,,
7b,dev-esc50-0042,False,train,base,7a5c54fc74575b16f6bb79c0b602b73798b3654709e2bb89efbedd28ccda1362,True,True,D,A,,,,
7b,dev-esc50-0044,False,sheep,base,ee22b0bc9ec6453f6ab609ab1018dbdbe2edd421a327f499ea63964e2cd89a00,True,True,B,C,,,,
7b,dev-esc50-0045,True,door_wood_knock,base,605dc4029fba2085b36423ab1a3f2e2c8d872d8de0133cfa645da03e21168e62,True,True,A,B,,,,
7b,dev-esc50-0046,False,clock_alarm,base,f3186b88dee804da9201076766c15fbeceb1999e0a1fe92354c047a7cf299d9c,True,True,A,A,,,,
7b,dev-esc50-0048,False,dog,base,9a23409c1a0ea2435e83e7ac63354a8f7bc661d536c997bbf1ee78f441f252b6,False,True,A,B,,,,
7b,dev-esc50-0049,True,cow,base,aa11a756c23accd87cb1a531c23e04a59f27c2fd669f6557c0a0a0f872bd498a,True,True,D,B,,,,
7b,dev-esc50-0053,False,cow,base,8242ea8d329d9b3e7dbbc1e5c5cfa7bf7adb94a00003882a07c76e5f24ac9725,True,True,B,A,,,,
7b,dev-esc50-0055,True,airplane,base,111d4475970d0a01c7d8c7ad53a4c1d68de07980322f596878fb0e394dd683a2,True,True,B,D,,,,
7b,dev-esc50-0057,False,thunderstorm,base,8173dce80f8494bc260e095aec8c3f32cd91e8d8060183bd1901312fde032923,True,True,A,A,,,,
7b,dev-esc50-0058,False,thunderstorm,base,a133a5ab56d327d45bc0ba3bab500380a9a0cbfee650287ef472ed93c1ec8334,True,True,A,A,,,,
7b,dev-esc50-0059,False,sheep,base,8c946a89b3f166e8f5970744fc53ea2e622bce64bff7199e540fbb4182944b64,True,True,D,D,,,,
7b,dev-esc50-0061,False,footsteps,base,089b6df15ac8110dab024a281130e7691403bda27cf1d3b1b74d6846dd737a42,True,True,A,D,,,,
7b,dev-esc50-0062,True,thunderstorm,base,a21aa2c9f7131976037c511a02f8420dafd32ccd07cccf9125349c68b4a4d0ee,True,True,D,B,,,,
7b,dev-esc50-0066,False,frog,base,3ab712ff3bae8e9c5de69c81869000ec391e970ec39f71fec4fa129178eaebc8,True,True,C,B,,,,
7b,dev-esc50-0067,True,glass_breaking,base,d8308f14525556839e1a641c6ad33f0394ebf1a7081e43ef2018e2520158bba3,True,True,D,C,,,,
7b,dev-esc50-0068,True,thunderstorm,base,1aa3bd4197e6feb5f37350b8903ad6c137b44bdbfef036b58d97de11ac560f11,True,True,A,C,,,,
7b,dev-esc50-0069,False,car_horn,base,9e4d1db58a242adac5c2c8cc546ebe4905f25334201c3b50ede70de13928b323,True,True,D,B,,,,
7b,dev-esc50-0071,False,glass_breaking,base,6ca4130ef03ea708721a3f1b985213737b9f6fdc83b6605397739a6c832059f6,True,True,B,B,,,,
7b,dev-esc50-0072,False,frog,base,6a4b614a38403a2a0eb965969c9b0b41fc68a8983fb81d9d33bd307c32a5b50a,False,True,C,C,,,,
7b,dev-esc50-0073,True,footsteps,base,67fca08ed38ee7c16c869a92812d95bb2201cdd716ff2aaf2208499a56af0f1f,True,True,C,B,,,,
7b,dev-esc50-0074,False,crow,base,e518c0007851d3c4afa8392672f94f514f9048c433964e5b05d8446d6344e12d,True,True,B,A,,,,
7b,dev-esc50-0075,False,cat,base,6e22d6b090991226ffc62cae9a0226de9f46988d464212887e6fa525c677c88d,True,True,B,D,,,,
7b,dev-esc50-0076,False,pig,base,56b466d8f1a86ac3632d68cef22f248630b117c50e8f757100afd393f40cfd87,True,True,A,C,,,,
7b,dev-esc50-0077,True,thunderstorm,base,207562b965e51145aa11cb3c14edb4d7703bc5c6878287b52f0c443e928c92de,True,False,B,B,,,,
7b,dev-esc50-0078,False,rain,base,ba131e9aac12deaf16ce09bbf56308c28bebfc0422d2b15e365bc7817000e3a8,True,True,A,D,,,,
7b,dev-esc50-0079,True,car_horn,base,c19fc60bf65f96367d299bd7cd5ba00e2cdc96d1555489f0324385ba3d0e5976,True,True,B,B,,,,
7b,dev-esc50-0080,True,frog,base,d4cf32b5cebe89bb46922d1e6e6af49979594cedd0f69b29bb04d8123de0b474,True,True,B,A,,,,
7b,dev-esc50-0081,True,cow,base,d02900eff2669f44e8f816d1cf14cfbc4c3beb885b019f0b91bd3e0bb10cab2d,True,False,D,A,,,,
7b,dev-esc50-0084,False,glass_breaking,base,ca28c065005c90e7b563b47920b8a6df0da18c0ad7896a4feab751bc85e8445a,True,True,B,C,,,,
7b,dev-esc50-0088,True,glass_breaking,base,939c41a64f103ccdad5ab43313ee4ea90453a8caba293fb365fe8890814761c8,True,True,D,D,,,,
7b,dev-esc50-0090,True,glass_breaking,base,5c04f188728b2269e506671a0c773eb76ca6ceed09584d12769adca3cb4e94b7,True,True,A,C,,,,
7b,dev-esc50-0091,True,frog,base,e090ff48d87902a44ac7ee7df6e4bf1055f221722de47de0a72c6a2825b146b0,True,True,D,A,,,,
7b,dev-esc50-0094,True,rooster,base,0f3f0fc1a109e93b14511bb764cda71483945dd4cc7ec209a3c2c542def337f0,True,True,B,D,,,,
7b,dev-esc50-0095,False,train,base,cbce6f742c9470f63059695a95e1efb757dd2234ab72db45c67fe67b12ad5bfa,True,True,C,C,,,,
7b,dev-esc50-0101,True,car_horn,base,df47112e7d15dbdcf701f5227dda5b929920adef775a4ea8ffddbb3343d3ce16,True,True,A,D,,,,
7b,dev-esc50-0102,True,crow,base,cc82282bd2f815ef692fc986c45faedb326a9ca91b76f8bb7957a5bc7587a2e7,True,True,C,B,,,,
7b,dev-esc50-0105,True,glass_breaking,base,92df249ffe9c16c94af83411c189ec516c07b2ea13f4e83b0c1a3bb883284234,True,True,B,B,,,,
7b,dev-esc50-0108,True,airplane,base,ad603690bc731a36b1a025112b0ffcaf7a299c0c349f9ed9f0b4cf65cb95b1aa,True,True,B,D,,,,
7b,dev-esc50-0110,True,rooster,base,14ec88503fbf632836ee6b7bdfcf871f69c6c842ac5c0abb7f0f3f4d2bc4aec8,True,True,C,A,,,,
7b,dev-esc50-0111,True,cow,base,7df8d415cf747c4560ae4801ee0ede8d8aa0ad8d5985a72e255afcf6f08d427f,True,True,D,D,,,,
7b,dev-esc50-0113,True,car_horn,base,b8725859b236e77c5a23a45ed084ba5f6eeadd4f482a37f9c4945be0f5b172e0,True,True,B,A,,,,
7b,dev-esc50-0114,True,crying_baby,base,0531fc37e4af8ccec011aa4f9ccb7a171d00f5ea8589ce75e66b549fdbdd3956,True,True,D,A,,,,
7b,dev-esc50-0115,True,rooster,base,96411d23691206bf4aaa1a72c22cb5b3152e9401ac38728b964e689bde859c1d,True,True,A,C,,,,
7b,dev-esc50-0116,True,frog,base,609e24769feb5c52d015a61bb0d937be5b806e3e230ccafa7c4a4d7b6b83736c,True,True,B,B,,,,
7b,dev-esc50-0118,True,train,base,4e50b13290fa3810306fdb409b6079cb54b01603a6c3320688675b6631b5d8b5,True,True,B,A,,,,
7b,dev-esc50-0122,True,sheep,base,4532af21db7570aa319a20efdb667676035350f3c8150f7f4c30604d2b078ac3,True,True,D,D,,,,
7b,dev-esc50-0123,True,footsteps,base,322223e7b1f6c75ab2066f43d35677da9586a3aded50cb18c1b22e7be0a34aa8,True,True,A,A,,,,
7b,dev-esc50-0125,True,crow,base,b143c6a95fa38d711e378442be8e081b32e4b388f9de64763f93a9d40311ae03,True,True,D,A,,,,
7b,dev-esc50-0126,True,clock_alarm,base,6b9ac0400f2ad4fb1809ad44b2f2c9f2ee293d552b2dec2e4871abbd34e8192b,True,True,D,B,,,,
7b,dev-esc50-0127,True,footsteps,base,90f2e075bfaf901c2dee5e4efb8051d2adafc09962ee456066a96e98f9a54583,True,True,B,B,,,,
7b,dev-esc50-0128,True,rain,base,f9dfae017f4c6bcec6bdb4271ee79e32e8051eba471667b9d7bacc1e0a579e0a,True,True,A,D,,,,
7b,dev-esc50-0129,True,footsteps,base,62a4c4cab7f70d189145afacee782d2547434e7cb4a3545cf00ecc0f8bd5afa6,True,True,B,D,,,,
7b,dev-esc50-0130,True,door_wood_knock,base,6f06df8948f0d128617804a1727178de158a0a813606ca5f38c2c753b139d44a,True,True,C,B,,,,
7b,dev-esc50-0131,True,fireworks,base,a2d11b8859a6a475ac4401edb49d80f3c6097dc957211f1c15a8179aef519599,True,True,D,D,,,,
7b,dev-esc50-0133,False,crying_baby,base,6ede00b55e5540af2b92ae6d98e36c1ad23a1f25af2b29b9677328b098c57c6c,True,True,C,C,,,,
7b,dev-esc50-0134,True,airplane,base,4b6658a3ee0d717109ec83872dc5d7ac638cd9d90cc75032d3563165b32a7357,True,True,B,C,,,,
7b,dev-esc50-0136,True,frog,base,e42d38380617f174766c7a688858ec22bb8768bdfe996e36e309c7053daa601d,True,True,B,D,,,,
7b,dev-esc50-0137,True,pig,base,3c9d65fe65d47b669671098796466786fa42c308bdf06e1347023a925195f616,True,True,D,B,,,,
7b,dev-esc50-0138,False,sheep,base,eae87f192959dc85e6181a4372b06d76693dfa51c6a80f971fdda315fd1df04a,True,True,B,B,,,,
7b,dev-esc50-0139,True,cat,base,2497dd2032d4d0841ed4478b308687797dc2c6251630eaa02712dc660559792c,True,True,A,B,,,,
7b,dev-esc50-0143,False,dog,base,c017e31042d38ff90e6b7e2ebfebbe81ce74e1d1c482762c07b44c62a0470e4b,True,True,D,B,,,,
7b,dev-esc50-0144,True,train,base,1470dff153d11555f130257569e024fa0436b3bcb3c522c43059a928508f570a,True,True,A,D,,,,
7b,dev-esc50-0145,True,dog,base,93e71f9679a4f6d4d29059b9876358eff8cb0307a07e4cd885d783edad523b47,True,True,C,C,,,,
7b,dev-esc50-0146,True,cat,base,c38e308a611ffa4e33095b67b995b73c635e996a7890770a96f7a622f16ab2bb,True,True,A,D,,,,
7b,dev-esc50-0147,True,dog,base,638eb2509169de36c0766b551781139a496e5a74bf56e541808380b857dd5a6a,True,True,A,C,,,,
7b,dev-esc50-0149,True,sheep,base,e217b42e11bacfe0074dcff0ebda5ffcfa32f494d4ebb0d12659713abba757c0,False,True,D,C,,,,
7b,dev-esc50-0150,False,footsteps,base,5baaf51a608eca06b7a5bfd88c6a163f762f5540bbd8a683cf6eb0eeef43467c,True,True,D,B,,,,
7b,dev-esc50-0152,False,clock_alarm,base,8bd2819e91988085b18d1a74246f880297f2454c109839b8db8c6589896b53fd,True,True,B,A,,,,
7b,dev-esc50-0153,False,footsteps,base,141936209d38bf11700fb64d4bd309fe99e0e72bdc49114da2a988705ef964f1,True,True,D,B,,,,
7b,dev-esc50-0154,True,cat,base,ed9ee0cafa5f0839a914fba3edf5b8b0aae37aa10b9b080bd269b3088091d738,True,True,B,A,,,,
7b,dev-esc50-0156,True,dog,base,cdd921834eea6f9d8fcab695b125d3ce5d9b04a00b00ebb96263361987e8ab66,True,True,B,A,,,,
7b,dev-esc50-0157,True,siren,base,31bdead7bd55b06643714eb6c42d95b11c7c7bfb25c473a47df215456ad9f112,True,True,B,A,,,,
7b,dev-esc50-0158,True,frog,base,c314a542ad07dbfba191837a87ef6d340402ffd3fb96a9ce1812b62ac5abccf8,True,True,A,B,,,,
7b,dev-esc50-0160,True,car_horn,base,e4ad3868549e9640b29a8ea01411b71b566f5f7546a0575a3bb1c8765f5a9a58,True,True,A,C,,,,
7b,dev-esc50-0162,False,cat,base,744925590cd55d5d6d070d6fa9c9550c85e675f071298da134bf31387499d8ac,True,True,A,B,,,,
7b,dev-esc50-0163,False,glass_breaking,base,f697ac090bc50d9949e67fa278c427bbcd8e133cb1bf2a10125514a51839c1c0,True,True,A,B,,,,
7b,dev-esc50-0164,True,siren,base,32cd7450628d21099f34ff4b5a5785ef1ebed2fc199ceab27378b938ff0f8f3c,True,True,C,B,,,,
7b,dev-esc50-0166,True,frog,base,1f4203186ad16e6668233f0472db43681728a64513921d7a9061e60066d417f6,True,True,D,C,,,,
7b,dev-esc50-0167,False,crow,base,7808075d7715b6a022d6e2c8e947d0dca4c695c1e10ed73c44ca791899709098,True,True,C,C,,,,
7b,dev-esc50-0171,False,door_wood_knock,base,feb68aedb9511110f389829b10528f0818307463f91e42a059e06d21d2b60745,True,True,A,D,,,,
7b,dev-esc50-0172,False,glass_breaking,base,650316b6735853fe6044fbdf239da62b927580fe430949eae0d74200a2d17c9e,False,True,A,D,,,,
7b,dev-esc50-0173,True,siren,base,e151399d3d17bc96e144ac32fbea8a54d5d4d8f219d57bf2b8bde3933b54f1dc,True,True,D,B,,,,
7b,dev-esc50-0174,True,train,base,aa60151700f9de57c85d67e10b0ee585fb5087f9c1e0d0672a511d0fae372fa5,True,True,D,B,,,,
7b,dev-esc50-0175,True,pig,base,d9156672422b7be9099769774287369559c86bbda10a833b0d1eb8e4ae508181,True,True,D,B,,,,
7b,dev-esc50-0176,True,thunderstorm,base,1f25d7158a74edf7aac6e212e7169f6fc36ef1d5b9611fee51c7ea1349f503cd,True,True,A,A,,,,
7b,dev-esc50-0177,True,thunderstorm,base,4aacb888b5adafc4730a30001bcb45275b0a63569f75e598015fb89f69e8c9fa,False,True,C,A,,,,
7b,dev-esc50-0180,True,frog,base,7361d5500fc98de1d2bb9308da2504e4f33c87d37b77b6f381e1a98c6ce0e4a8,True,True,B,A,,,,
7b,dev-esc50-0183,True,footsteps,base,12b7dba9ced63956831d80920b305c39de172d92982fb29b1bf42e006241f2e1,True,True,B,A,,,,
7b,dev-esc50-0186,True,car_horn,base,4260a0fe48940328190416d63b654f4e1c3a5ac8bd42a894e65b403270ab6302,True,True,C,B,,,,
7b,dev-esc50-0188,True,clock_alarm,base,b517cc28f5690df343532acda0c87cfe568788305cb63472c0a35b22c82d3225,True,True,D,B,,,,
7b,dev-esc50-0189,True,cow,base,57e666155ffc193e4087b7e08dcb61e5f2198e8d9b80393a8789a545b712acef,True,True,B,D,,,,
7b,dev-esc50-0190,False,fireworks,base,91e95b644f60efb6a4aaa88d76c142ba825e9cb7ed15b884c2e0bf4059294a70,True,True,B,C,,,,
7b,dev-esc50-0191,True,dog,base,21ca8b4a1e86a34b618e7cfe9a15a4475509a73452aea630171b5baadde9daf6,True,True,A,A,,,,
7b,dev-esc50-0192,True,clock_alarm,base,59d2bb59f2e51aec66c7b378afa7d829665aa119c769180d05b477543f9b432b,True,True,A,A,,,,
7b,dev-esc50-0193,False,rooster,base,d09fdf092a4182d067d004e49c8259153ba73c43684792feac2cf2d08dd42006,True,True,D,D,,,,
7b,dev-esc50-0194,False,rain,base,4fd147218d145439fbf82948b82450868449867d6b24badef4f23d10b897b84a,True,True,B,D,,,,
7b,dev-esc50-0200,True,thunderstorm,base,7043fe5f708a436e3566596d675a169e576fa0774c1a88c33e00f4cc18d5fdd1,True,True,B,A,,,,
7b,dev-esc50-0203,False,footsteps,base,3821a0f76706b6ca2bc3243b07e9eea1c3a99c5cd3fc2a72c415f71109d00815,True,True,D,B,,,,
7b,dev-esc50-0207,True,thunderstorm,base,a4f1807e6cb82457569a7a99566ccf580111b2df8559a6f2d8cf027f517c147c,True,True,C,A,,,,
7b,dev-esc50-0209,False,airplane,base,3da15efc6bb6be399eb58e5e1743e3eb527a20bcb5d1b70b737ffc0ba08873ad,True,True,B,A,,,,
7b,dev-esc50-0212,True,dog,base,be92ea8291bcae6d11eab75a75db8ee9ff6fbea9354b62760cfb9af1c962c292,True,True,D,A,,,,
7b,dev-esc50-0213,True,glass_breaking,base,1d160edf6bd29550dacb4d90b5d39dde687a8951a0de2924946ae6bb2ee44d17,True,True,C,B,,,,
7b,dev-esc50-0216,False,car_horn,base,36e258600c5d9990bffb9267389a2806803a1be131cb008c30ea2ef5636b03fd,True,True,B,B,,,,
7b,dev-esc50-0217,False,glass_breaking,base,b81ac389a4d0949512affceeaa25069ae672918dbcbb8fab4d02c9db7dfbb171,True,True,A,D,,,,
7b,dev-esc50-0219,True,sheep,base,24f49bfccec6c22a8dcf76a29e4712beef9a3c9bca2d5c4dc1ff752b67a48ec6,True,True,D,C,,,,
7b,dev-esc50-0221,True,sheep,base,931e47058308c2710c69acbbb32a4d87d9581ec2c724acdbe3a6acbae7ae9cf4,False,True,B,C,,,,
7b,dev-esc50-0222,True,airplane,base,097e10ce3bdd3b7d5c3fbcfde9668c9b2ad07aea1e29078cce82eb2d443d9dc6,True,True,A,B,,,,
7b,dev-esc50-0224,False,car_horn,base,cc69a115cfb6477fd7676127f86a90f40daf454da33801814639c496c1857022,True,True,D,C,,,,
7b,dev-esc50-0230,True,cat,base,7d8978baac9329ec065c638b00ab9bf97aef70e8dc75d23917a0e0de943c2c89,True,True,D,B,,,,
7b,dev-esc50-0231,False,fireworks,base,cdc4e0d5ae3c8ff962742fc029152e8a2de06dae86a593f254fa2d4ea61ab15f,True,True,B,C,,,,
7b,dev-esc50-0233,True,door_wood_knock,base,e56d608b73ca66733e94def000204743b0545c2a15b9de4c4154a8b89ce44839,True,True,A,D,,,,
7b,dev-esc50-0234,True,siren,base,732ba6d31f82cda56323f48504e7af1682b89c96c147f8761c067fa9c449f446,True,True,A,A,,,,
7b,dev-esc50-0238,True,car_horn,base,08d962114059e0ddcbdf7e31e7382c663532c21dcf0394ba29ebcbdf7a0cab56,True,True,A,C,,,,
7b,dev-esc50-0241,True,clock_alarm,base,5799ac9ab9e1967aecf0e17bd2de16bf116e37afadfb40a323a398d292f45bbd,True,True,C,A,,,,
7b,dev-esc50-0242,False,fireworks,base,d4dd282097a25307f76de7a5f7c00847b0401836bd7d1be0f1e1a06cb37dd101,True,True,B,D,,,,
7b,dev-esc50-0243,True,crying_baby,base,26deef24311e8213bef31107697acaa9b4bba681f947dbc6a2723437b705aa94,True,True,D,A,,,,
7b,dev-esc50-0247,False,car_horn,base,9714836f05ad6202a09e31efcb9ef133dc875ebffc49104e43cec2c3bfae920a,True,True,B,D,,,,
7b,dev-esc50-0249,True,cow,base,363369a9b8f760bbbc84baf5fe44432cb898ad9d0096bfe171e3e3299c732ebb,True,True,D,A,,,,
7b,dev-esc50-0251,False,door_wood_knock,base,b546847ec606b844227778e471da805a078a9fb370c6cda9162b1f41dfab873d,True,True,B,D,,,,
7b,dev-esc50-0252,True,crow,base,931bd5661895929ba71ca491c06465eb60a6e55a3c7290689ed00764d3617834,True,True,C,A,,,,
7b,dev-esc50-0253,False,rain,base,1f65b520ba2f068021a6fcde8c3ccc5d6b3a1b7e6a20495b2994462c61d467ea,True,True,B,B,,,,
7b,dev-esc50-0254,True,clock_alarm,base,8cc54a093d209c1bb935ef80473c7c4c8e1e3c7dc8dd1c4eeb406620f8031bbe,True,True,A,A,,,,
7b,dev-esc50-0255,True,footsteps,base,a85a2fa006c213ea8f481f8c2525cbb2f01d4126158ead6ce0e8564f570e0df7,True,False,A,A,,,,
7b,dev-esc50-0257,False,rain,base,4ff6210f6f523455422d84d9922037feeb376b2a25b49ea3d4ca520c1af8825e,True,True,B,C,,,,
7b,dev-esc50-0258,True,crying_baby,base,deef8ac5a222eae072836c522287f3b5e83cb0630c65626cff8f69deb60fe034,True,True,D,A,,,,
7b,dev-esc50-0261,True,door_wood_knock,base,e97385031e64abef3fef4b624cc7722f9b271dcea6e513b72decb0b9fa8c881c,True,True,C,A,,,,
7b,dev-esc50-0264,True,siren,base,f01a4b14f39c47575b9b41c41f0da9fc2bc12961a09bd79d60456283587745db,True,True,B,A,,,,
7b,dev-esc50-0266,True,door_wood_knock,base,f8071619406948838777048e2e52d43e337a0c5fc4cafa51589edfbefd85fe58,True,True,B,B,,,,
7b,dev-esc50-0269,True,cow,base,622e0db6d32afde0d899be500fc0f4c8518abe942bfadaf4bbfbd4b5803a6a47,True,True,C,B,,,,
7b,dev-esc50-0270,True,footsteps,base,33d999107d7cbdc27f99f3a3ce8231a39daebe414c2fe16e93a1d987a340f3d3,True,True,B,C,,,,
7b,dev-esc50-0273,False,train,base,94f7d0e45f7267ddab3efdfb2aed2142c7e42a6c1cf61de1595181a1cc2e9df0,True,False,D,B,,,,
7b,dev-esc50-0274,False,rooster,base,190f50148a21465672a3371688c65369f15213c14ef28d9e0d00e18e58ca05d4,True,True,D,D,,,,
7b,dev-esc50-0275,True,cat,base,39d2f894b55d8b5d8aef7dbdd6c8f05af73dbae82f93d9a05f206a41fd28de40,True,True,A,C,,,,
7b,dev-esc50-0276,True,door_wood_knock,base,1b38046a525a8bb284d1035a705766ae3114794365fa8dc338e75d1fd33b3466,True,True,B,C,,,,
7b,dev-esc50-0280,True,airplane,base,64fef354784950ea7952757224bb3d276989ffa7c962d88cf4d03b1a62bf48a8,True,True,A,A,,,,
7b,dev-esc50-0281,True,train,base,398538eecc9fb12725e2de8fb7ce6258b3da1a3a4347a5e5d57e7ce3d8f6104b,True,True,A,B,,,,
7b,dev-esc50-0282,True,crow,base,603ddf0ed9cd14143e1cb23aa41516387040daf29622f19969c9717fdc28f076,True,True,C,A,,,,
7b,dev-esc50-0284,True,cat,base,85ec8aa5c0bb599c05b9678a43559baf1673de6795a052040232b8faa725eff6,True,True,A,B,,,,
7b,dev-esc50-0287,True,cat,base,467baaadb314ae01779355f8fd47d7d46f8097f04430afdd4282dc857d84178d,True,True,B,D,,,,
7b,dev-esc50-0292,False,cow,base,977d074dc7ce4dea0ed02686340d8a32d9a8c0468135efb89e7089440caf75f0,True,True,A,B,,,,
7b,dev-esc50-0295,False,frog,base,f4d8715e6aa2a14dbfdc6425d6b08a8f638accf945476675a73ea571ac030f4b,False,True,D,B,,,,
7b,dev-esc50-0297,True,rain,base,e29023abb7798f0e0a9c86b37de39ca0383039873e736da4e9d733b83da1efea,True,True,D,C,,,,
7b,dev-esc50-0299,False,crow,base,edaf80d895e97c4c9e584e63497a908ad4e0cfb8f4c90a56f7867f8edc0d04a8,True,True,C,A,,,,
7b,dev-esc50-0300,True,airplane,base,fb0232a485f1d7fdd830a954848618080907e8d869df195173452511d3991aef,True,True,A,C,,,,
7b,dev-esc50-0303,True,cow,base,a57a8a62860a08ab82823228ca624a01b7873a38fcb6a8d3de68f87f4c26d70c,True,True,A,A,,,,
7b,dev-esc50-0304,True,crow,base,62a64e3b5ca9417dd915a72219e2f159d1d12246f2d00b8b3a504a9660706b11,True,True,D,D,,,,
7b,dev-esc50-0305,False,car_horn,base,1de612b2fda10e564ab63dbf3aa620a078aaf921a92a609fc6992f4d5f20665d,True,True,D,D,,,,
7b,dev-esc50-0306,True,glass_breaking,base,bdaf8b574abaff3ee30f244b6d17db0a02fd7b6ae2535f1e969bd4a32e3d62ab,True,True,B,D,,,,
7b,dev-esc50-0309,False,cow,base,4ea81bdf8ffc6e135473b6dec4dea05186c4e4dd4fe223084219ed6a9fcb5b9f,True,True,A,B,,,,
7b,dev-esc50-0314,False,clock_alarm,base,220f0c054dba33821e13c6113e2f01829d7e41d78a78c464e30944078dcde42b,False,True,D,C,,,,
7b,dev-esc50-0315,True,sheep,base,f691e810e549504a7113ceb5376eed932cb2fb2dc4f025742023cc4f1e2cc3a4,True,True,D,A,,,,
7b,dev-esc50-0316,True,crow,base,b4c71324835f196ca78a65ef4b7986b68f8a209ab4fba6f3792ba01413f6500f,True,True,D,A,,,,
7b,dev-esc50-0320,False,siren,base,285a3acf671b0f5812fe5b0f8d092585cf61c49f86900f1ad1933e04b6bc3438,True,True,A,A,,,,
7b,dev-esc50-0322,False,cat,base,f582e53378758d5eb7e466fd1c309ec8b6301ac103e25790f570d4672cf74756,True,True,D,A,,,,
7b,dev-esc50-0325,True,pig,base,bcc45b97a77d93805c5825569ca6e17f02b084f6146d0b1251e4e43b4670b8c7,True,True,C,A,,,,
7b,dev-esc50-0326,False,crying_baby,base,fc49c16f0900b8447288daca654b9df38cf2474388e0155bd95ed917947d0dce,True,True,A,B,,,,
7b,dev-esc50-0327,True,crow,base,f879b875448f290fe2954d5fd087c7b80666e53f60d525156889b12af88274f5,True,True,D,C,,,,
7b,dev-esc50-0328,False,pig,base,b3e833a04d244931c79ed7095901fdefd02b211e381b1b336dd4a05131f5090c,True,True,C,D,,,,
7b,dev-esc50-0330,True,clock_alarm,base,91cf8eb3e99f7aebeb9c073417e880a37fe74ad687db5f6a53181dbf1d8fc5a3,True,True,D,A,,,,
7b,dev-esc50-0332,True,crying_baby,base,ddec0eb42a18930e8b195f172effb2250cda48c552992ba34018913e98a9466e,True,True,B,C,,,,
7b,dev-esc50-0334,True,cat,base,052c9b74aba3e49e10603b0649372955c7035cce7727b825c196bc8a555d15a7,True,True,D,B,,,,
7b,dev-esc50-0335,False,fireworks,base,3d3c4bc308463661f8206f64163c6a258e49624b0a0902af1fe788cf3392f1d1,True,True,B,D,,,,
7b,dev-esc50-0336,True,dog,base,83c00ecaf2ca38838549ae96f04b40d5da0a13f9e3fffcb2bab3bd41eb5611de,True,True,D,A,,,,
7b,dev-esc50-0337,True,rooster,base,071a5f3a1268372dfba290b2ac2d1552e8bb604652c251dffd0a80a9c650407d,True,True,B,A,,,,
7b,dev-esc50-0339,False,car_horn,base,648b2869a3a1a2011081866ea39604d244790d246581dd1bf72510e9e55b62b0,True,True,D,A,,,,
7b,dev-esc50-0341,True,train,base,78d4c1f25068f3e1bb067dd3c64253057fb97834909fbcf80bda450ac6ed777e,True,True,B,A,,,,
7b,dev-esc50-0343,True,sheep,base,82ee656716f49c3b88c5622545cb5397f8c5c415809698d787991e3806ceecd4,True,True,D,C,,,,
7b,dev-esc50-0344,True,cat,base,84c7337eefd1c9cab84b43211a370e380ba4706472d3a3935b779b948f22155b,True,True,D,C,,,,
7b,dev-esc50-0345,True,glass_breaking,base,c90d8bfaeb2f4ae0d11266657e3530c296cdee33d6b10417d24fc2dfaef6a42b,False,True,B,B,,,,
7b,dev-esc50-0346,True,airplane,base,76c0196cfdbb1ab337507e7a3e2e8c78c6014b6c4aac4dad7128983dafcb5a71,True,True,A,A,,,,
7b,dev-esc50-0348,False,airplane,base,f775b5f2895466916dfd8b99dfc3ad3c979c70aa0564697bd4a6e5a7b9a35716,True,True,C,B,,,,
7b,dev-esc50-0353,True,thunderstorm,base,b6d3d9b922a7249f9e971b571eaa34b3b594d4823cd79c923f7059f9c7436fab,True,True,D,B,,,,
7b,dev-esc50-0354,True,siren,base,63435c2b26a1f97813414a9784362f6d21c2e702cd69a7b5fae9ff1a25523c5f,True,True,C,B,,,,
7b,dev-esc50-0355,True,rooster,base,c7361f264ba693f5a8fa80ba7bedacb9ed7b3277efdffd59ec46688b1cca15c5,True,True,A,B,,,,
7b,dev-esc50-0358,False,sheep,base,9e7dcef56881f3010884332f7875e4a7a615bc7e983e9bdaec4d74552dceb167,True,True,B,D,,,,
7b,dev-esc50-0360,False,dog,base,9ef4b655decb1aee06a3842f2b71784a24f65c2f91712f80505e8a50bc1fed26,True,True,D,B,,,,
7b,dev-esc50-0363,False,thunderstorm,base,8a3e6efda4536ea0ccfe9197f662f5f763d3145936cad379c73824b25663c04e,True,True,A,A,,,,
7b,dev-esc50-0367,True,rooster,base,05859cd01984026513c4675da5045935f7006e1cf11348dfaa6447f3a3cc8598,True,True,D,D,,,,
7b,dev-esc50-0368,True,airplane,base,ed58630afbe17a477a1265e88db56a716c783377e735a44be66f4feec5beddec,True,True,D,D,,,,
7b,dev-esc50-0369,True,rooster,base,39730431f05af8f90b95c03a3cefec329e18ca3861709c8186e21a84c40e80ae,False,True,B,C,,,,
7b,dev-esc50-0371,True,clock_alarm,base,755a085a8e91db3c8fae239c1ba18552f80c970e5a50f70ddd15bfce97dbfdb2,True,True,C,A,,,,
7b,dev-esc50-0375,True,crying_baby,base,bb6bf8d64c6a61550996039eca4c1c2e4b00548043bcea9a75f96a4d7d24b5fc,True,True,A,D,,,,
7b,dev-esc50-0378,True,clock_alarm,base,a18d09cb007c0851a65060e3a125f6afb9a81ff6eb35773ba03c0da30c6ba841,True,False,B,C,,,,
7b,dev-esc50-0379,True,crying_baby,base,d769b28a080fc55dc16df08b45f87b86cd545c45c0390de57d649e4b27b01e76,True,True,C,A,,,,
7b,dev-esc50-0380,False,crow,base,7c99d54c7245b28689bda0b7e1ffb80d99a0b157750b2bedcd3f66c6c3fae71a,True,True,B,A,,,,
7b,dev-esc50-0381,True,clock_alarm,base,3dff1d5a5566eec5681a6dba73bb6879a2b9cac9f910ad419a2086191ba9123c,True,True,D,A,,,,
7b,dev-esc50-0383,True,pig,base,b4d6001194c50f46806835759f467e4f6e0195163a27fe1fc2c6090f43c47ee6,True,True,B,C,,,,
7b,dev-esc50-0385,False,siren,base,f0728e15077ecc186fd2b797b563176cb7ccf332e3d917f63f0ad5f56f9ebe8c,True,True,B,D,,,,
7b,dev-esc50-0386,True,crying_baby,base,05115891331a2d2eb1d4b07fd3355d83d7117318aab1371622510b22784db5f3,True,True,C,A,,,,
7b,dev-esc50-0387,True,cat,base,8f368808943352cdbb5eafd9b8a21ba4dee832742699aae043c5ab185522383f,True,True,A,C,,,,
7b,dev-esc50-0388,False,siren,base,75bb34d64e6d52b22df5d3d8fa7d8317934af7c2fd56692b8208b78310239b53,True,True,C,D,,,,
7b,dev-esc50-0390,True,door_wood_knock,base,e63d29dfe7310818203c0a3311cd9084685aed08998b25f2ded25e2baf22495d,True,True,A,C,,,,
7b,dev-esc50-0391,True,crying_baby,base,2723129a0ef3facec4edab0f57c0c69f8850fd1bac9a12a05efc9f4ef5e11607,True,True,D,D,,,,
7b,dev-esc50-0392,True,siren,base,17a9b4aeb83ede02e3494b14ea97fc1665e4bee5de87b597a1679e07c49ae51d,True,True,A,A,,,,
7b,dev-esc50-0393,True,car_horn,base,5c004d3ca6c1acf9c08f7d38ca5b6632078af1789e735005d3a56abee6fd7749,False,True,A,D,,,,
7b,dev-esc50-0397,False,siren,base,742a9631186173fe1a21f0342ad151bad58596eb994f0a91388c890c2ffea7c9,True,True,B,B,,,,
7b,dev-esc50-0398,False,crying_baby,base,b87bb1261d373e38d9b3af2e991ee56d5759b5541e9677cfa9191c786258e48f,False,True,D,D,,,,
7b,dev-esc50-0400,True,rain,base,645562bf158991962ff480827e5dee2d5576f9c0fd823d001825902c625e566f,True,True,B,C,,,,
7b,dev-esc50-0402,True,thunderstorm,base,57f3ec266ccb3e3aef4963221d0aa3e738970881284fcbdb76997b0492cda116,True,True,A,B,,,,
7b,dev-esc50-0403,True,door_wood_knock,base,893d4a9c2b387cf5401110e6373156ccdb0bc6b120333067a23ec1db81ef57d1,True,True,A,C,,,,
7b,dev-esc50-0404,False,rain,base,8f64116107a8f52e9ae5bbae5356e009365a3d6c9230a4fb977b6b53506b1079,True,True,D,B,,,,
7b,dev-esc50-0405,False,glass_breaking,base,a67dd68b43886cae33e731115bb4d20741a03aa12be99b1036ba95967cf86e71,True,True,B,C,,,,
7b,dev-esc50-0408,False,crow,base,1a35d0f7ecf33211fc13aecba0754403de2b39544dd6ab4ba4bebe37fb6ab677,True,True,B,B,,,,
7b,dev-esc50-0409,True,airplane,base,0462efe7b309b7ab6dee26b2b141e623f7eeb2e622dcb40c582a3f4f3b6e079d,True,True,A,B,,,,
7b,dev-esc50-0411,True,fireworks,base,ef4c8d1ebb458151ec2b1a93cf1711f93e8e3a1e521de8a4a336ffbec01e05bc,True,True,D,B,,,,
7b,dev-esc50-0414,True,train,base,6fa070d6a7fd01a0e37c2d98facd58704b6a62396b3ef454c49f2dc8055bd7b7,True,True,D,A,,,,
7b,dev-esc50-0417,False,fireworks,base,eb00f4b69fc8566d75fcb7447377896b1deeb598045c1554b6f937bf7355e807,True,True,D,A,,,,
7b,dev-esc50-0418,True,glass_breaking,base,52528f041fe4e6734f31d8b0598090cec0f98f1c8f760b24fbc929d6ee63591b,True,True,B,B,,,,
7b,dev-esc50-0423,True,cat,base,3c7760b71b5d8695dfb380bb28ede932c1a301326478405f49efcb24888858f2,True,True,A,D,,,,
7b,dev-esc50-0424,False,door_wood_knock,base,4ff3abd6791fab77a76a58e843437b313111656751179a8fc72c9a9cf04043e0,True,True,C,B,,,,
7b,dev-esc50-0425,True,fireworks,base,b851fe0e3bb0f5f201d6adde1e5aba4b864222f197f518c5d686a0b5397cb9b5,True,True,C,C,,,,
7b,dev-esc50-0426,True,footsteps,base,b6f4da0d362a7192c2d6af7516069a883715b6eacf7b4b3e624c3cdbae7890de,True,True,D,C,,,,
7b,dev-esc50-0430,False,frog,base,cce0bdff99d25abca7f03a0562aa8e7305c126658f53e8e388a9b8d1da026564,True,True,B,D,,,,
7b,dev-esc50-0431,True,pig,base,b201fa5ad4e05bce1e5c88c66f4bd3040786e56688f404b1c65bd9c60720efe4,True,True,A,D,,,,
7b,dev-esc50-0433,True,fireworks,base,7cf91d5bb417ada604d50d11949d99c1ce1bd0d4a914e42669fa3eb0ff4e74a7,True,True,D,B,,,,
7b,dev-esc50-0435,True,thunderstorm,base,1a1b698be1e598f8dc46a73ac264b25778b67fca6209e30c78f211aaf41f1e41,True,True,A,B,,,,
7b,dev-esc50-0436,False,train,base,9d02501f2a1fef8fde3945d1b307aa9a6fa9d1885e1ea70aebf953be548b8c9d,True,True,C,D,,,,
7b,dev-esc50-0438,True,pig,base,c07771910493ed23a1768c5ff312ca7fb1b9d9f9154da31849545aa936da618c,False,True,D,B,,,,
7b,dev-esc50-0439,False,cat,base,8096d78f795bd8b188e75d1a6de2000bd863792df32118ec9173a01fe97d3478,True,True,B,C,,,,
7b,dev-esc50-0440,True,thunderstorm,base,b5001798deb3a305341ef5441f38d905f1929263b838080d81f1f110d70a9ad3,True,True,D,A,,,,
7b,dev-esc50-0443,True,cat,base,28714cf43211e0d615d4d928d9377f5f9e34d2b35c5a471af681290e99a7c17f,True,True,B,D,,,,
7b,dev-esc50-0445,True,train,base,80a1783eb3767675a0e3d8df97a64c203bee5a43d56f450e2666a965e103b21e,True,True,A,A,,,,
7b,dev-esc50-0446,True,rooster,base,ef210d7071373b7c80039fc643a1325629ce71476c2b2076a935e541a32d8cb4,True,True,B,D,,,,
7b,dev-esc50-0448,False,car_horn,base,2094538710d534e74758b411e97bbc4295daeb0a5e2a14dba8f5ed2bbc938c6d,True,True,B,A,,,,
7b,dev-esc50-0449,True,rain,base,66b4bfd77adc082a6ed7104f09b250254d2174d6a6fe9cad24591c6c41fe6f0e,True,True,A,D,,,,
7b,dev-esc50-0450,True,fireworks,base,36361f06f6390390ed21cdccdd2a0b3abafb85fc737a14b1b02799a9f983d437,True,True,A,B,,,,
7b,dev-esc50-0453,True,airplane,base,55641fcbec7eeaa6e3a699e81e37d6af47223a80a5ddc9de79b67fe809b7d8d1,True,True,B,C,,,,
7b,dev-esc50-0454,False,footsteps,base,7b0cacbdecb4710166d535e5314b15acc033e0fe5b9763d591028c294156c69b,True,True,D,C,,,,
7b,dev-esc50-0456,False,dog,base,5acec6c2f1bcdcd21e2d017a911f54f9177844cb7751e6229974dbe5bc242e41,True,True,C,A,,,,
7b,dev-esc50-0459,True,clock_alarm,base,c09d06a669e2daefe3da586aeeded896ec004f7c1392aef9d8aca61a4de92583,True,True,C,A,,,,
7b,dev-esc50-0460,False,sheep,base,f63059d65a9f1df55e612871495488f557edf5ac6a61abf65a81c2f58bd06f2b,False,True,A,B,,,,
7b,dev-esc50-0462,True,train,base,9756f2e5b8e02de0bda5fe1e0f89687b888a54156a646f96e3e1a6d9407e4aa3,False,True,A,A,,,,
7b,dev-esc50-0464,True,train,base,79b6fd1f08395baf7448cb590fb217165a6634a7596197fe4968462d6f7ab95f,True,True,C,B,,,,
7b,dev-esc50-0465,False,airplane,base,bea7d2830ffba872ff44953f9b926d5ef612ab127c609cb2712658623bf4ad29,False,False,B,B,,,,
7b,dev-esc50-0466,True,car_horn,base,1b005b9660b47e32a73d4ad477fcdd82f68414be3245abff2a80a61a1a755538,True,True,A,D,,,,
7b,dev-esc50-0467,True,door_wood_knock,base,af46ae539eaea8bd8e540710a96b1e61a0df8c62e9313a7c5dbef33745b9ca1f,True,True,D,A,,,,
7b,dev-esc50-0468,True,fireworks,base,e75bbdc8e05ba691543cb2e49429e2c2a92adb7e4948ef61073f6fdaf3d70a9e,True,True,A,B,,,,
7b,dev-esc50-0469,True,siren,base,8caa801f3cff17634b7b5c4507db69306b9f4d50a5fa41329b4395f9724b6281,True,True,B,D,,,,
7b,dev-esc50-0470,True,clock_alarm,base,c6eb81150c2f726d96d4f6b272e0e4fd399c20f16e4cb317bd54b2ea711d06c5,True,True,D,B,,,,
7b,dev-esc50-0471,True,rain,base,7fc63ca490c2566c8e6625e63839474ce231704fde2a70c7693ab4bdd669e130,True,True,B,C,,,,
7b,dev-esc50-0472,False,rooster,base,a60389c470889adfbac6e7d5314f2ddd47894bbcdc796a297553ed59e132fcd1,True,True,B,A,,,,
7b,dev-esc50-0473,True,crow,base,81e3238c978d75e1d8390e6885f2040550ab7ceac3c319fb810889ce2949f079,True,True,A,A,,,,
7b,dev-esc50-0476,True,clock_alarm,base,c8f29ea35c771ef7d47a2da8d20510b2a676fa1d38510c076ba9839914c05162,True,True,C,A,,,,
7b,dev-esc50-0477,True,train,base,e5d622d7faaef358a218e0b6fa68cd5508334c1dbf8757204d729fe672a40d77,True,True,B,D,,,,
7b,dev-esc50-0478,True,dog,base,9a24fd315142f9e0959dee7bebd34860e117babf4db06d8d58c826afe20c267b,True,True,D,A,,,,
7b,dev-esc50-0001,True,siren,oracle_prompt_only,0512cf0097ea06026cbbd0923d94a6aa4f2fbeae336f9b9c56462fdb65efe02e,True,True,A,C,,True,True,1.0
7b,dev-esc50-0002,True,fireworks,oracle_prompt_only,82e49db9fd03d02e0745820a94d1941a9692ee99f2634ee2a0901678aecda0e0,True,True,D,B,,True,True,1.0
7b,dev-esc50-0003,True,clock_alarm,oracle_prompt_only,a939f6f1b079143f877299610a111b549f217561acf05f3f8d4e02c8d0a267aa,True,True,B,B,,True,True,1.0
7b,dev-esc50-0009,False,door_wood_knock,oracle_prompt_only,8dd990e1be33dcf60b4bb6897387dad9a7f5f309e32c231423cc39ca72d03f3f,True,True,B,D,,True,True,1.0
7b,dev-esc50-0010,True,car_horn,oracle_prompt_only,17bd259ba7c5f364907b2abdd4c3a117541e6d2f7148d115a59fb84f066c13fe,True,True,C,C,,True,True,1.0
7b,dev-esc50-0011,True,siren,oracle_prompt_only,eb8151794e1914ed77ac34dd91c0768e8232d12ebeacfb87ab163476c481fb83,True,True,A,A,,True,True,1.0
7b,dev-esc50-0013,False,cow,oracle_prompt_only,607492545a392ec4f9430ec3bfdbb4a6176092440660cab3d7b9cad804155002,True,True,B,C,,True,True,1.0
7b,dev-esc50-0014,True,dog,oracle_prompt_only,35744dd704733b74c727e8799d2b7edcefd87caa8e9ca3d49c2743d3313ed87e,True,True,C,D,,True,True,1.0
7b,dev-esc50-0015,True,crying_baby,oracle_prompt_only,9e8d8c202081221c0eeeea5e63d8921b3bb9e1f2a2d14f0d8cf1219394913393,True,True,A,D,,True,True,1.0
7b,dev-esc50-0016,False,siren,oracle_prompt_only,f4f9c8f4f2d040abf8ab0f5db89b4c56e55d4d8095c04c0eeb00674188a5716a,False,True,A,B,,True,True,1.0
7b,dev-esc50-0017,True,rain,oracle_prompt_only,9e6cd6be987ca15907674fb3463bf6bc8747ebb97fd04da62523ffbc4df1f19f,True,True,A,B,,True,True,1.0
7b,dev-esc50-0018,True,thunderstorm,oracle_prompt_only,eee90f350ce4874f6fe9d7905e3ae6a53f05fcb91910c6714fc84ce17d907df9,False,True,A,C,,True,True,1.0
7b,dev-esc50-0019,False,cat,oracle_prompt_only,178f35da5d8a130d9ba9dd5e47498ec45af8972152b19fc312b27c499d9bc246,True,True,D,A,,True,True,1.0
7b,dev-esc50-0020,True,glass_breaking,oracle_prompt_only,c8ff4eadec38ef3305194d1e6896e82e297183755e6536175bc5d225650c537f,True,True,B,B,,True,True,1.0
7b,dev-esc50-0023,False,crow,oracle_prompt_only,f468c04c3dcfdca699ceb78984bf96a0be56c081df7a63d30f5c0b2f58617832,True,True,B,B,,True,True,1.0
7b,dev-esc50-0025,True,sheep,oracle_prompt_only,64319841650d658c4ca1e92cadbcf992e62b669a84d71edac72de98836b9a0a9,True,True,C,A,,True,True,1.0
7b,dev-esc50-0026,True,crow,oracle_prompt_only,cb7365d1763e189cb90ae07a004b9221a91501b187e6205ead854aa99d8a800e,True,True,A,D,,True,True,1.0
7b,dev-esc50-0028,True,sheep,oracle_prompt_only,f5f8bde72c7a96b466bd84cf59c4a14e4c048cf2efd25fe03d08def659475018,True,True,B,A,,True,True,1.0
7b,dev-esc50-0029,True,pig,oracle_prompt_only,912a3f118bec229e7c1a939e83b27b29d653bc28b22c31ff00e233aca570231b,True,True,C,B,,True,True,1.0
7b,dev-esc50-0032,True,car_horn,oracle_prompt_only,2cf6ce99ea1a679b494226afa5fad3a5bb20f7547e53d52464794639a05c849c,True,True,C,B,,True,True,1.0
7b,dev-esc50-0033,True,rooster,oracle_prompt_only,f9569051af8f8cd849cc1de0e1374d3968fd5ab1f29dc577b387ed7db07da60c,True,True,C,B,,True,True,1.0
7b,dev-esc50-0037,True,thunderstorm,oracle_prompt_only,5bd2a2e3813397f8c3993d1af6aef6c1e81ab5a4499a9785cebdb3c518eddc53,True,True,D,C,,True,True,1.0
7b,dev-esc50-0038,True,door_wood_knock,oracle_prompt_only,93e26ca77f742fad6294dcf00ad3b049114eae12f0fffa1dd5cc9957b332f85b,True,True,D,B,,True,True,1.0
7b,dev-esc50-0039,True,footsteps,oracle_prompt_only,571b963f6a867bda4a67006d26ed6aa1af60a249a03269fa10a7752a83336f25,True,True,B,A,,True,True,1.0
7b,dev-esc50-0040,False,crying_baby,oracle_prompt_only,13c5df67c265a79db5eaecd09405ba7812bf3b1c23bb1d71f96ae999966caf60,True,True,D,B,,True,True,1.0
7b,dev-esc50-0041,True,airplane,oracle_prompt_only,537d258344f2292ea2b48a068e7afc2bf249e205db28f9ebdf3ff4b98b906627,True,True,A,B,,True,True,1.0
7b,dev-esc50-0042,False,train,oracle_prompt_only,7a5c54fc74575b16f6bb79c0b602b73798b3654709e2bb89efbedd28ccda1362,True,True,D,A,,True,True,1.0
7b,dev-esc50-0044,False,sheep,oracle_prompt_only,ee22b0bc9ec6453f6ab609ab1018dbdbe2edd421a327f499ea63964e2cd89a00,True,True,B,C,,True,True,1.0
7b,dev-esc50-0045,True,door_wood_knock,oracle_prompt_only,605dc4029fba2085b36423ab1a3f2e2c8d872d8de0133cfa645da03e21168e62,True,True,A,B,,True,True,1.0
7b,dev-esc50-0046,False,clock_alarm,oracle_prompt_only,f3186b88dee804da9201076766c15fbeceb1999e0a1fe92354c047a7cf299d9c,True,True,A,A,,True,True,1.0
7b,dev-esc50-0048,False,dog,oracle_prompt_only,9a23409c1a0ea2435e83e7ac63354a8f7bc661d536c997bbf1ee78f441f252b6,False,True,A,B,,True,True,1.0
7b,dev-esc50-0049,True,cow,oracle_prompt_only,aa11a756c23accd87cb1a531c23e04a59f27c2fd669f6557c0a0a0f872bd498a,True,True,D,B,,True,True,1.0
7b,dev-esc50-0053,False,cow,oracle_prompt_only,8242ea8d329d9b3e7dbbc1e5c5cfa7bf7adb94a00003882a07c76e5f24ac9725,True,True,B,A,,True,True,1.0
7b,dev-esc50-0055,True,airplane,oracle_prompt_only,111d4475970d0a01c7d8c7ad53a4c1d68de07980322f596878fb0e394dd683a2,True,True,B,D,,True,True,1.0
7b,dev-esc50-0057,False,thunderstorm,oracle_prompt_only,8173dce80f8494bc260e095aec8c3f32cd91e8d8060183bd1901312fde032923,True,True,A,A,,True,True,1.0
7b,dev-esc50-0058,False,thunderstorm,oracle_prompt_only,a133a5ab56d327d45bc0ba3bab500380a9a0cbfee650287ef472ed93c1ec8334,True,True,A,A,,True,True,1.0
7b,dev-esc50-0059,False,sheep,oracle_prompt_only,8c946a89b3f166e8f5970744fc53ea2e622bce64bff7199e540fbb4182944b64,True,True,D,D,,True,True,1.0
7b,dev-esc50-0061,False,footsteps,oracle_prompt_only,089b6df15ac8110dab024a281130e7691403bda27cf1d3b1b74d6846dd737a42,True,True,A,D,,True,True,1.0
7b,dev-esc50-0062,True,thunderstorm,oracle_prompt_only,a21aa2c9f7131976037c511a02f8420dafd32ccd07cccf9125349c68b4a4d0ee,True,True,D,B,,True,True,1.0
7b,dev-esc50-0066,False,frog,oracle_prompt_only,3ab712ff3bae8e9c5de69c81869000ec391e970ec39f71fec4fa129178eaebc8,True,True,C,B,,True,True,1.0
7b,dev-esc50-0067,True,glass_breaking,oracle_prompt_only,d8308f14525556839e1a641c6ad33f0394ebf1a7081e43ef2018e2520158bba3,True,True,D,C,,True,True,1.0
7b,dev-esc50-0068,True,thunderstorm,oracle_prompt_only,1aa3bd4197e6feb5f37350b8903ad6c137b44bdbfef036b58d97de11ac560f11,True,True,A,C,,True,True,1.0
7b,dev-esc50-0069,False,car_horn,oracle_prompt_only,9e4d1db58a242adac5c2c8cc546ebe4905f25334201c3b50ede70de13928b323,True,True,D,B,,True,True,1.0
7b,dev-esc50-0071,False,glass_breaking,oracle_prompt_only,6ca4130ef03ea708721a3f1b985213737b9f6fdc83b6605397739a6c832059f6,True,True,B,B,,True,True,1.0
7b,dev-esc50-0072,False,frog,oracle_prompt_only,6a4b614a38403a2a0eb965969c9b0b41fc68a8983fb81d9d33bd307c32a5b50a,False,True,B,C,,True,True,1.0
7b,dev-esc50-0073,True,footsteps,oracle_prompt_only,67fca08ed38ee7c16c869a92812d95bb2201cdd716ff2aaf2208499a56af0f1f,True,True,C,B,,True,True,1.0
7b,dev-esc50-0074,False,crow,oracle_prompt_only,e518c0007851d3c4afa8392672f94f514f9048c433964e5b05d8446d6344e12d,True,True,B,A,,True,True,1.0
7b,dev-esc50-0075,False,cat,oracle_prompt_only,6e22d6b090991226ffc62cae9a0226de9f46988d464212887e6fa525c677c88d,True,True,B,D,,True,True,1.0
7b,dev-esc50-0076,False,pig,oracle_prompt_only,56b466d8f1a86ac3632d68cef22f248630b117c50e8f757100afd393f40cfd87,True,True,A,C,,True,True,1.0
7b,dev-esc50-0077,True,thunderstorm,oracle_prompt_only,207562b965e51145aa11cb3c14edb4d7703bc5c6878287b52f0c443e928c92de,True,False,B,B,,True,True,1.0
7b,dev-esc50-0078,False,rain,oracle_prompt_only,ba131e9aac12deaf16ce09bbf56308c28bebfc0422d2b15e365bc7817000e3a8,True,True,A,D,,True,True,1.0
7b,dev-esc50-0079,True,car_horn,oracle_prompt_only,c19fc60bf65f96367d299bd7cd5ba00e2cdc96d1555489f0324385ba3d0e5976,True,True,B,B,,True,True,1.0
7b,dev-esc50-0080,True,frog,oracle_prompt_only,d4cf32b5cebe89bb46922d1e6e6af49979594cedd0f69b29bb04d8123de0b474,True,True,B,A,,True,True,1.0
7b,dev-esc50-0081,True,cow,oracle_prompt_only,d02900eff2669f44e8f816d1cf14cfbc4c3beb885b019f0b91bd3e0bb10cab2d,True,True,D,C,,True,True,1.0
7b,dev-esc50-0084,False,glass_breaking,oracle_prompt_only,ca28c065005c90e7b563b47920b8a6df0da18c0ad7896a4feab751bc85e8445a,False,True,D,C,,True,True,1.0
7b,dev-esc50-0088,True,glass_breaking,oracle_prompt_only,939c41a64f103ccdad5ab43313ee4ea90453a8caba293fb365fe8890814761c8,True,True,D,D,,True,True,1.0
7b,dev-esc50-0090,True,glass_breaking,oracle_prompt_only,5c04f188728b2269e506671a0c773eb76ca6ceed09584d12769adca3cb4e94b7,False,True,B,C,,True,True,1.0
7b,dev-esc50-0091,True,frog,oracle_prompt_only,e090ff48d87902a44ac7ee7df6e4bf1055f221722de47de0a72c6a2825b146b0,True,True,D,A,,True,True,1.0
7b,dev-esc50-0094,True,rooster,oracle_prompt_only,0f3f0fc1a109e93b14511bb764cda71483945dd4cc7ec209a3c2c542def337f0,True,True,B,D,,True,True,1.0
7b,dev-esc50-0095,False,train,oracle_prompt_only,cbce6f742c9470f63059695a95e1efb757dd2234ab72db45c67fe67b12ad5bfa,True,True,C,C,,True,True,1.0
7b,dev-esc50-0101,True,car_horn,oracle_prompt_only,df47112e7d15dbdcf701f5227dda5b929920adef775a4ea8ffddbb3343d3ce16,True,True,A,D,,True,True,1.0
7b,dev-esc50-0102,True,crow,oracle_prompt_only,cc82282bd2f815ef692fc986c45faedb326a9ca91b76f8bb7957a5bc7587a2e7,True,True,C,B,,True,True,1.0
7b,dev-esc50-0105,True,glass_breaking,oracle_prompt_only,92df249ffe9c16c94af83411c189ec516c07b2ea13f4e83b0c1a3bb883284234,True,True,B,B,,True,True,1.0
7b,dev-esc50-0108,True,airplane,oracle_prompt_only,ad603690bc731a36b1a025112b0ffcaf7a299c0c349f9ed9f0b4cf65cb95b1aa,True,True,B,D,,True,True,1.0
7b,dev-esc50-0110,True,rooster,oracle_prompt_only,14ec88503fbf632836ee6b7bdfcf871f69c6c842ac5c0abb7f0f3f4d2bc4aec8,True,True,C,A,,True,True,1.0
7b,dev-esc50-0111,True,cow,oracle_prompt_only,7df8d415cf747c4560ae4801ee0ede8d8aa0ad8d5985a72e255afcf6f08d427f,True,True,D,D,,True,True,1.0
7b,dev-esc50-0113,True,car_horn,oracle_prompt_only,b8725859b236e77c5a23a45ed084ba5f6eeadd4f482a37f9c4945be0f5b172e0,True,False,B,B,,True,True,1.0
7b,dev-esc50-0114,True,crying_baby,oracle_prompt_only,0531fc37e4af8ccec011aa4f9ccb7a171d00f5ea8589ce75e66b549fdbdd3956,True,True,D,A,,True,True,1.0
7b,dev-esc50-0115,True,rooster,oracle_prompt_only,96411d23691206bf4aaa1a72c22cb5b3152e9401ac38728b964e689bde859c1d,True,True,A,C,,True,True,1.0
7b,dev-esc50-0116,True,frog,oracle_prompt_only,609e24769feb5c52d015a61bb0d937be5b806e3e230ccafa7c4a4d7b6b83736c,True,True,B,B,,True,True,1.0
7b,dev-esc50-0118,True,train,oracle_prompt_only,4e50b13290fa3810306fdb409b6079cb54b01603a6c3320688675b6631b5d8b5,True,True,B,A,,True,True,1.0
7b,dev-esc50-0122,True,sheep,oracle_prompt_only,4532af21db7570aa319a20efdb667676035350f3c8150f7f4c30604d2b078ac3,True,True,D,D,,True,True,1.0
7b,dev-esc50-0123,True,footsteps,oracle_prompt_only,322223e7b1f6c75ab2066f43d35677da9586a3aded50cb18c1b22e7be0a34aa8,True,True,A,A,,True,True,1.0
7b,dev-esc50-0125,True,crow,oracle_prompt_only,b143c6a95fa38d711e378442be8e081b32e4b388f9de64763f93a9d40311ae03,True,True,D,A,,True,True,1.0
7b,dev-esc50-0126,True,clock_alarm,oracle_prompt_only,6b9ac0400f2ad4fb1809ad44b2f2c9f2ee293d552b2dec2e4871abbd34e8192b,True,True,D,B,,True,True,1.0
7b,dev-esc50-0127,True,footsteps,oracle_prompt_only,90f2e075bfaf901c2dee5e4efb8051d2adafc09962ee456066a96e98f9a54583,True,True,B,B,,True,True,1.0
7b,dev-esc50-0128,True,rain,oracle_prompt_only,f9dfae017f4c6bcec6bdb4271ee79e32e8051eba471667b9d7bacc1e0a579e0a,True,True,A,D,,True,True,1.0
7b,dev-esc50-0129,True,footsteps,oracle_prompt_only,62a4c4cab7f70d189145afacee782d2547434e7cb4a3545cf00ecc0f8bd5afa6,True,True,B,D,,True,True,1.0
7b,dev-esc50-0130,True,door_wood_knock,oracle_prompt_only,6f06df8948f0d128617804a1727178de158a0a813606ca5f38c2c753b139d44a,True,True,C,B,,True,True,1.0
7b,dev-esc50-0131,True,fireworks,oracle_prompt_only,a2d11b8859a6a475ac4401edb49d80f3c6097dc957211f1c15a8179aef519599,True,True,D,D,,True,True,1.0
7b,dev-esc50-0133,False,crying_baby,oracle_prompt_only,6ede00b55e5540af2b92ae6d98e36c1ad23a1f25af2b29b9677328b098c57c6c,True,True,C,C,,True,True,1.0
7b,dev-esc50-0134,True,airplane,oracle_prompt_only,4b6658a3ee0d717109ec83872dc5d7ac638cd9d90cc75032d3563165b32a7357,True,True,B,C,,True,True,1.0
7b,dev-esc50-0136,True,frog,oracle_prompt_only,e42d38380617f174766c7a688858ec22bb8768bdfe996e36e309c7053daa601d,True,True,B,D,,True,True,1.0
7b,dev-esc50-0137,True,pig,oracle_prompt_only,3c9d65fe65d47b669671098796466786fa42c308bdf06e1347023a925195f616,True,True,D,B,,True,True,1.0
7b,dev-esc50-0138,False,sheep,oracle_prompt_only,eae87f192959dc85e6181a4372b06d76693dfa51c6a80f971fdda315fd1df04a,True,True,B,B,,True,True,1.0
7b,dev-esc50-0139,True,cat,oracle_prompt_only,2497dd2032d4d0841ed4478b308687797dc2c6251630eaa02712dc660559792c,True,True,A,B,,True,True,1.0
7b,dev-esc50-0143,False,dog,oracle_prompt_only,c017e31042d38ff90e6b7e2ebfebbe81ce74e1d1c482762c07b44c62a0470e4b,True,True,D,B,,True,True,1.0
7b,dev-esc50-0144,True,train,oracle_prompt_only,1470dff153d11555f130257569e024fa0436b3bcb3c522c43059a928508f570a,True,True,A,D,,True,True,1.0
7b,dev-esc50-0145,True,dog,oracle_prompt_only,93e71f9679a4f6d4d29059b9876358eff8cb0307a07e4cd885d783edad523b47,True,True,C,C,,True,True,1.0
7b,dev-esc50-0146,True,cat,oracle_prompt_only,c38e308a611ffa4e33095b67b995b73c635e996a7890770a96f7a622f16ab2bb,True,True,A,D,,True,True,1.0
7b,dev-esc50-0147,True,dog,oracle_prompt_only,638eb2509169de36c0766b551781139a496e5a74bf56e541808380b857dd5a6a,True,True,A,C,,True,True,1.0
7b,dev-esc50-0149,True,sheep,oracle_prompt_only,e217b42e11bacfe0074dcff0ebda5ffcfa32f494d4ebb0d12659713abba757c0,False,True,D,C,,True,True,1.0
7b,dev-esc50-0150,False,footsteps,oracle_prompt_only,5baaf51a608eca06b7a5bfd88c6a163f762f5540bbd8a683cf6eb0eeef43467c,False,True,B,B,,True,True,1.0
7b,dev-esc50-0152,False,clock_alarm,oracle_prompt_only,8bd2819e91988085b18d1a74246f880297f2454c109839b8db8c6589896b53fd,True,True,B,A,,True,True,1.0
7b,dev-esc50-0153,False,footsteps,oracle_prompt_only,141936209d38bf11700fb64d4bd309fe99e0e72bdc49114da2a988705ef964f1,True,True,D,B,,True,True,1.0
7b,dev-esc50-0154,True,cat,oracle_prompt_only,ed9ee0cafa5f0839a914fba3edf5b8b0aae37aa10b9b080bd269b3088091d738,True,True,B,A,,True,True,1.0
7b,dev-esc50-0156,True,dog,oracle_prompt_only,cdd921834eea6f9d8fcab695b125d3ce5d9b04a00b00ebb96263361987e8ab66,True,True,B,A,,True,True,1.0
7b,dev-esc50-0157,True,siren,oracle_prompt_only,31bdead7bd55b06643714eb6c42d95b11c7c7bfb25c473a47df215456ad9f112,True,True,B,A,,True,True,1.0
7b,dev-esc50-0158,True,frog,oracle_prompt_only,c314a542ad07dbfba191837a87ef6d340402ffd3fb96a9ce1812b62ac5abccf8,True,True,A,B,,True,True,1.0
7b,dev-esc50-0160,True,car_horn,oracle_prompt_only,e4ad3868549e9640b29a8ea01411b71b566f5f7546a0575a3bb1c8765f5a9a58,True,True,A,C,,True,True,1.0
7b,dev-esc50-0162,False,cat,oracle_prompt_only,744925590cd55d5d6d070d6fa9c9550c85e675f071298da134bf31387499d8ac,True,True,A,B,,True,True,1.0
7b,dev-esc50-0163,False,glass_breaking,oracle_prompt_only,f697ac090bc50d9949e67fa278c427bbcd8e133cb1bf2a10125514a51839c1c0,True,True,A,B,,True,True,1.0
7b,dev-esc50-0164,True,siren,oracle_prompt_only,32cd7450628d21099f34ff4b5a5785ef1ebed2fc199ceab27378b938ff0f8f3c,True,True,C,B,,True,True,1.0
7b,dev-esc50-0166,True,frog,oracle_prompt_only,1f4203186ad16e6668233f0472db43681728a64513921d7a9061e60066d417f6,True,True,D,C,,True,True,1.0
7b,dev-esc50-0167,False,crow,oracle_prompt_only,7808075d7715b6a022d6e2c8e947d0dca4c695c1e10ed73c44ca791899709098,True,True,C,C,,True,True,1.0
7b,dev-esc50-0171,False,door_wood_knock,oracle_prompt_only,feb68aedb9511110f389829b10528f0818307463f91e42a059e06d21d2b60745,True,True,A,D,,True,True,1.0
7b,dev-esc50-0172,False,glass_breaking,oracle_prompt_only,650316b6735853fe6044fbdf239da62b927580fe430949eae0d74200a2d17c9e,True,True,B,D,,True,True,1.0
7b,dev-esc50-0173,True,siren,oracle_prompt_only,e151399d3d17bc96e144ac32fbea8a54d5d4d8f219d57bf2b8bde3933b54f1dc,True,True,D,B,,True,True,1.0
7b,dev-esc50-0174,True,train,oracle_prompt_only,aa60151700f9de57c85d67e10b0ee585fb5087f9c1e0d0672a511d0fae372fa5,True,True,D,B,,True,True,1.0
7b,dev-esc50-0175,True,pig,oracle_prompt_only,d9156672422b7be9099769774287369559c86bbda10a833b0d1eb8e4ae508181,True,True,D,B,,True,True,1.0
7b,dev-esc50-0176,True,thunderstorm,oracle_prompt_only,1f25d7158a74edf7aac6e212e7169f6fc36ef1d5b9611fee51c7ea1349f503cd,True,True,A,A,,True,True,1.0
7b,dev-esc50-0177,True,thunderstorm,oracle_prompt_only,4aacb888b5adafc4730a30001bcb45275b0a63569f75e598015fb89f69e8c9fa,True,True,B,A,,True,True,1.0
7b,dev-esc50-0180,True,frog,oracle_prompt_only,7361d5500fc98de1d2bb9308da2504e4f33c87d37b77b6f381e1a98c6ce0e4a8,True,True,B,A,,True,True,1.0
7b,dev-esc50-0183,True,footsteps,oracle_prompt_only,12b7dba9ced63956831d80920b305c39de172d92982fb29b1bf42e006241f2e1,True,True,B,A,,True,True,1.0
7b,dev-esc50-0186,True,car_horn,oracle_prompt_only,4260a0fe48940328190416d63b654f4e1c3a5ac8bd42a894e65b403270ab6302,True,True,C,B,,True,True,1.0
7b,dev-esc50-0188,True,clock_alarm,oracle_prompt_only,b517cc28f5690df343532acda0c87cfe568788305cb63472c0a35b22c82d3225,True,True,D,B,,True,True,1.0
7b,dev-esc50-0189,True,cow,oracle_prompt_only,57e666155ffc193e4087b7e08dcb61e5f2198e8d9b80393a8789a545b712acef,True,True,B,D,,True,True,1.0
7b,dev-esc50-0190,False,fireworks,oracle_prompt_only,91e95b644f60efb6a4aaa88d76c142ba825e9cb7ed15b884c2e0bf4059294a70,True,True,B,C,,True,True,1.0
7b,dev-esc50-0191,True,dog,oracle_prompt_only,21ca8b4a1e86a34b618e7cfe9a15a4475509a73452aea630171b5baadde9daf6,True,True,A,A,,True,True,1.0
7b,dev-esc50-0192,True,clock_alarm,oracle_prompt_only,59d2bb59f2e51aec66c7b378afa7d829665aa119c769180d05b477543f9b432b,True,True,A,A,,True,True,1.0
7b,dev-esc50-0193,False,rooster,oracle_prompt_only,d09fdf092a4182d067d004e49c8259153ba73c43684792feac2cf2d08dd42006,False,True,A,D,,True,True,1.0
7b,dev-esc50-0194,False,rain,oracle_prompt_only,4fd147218d145439fbf82948b82450868449867d6b24badef4f23d10b897b84a,True,True,B,D,,True,True,1.0
7b,dev-esc50-0200,True,thunderstorm,oracle_prompt_only,7043fe5f708a436e3566596d675a169e576fa0774c1a88c33e00f4cc18d5fdd1,True,True,B,A,,True,True,1.0
7b,dev-esc50-0203,False,footsteps,oracle_prompt_only,3821a0f76706b6ca2bc3243b07e9eea1c3a99c5cd3fc2a72c415f71109d00815,False,True,B,B,,True,True,1.0
7b,dev-esc50-0207,True,thunderstorm,oracle_prompt_only,a4f1807e6cb82457569a7a99566ccf580111b2df8559a6f2d8cf027f517c147c,True,True,C,A,,True,True,1.0
7b,dev-esc50-0209,False,airplane,oracle_prompt_only,3da15efc6bb6be399eb58e5e1743e3eb527a20bcb5d1b70b737ffc0ba08873ad,True,True,B,A,,True,True,1.0
7b,dev-esc50-0212,True,dog,oracle_prompt_only,be92ea8291bcae6d11eab75a75db8ee9ff6fbea9354b62760cfb9af1c962c292,True,True,D,A,,True,True,1.0
7b,dev-esc50-0213,True,glass_breaking,oracle_prompt_only,1d160edf6bd29550dacb4d90b5d39dde687a8951a0de2924946ae6bb2ee44d17,True,True,C,B,,True,True,1.0
7b,dev-esc50-0216,False,car_horn,oracle_prompt_only,36e258600c5d9990bffb9267389a2806803a1be131cb008c30ea2ef5636b03fd,True,True,B,B,,True,True,1.0
7b,dev-esc50-0217,False,glass_breaking,oracle_prompt_only,b81ac389a4d0949512affceeaa25069ae672918dbcbb8fab4d02c9db7dfbb171,True,True,A,D,,True,True,1.0
7b,dev-esc50-0219,True,sheep,oracle_prompt_only,24f49bfccec6c22a8dcf76a29e4712beef9a3c9bca2d5c4dc1ff752b67a48ec6,True,True,D,C,,True,True,1.0
7b,dev-esc50-0221,True,sheep,oracle_prompt_only,931e47058308c2710c69acbbb32a4d87d9581ec2c724acdbe3a6acbae7ae9cf4,False,True,B,C,,True,True,1.0
7b,dev-esc50-0222,True,airplane,oracle_prompt_only,097e10ce3bdd3b7d5c3fbcfde9668c9b2ad07aea1e29078cce82eb2d443d9dc6,True,True,A,B,,True,True,1.0
7b,dev-esc50-0224,False,car_horn,oracle_prompt_only,cc69a115cfb6477fd7676127f86a90f40daf454da33801814639c496c1857022,True,True,D,C,,True,True,1.0
7b,dev-esc50-0230,True,cat,oracle_prompt_only,7d8978baac9329ec065c638b00ab9bf97aef70e8dc75d23917a0e0de943c2c89,True,True,D,B,,True,True,1.0
7b,dev-esc50-0231,False,fireworks,oracle_prompt_only,cdc4e0d5ae3c8ff962742fc029152e8a2de06dae86a593f254fa2d4ea61ab15f,True,True,B,C,,True,True,1.0
7b,dev-esc50-0233,True,door_wood_knock,oracle_prompt_only,e56d608b73ca66733e94def000204743b0545c2a15b9de4c4154a8b89ce44839,True,True,A,D,,True,True,1.0
7b,dev-esc50-0234,True,siren,oracle_prompt_only,732ba6d31f82cda56323f48504e7af1682b89c96c147f8761c067fa9c449f446,True,True,A,A,,True,True,1.0
7b,dev-esc50-0238,True,car_horn,oracle_prompt_only,08d962114059e0ddcbdf7e31e7382c663532c21dcf0394ba29ebcbdf7a0cab56,True,True,A,C,,True,True,1.0
7b,dev-esc50-0241,True,clock_alarm,oracle_prompt_only,5799ac9ab9e1967aecf0e17bd2de16bf116e37afadfb40a323a398d292f45bbd,True,True,C,A,,True,True,1.0
7b,dev-esc50-0242,False,fireworks,oracle_prompt_only,d4dd282097a25307f76de7a5f7c00847b0401836bd7d1be0f1e1a06cb37dd101,True,True,B,D,,True,True,1.0
7b,dev-esc50-0243,True,crying_baby,oracle_prompt_only,26deef24311e8213bef31107697acaa9b4bba681f947dbc6a2723437b705aa94,True,True,D,A,,True,True,1.0
7b,dev-esc50-0247,False,car_horn,oracle_prompt_only,9714836f05ad6202a09e31efcb9ef133dc875ebffc49104e43cec2c3bfae920a,True,True,B,D,,True,True,1.0
7b,dev-esc50-0249,True,cow,oracle_prompt_only,363369a9b8f760bbbc84baf5fe44432cb898ad9d0096bfe171e3e3299c732ebb,True,True,D,A,,True,True,1.0
7b,dev-esc50-0251,False,door_wood_knock,oracle_prompt_only,b546847ec606b844227778e471da805a078a9fb370c6cda9162b1f41dfab873d,True,True,B,D,,True,True,1.0
7b,dev-esc50-0252,True,crow,oracle_prompt_only,931bd5661895929ba71ca491c06465eb60a6e55a3c7290689ed00764d3617834,True,True,C,A,,True,True,1.0
7b,dev-esc50-0253,False,rain,oracle_prompt_only,1f65b520ba2f068021a6fcde8c3ccc5d6b3a1b7e6a20495b2994462c61d467ea,True,False,B,C,,True,True,1.0
7b,dev-esc50-0254,True,clock_alarm,oracle_prompt_only,8cc54a093d209c1bb935ef80473c7c4c8e1e3c7dc8dd1c4eeb406620f8031bbe,True,True,A,A,,True,True,1.0
7b,dev-esc50-0255,True,footsteps,oracle_prompt_only,a85a2fa006c213ea8f481f8c2525cbb2f01d4126158ead6ce0e8564f570e0df7,True,True,A,D,,True,True,1.0
7b,dev-esc50-0257,False,rain,oracle_prompt_only,4ff6210f6f523455422d84d9922037feeb376b2a25b49ea3d4ca520c1af8825e,True,True,B,C,,True,True,1.0
7b,dev-esc50-0258,True,crying_baby,oracle_prompt_only,deef8ac5a222eae072836c522287f3b5e83cb0630c65626cff8f69deb60fe034,True,True,D,A,,True,True,1.0
7b,dev-esc50-0261,True,door_wood_knock,oracle_prompt_only,e97385031e64abef3fef4b624cc7722f9b271dcea6e513b72decb0b9fa8c881c,True,True,C,A,,True,True,1.0
7b,dev-esc50-0264,True,siren,oracle_prompt_only,f01a4b14f39c47575b9b41c41f0da9fc2bc12961a09bd79d60456283587745db,True,True,B,A,,True,True,1.0
7b,dev-esc50-0266,True,door_wood_knock,oracle_prompt_only,f8071619406948838777048e2e52d43e337a0c5fc4cafa51589edfbefd85fe58,True,True,B,B,,True,True,1.0
7b,dev-esc50-0269,True,cow,oracle_prompt_only,622e0db6d32afde0d899be500fc0f4c8518abe942bfadaf4bbfbd4b5803a6a47,True,True,C,B,,True,True,1.0
7b,dev-esc50-0270,True,footsteps,oracle_prompt_only,33d999107d7cbdc27f99f3a3ce8231a39daebe414c2fe16e93a1d987a340f3d3,True,True,B,C,,True,True,1.0
7b,dev-esc50-0273,False,train,oracle_prompt_only,94f7d0e45f7267ddab3efdfb2aed2142c7e42a6c1cf61de1595181a1cc2e9df0,False,False,B,B,,True,True,1.0
7b,dev-esc50-0274,False,rooster,oracle_prompt_only,190f50148a21465672a3371688c65369f15213c14ef28d9e0d00e18e58ca05d4,True,True,D,D,,True,True,1.0
7b,dev-esc50-0275,True,cat,oracle_prompt_only,39d2f894b55d8b5d8aef7dbdd6c8f05af73dbae82f93d9a05f206a41fd28de40,True,True,A,C,,True,True,1.0
7b,dev-esc50-0276,True,door_wood_knock,oracle_prompt_only,1b38046a525a8bb284d1035a705766ae3114794365fa8dc338e75d1fd33b3466,True,True,B,C,,True,True,1.0
7b,dev-esc50-0280,True,airplane,oracle_prompt_only,64fef354784950ea7952757224bb3d276989ffa7c962d88cf4d03b1a62bf48a8,True,True,A,A,,True,True,1.0
7b,dev-esc50-0281,True,train,oracle_prompt_only,398538eecc9fb12725e2de8fb7ce6258b3da1a3a4347a5e5d57e7ce3d8f6104b,True,True,A,B,,True,True,1.0
7b,dev-esc50-0282,True,crow,oracle_prompt_only,603ddf0ed9cd14143e1cb23aa41516387040daf29622f19969c9717fdc28f076,True,True,C,A,,True,True,1.0
7b,dev-esc50-0284,True,cat,oracle_prompt_only,85ec8aa5c0bb599c05b9678a43559baf1673de6795a052040232b8faa725eff6,True,True,A,B,,True,True,1.0
7b,dev-esc50-0287,True,cat,oracle_prompt_only,467baaadb314ae01779355f8fd47d7d46f8097f04430afdd4282dc857d84178d,True,True,B,D,,True,True,1.0
7b,dev-esc50-0292,False,cow,oracle_prompt_only,977d074dc7ce4dea0ed02686340d8a32d9a8c0468135efb89e7089440caf75f0,True,True,A,B,,True,True,1.0
7b,dev-esc50-0295,False,frog,oracle_prompt_only,f4d8715e6aa2a14dbfdc6425d6b08a8f638accf945476675a73ea571ac030f4b,True,True,B,B,,True,True,1.0
7b,dev-esc50-0297,True,rain,oracle_prompt_only,e29023abb7798f0e0a9c86b37de39ca0383039873e736da4e9d733b83da1efea,True,True,D,C,,True,True,1.0
7b,dev-esc50-0299,False,crow,oracle_prompt_only,edaf80d895e97c4c9e584e63497a908ad4e0cfb8f4c90a56f7867f8edc0d04a8,False,True,B,A,,True,True,1.0
7b,dev-esc50-0300,True,airplane,oracle_prompt_only,fb0232a485f1d7fdd830a954848618080907e8d869df195173452511d3991aef,True,True,A,C,,True,True,1.0
7b,dev-esc50-0303,True,cow,oracle_prompt_only,a57a8a62860a08ab82823228ca624a01b7873a38fcb6a8d3de68f87f4c26d70c,True,True,A,A,,True,True,1.0
7b,dev-esc50-0304,True,crow,oracle_prompt_only,62a64e3b5ca9417dd915a72219e2f159d1d12246f2d00b8b3a504a9660706b11,True,True,D,D,,True,True,1.0
7b,dev-esc50-0305,False,car_horn,oracle_prompt_only,1de612b2fda10e564ab63dbf3aa620a078aaf921a92a609fc6992f4d5f20665d,False,True,A,D,,True,True,1.0
7b,dev-esc50-0306,True,glass_breaking,oracle_prompt_only,bdaf8b574abaff3ee30f244b6d17db0a02fd7b6ae2535f1e969bd4a32e3d62ab,True,True,B,D,,True,True,1.0
7b,dev-esc50-0309,False,cow,oracle_prompt_only,4ea81bdf8ffc6e135473b6dec4dea05186c4e4dd4fe223084219ed6a9fcb5b9f,True,True,A,B,,True,True,1.0
7b,dev-esc50-0314,False,clock_alarm,oracle_prompt_only,220f0c054dba33821e13c6113e2f01829d7e41d78a78c464e30944078dcde42b,False,True,B,C,,True,True,1.0
7b,dev-esc50-0315,True,sheep,oracle_prompt_only,f691e810e549504a7113ceb5376eed932cb2fb2dc4f025742023cc4f1e2cc3a4,True,True,D,A,,True,True,1.0
7b,dev-esc50-0316,True,crow,oracle_prompt_only,b4c71324835f196ca78a65ef4b7986b68f8a209ab4fba6f3792ba01413f6500f,True,True,D,A,,True,True,1.0
7b,dev-esc50-0320,False,siren,oracle_prompt_only,285a3acf671b0f5812fe5b0f8d092585cf61c49f86900f1ad1933e04b6bc3438,True,True,A,A,,True,True,1.0
7b,dev-esc50-0322,False,cat,oracle_prompt_only,f582e53378758d5eb7e466fd1c309ec8b6301ac103e25790f570d4672cf74756,True,True,D,A,,True,True,1.0
7b,dev-esc50-0325,True,pig,oracle_prompt_only,bcc45b97a77d93805c5825569ca6e17f02b084f6146d0b1251e4e43b4670b8c7,True,True,C,A,,True,True,1.0
7b,dev-esc50-0326,False,crying_baby,oracle_prompt_only,fc49c16f0900b8447288daca654b9df38cf2474388e0155bd95ed917947d0dce,False,True,B,B,,True,True,1.0
7b,dev-esc50-0327,True,crow,oracle_prompt_only,f879b875448f290fe2954d5fd087c7b80666e53f60d525156889b12af88274f5,True,True,D,C,,True,True,1.0
7b,dev-esc50-0328,False,pig,oracle_prompt_only,b3e833a04d244931c79ed7095901fdefd02b211e381b1b336dd4a05131f5090c,True,True,C,D,,True,True,1.0
7b,dev-esc50-0330,True,clock_alarm,oracle_prompt_only,91cf8eb3e99f7aebeb9c073417e880a37fe74ad687db5f6a53181dbf1d8fc5a3,True,True,D,A,,True,True,1.0
7b,dev-esc50-0332,True,crying_baby,oracle_prompt_only,ddec0eb42a18930e8b195f172effb2250cda48c552992ba34018913e98a9466e,True,True,B,C,,True,True,1.0
7b,dev-esc50-0334,True,cat,oracle_prompt_only,052c9b74aba3e49e10603b0649372955c7035cce7727b825c196bc8a555d15a7,True,True,D,B,,True,True,1.0
7b,dev-esc50-0335,False,fireworks,oracle_prompt_only,3d3c4bc308463661f8206f64163c6a258e49624b0a0902af1fe788cf3392f1d1,True,True,B,D,,True,True,1.0
7b,dev-esc50-0336,True,dog,oracle_prompt_only,83c00ecaf2ca38838549ae96f04b40d5da0a13f9e3fffcb2bab3bd41eb5611de,True,True,D,A,,True,True,1.0
7b,dev-esc50-0337,True,rooster,oracle_prompt_only,071a5f3a1268372dfba290b2ac2d1552e8bb604652c251dffd0a80a9c650407d,True,True,B,A,,True,True,1.0
7b,dev-esc50-0339,False,car_horn,oracle_prompt_only,648b2869a3a1a2011081866ea39604d244790d246581dd1bf72510e9e55b62b0,True,True,D,A,,True,True,1.0
7b,dev-esc50-0341,True,train,oracle_prompt_only,78d4c1f25068f3e1bb067dd3c64253057fb97834909fbcf80bda450ac6ed777e,True,True,B,A,,True,True,1.0
7b,dev-esc50-0343,True,sheep,oracle_prompt_only,82ee656716f49c3b88c5622545cb5397f8c5c415809698d787991e3806ceecd4,True,True,D,C,,True,True,1.0
7b,dev-esc50-0344,True,cat,oracle_prompt_only,84c7337eefd1c9cab84b43211a370e380ba4706472d3a3935b779b948f22155b,True,True,D,C,,True,True,1.0
7b,dev-esc50-0345,True,glass_breaking,oracle_prompt_only,c90d8bfaeb2f4ae0d11266657e3530c296cdee33d6b10417d24fc2dfaef6a42b,False,True,B,B,,True,True,1.0
7b,dev-esc50-0346,True,airplane,oracle_prompt_only,76c0196cfdbb1ab337507e7a3e2e8c78c6014b6c4aac4dad7128983dafcb5a71,True,True,A,A,,True,True,1.0
7b,dev-esc50-0348,False,airplane,oracle_prompt_only,f775b5f2895466916dfd8b99dfc3ad3c979c70aa0564697bd4a6e5a7b9a35716,True,True,C,B,,True,True,1.0
7b,dev-esc50-0353,True,thunderstorm,oracle_prompt_only,b6d3d9b922a7249f9e971b571eaa34b3b594d4823cd79c923f7059f9c7436fab,False,True,A,B,,True,True,1.0
7b,dev-esc50-0354,True,siren,oracle_prompt_only,63435c2b26a1f97813414a9784362f6d21c2e702cd69a7b5fae9ff1a25523c5f,True,True,C,B,,True,True,1.0
7b,dev-esc50-0355,True,rooster,oracle_prompt_only,c7361f264ba693f5a8fa80ba7bedacb9ed7b3277efdffd59ec46688b1cca15c5,True,False,A,D,,True,True,1.0
7b,dev-esc50-0358,False,sheep,oracle_prompt_only,9e7dcef56881f3010884332f7875e4a7a615bc7e983e9bdaec4d74552dceb167,True,True,B,D,,True,True,1.0
7b,dev-esc50-0360,False,dog,oracle_prompt_only,9ef4b655decb1aee06a3842f2b71784a24f65c2f91712f80505e8a50bc1fed26,False,True,A,B,,True,True,1.0
7b,dev-esc50-0363,False,thunderstorm,oracle_prompt_only,8a3e6efda4536ea0ccfe9197f662f5f763d3145936cad379c73824b25663c04e,False,True,B,A,,True,True,1.0
7b,dev-esc50-0367,True,rooster,oracle_prompt_only,05859cd01984026513c4675da5045935f7006e1cf11348dfaa6447f3a3cc8598,True,True,D,D,,True,True,1.0
7b,dev-esc50-0368,True,airplane,oracle_prompt_only,ed58630afbe17a477a1265e88db56a716c783377e735a44be66f4feec5beddec,True,True,D,D,,True,True,1.0
7b,dev-esc50-0369,True,rooster,oracle_prompt_only,39730431f05af8f90b95c03a3cefec329e18ca3861709c8186e21a84c40e80ae,False,True,B,C,,True,True,1.0
7b,dev-esc50-0371,True,clock_alarm,oracle_prompt_only,755a085a8e91db3c8fae239c1ba18552f80c970e5a50f70ddd15bfce97dbfdb2,True,True,C,A,,True,True,1.0
7b,dev-esc50-0375,True,crying_baby,oracle_prompt_only,bb6bf8d64c6a61550996039eca4c1c2e4b00548043bcea9a75f96a4d7d24b5fc,False,True,B,D,,True,True,1.0
7b,dev-esc50-0378,True,clock_alarm,oracle_prompt_only,a18d09cb007c0851a65060e3a125f6afb9a81ff6eb35773ba03c0da30c6ba841,True,True,B,B,,True,True,1.0
7b,dev-esc50-0379,True,crying_baby,oracle_prompt_only,d769b28a080fc55dc16df08b45f87b86cd545c45c0390de57d649e4b27b01e76,True,True,C,A,,True,True,1.0
7b,dev-esc50-0380,False,crow,oracle_prompt_only,7c99d54c7245b28689bda0b7e1ffb80d99a0b157750b2bedcd3f66c6c3fae71a,True,True,B,A,,True,True,1.0
7b,dev-esc50-0381,True,clock_alarm,oracle_prompt_only,3dff1d5a5566eec5681a6dba73bb6879a2b9cac9f910ad419a2086191ba9123c,False,True,A,A,,True,True,1.0
7b,dev-esc50-0383,True,pig,oracle_prompt_only,b4d6001194c50f46806835759f467e4f6e0195163a27fe1fc2c6090f43c47ee6,True,True,B,C,,True,True,1.0
7b,dev-esc50-0385,False,siren,oracle_prompt_only,f0728e15077ecc186fd2b797b563176cb7ccf332e3d917f63f0ad5f56f9ebe8c,True,True,B,D,,True,True,1.0
7b,dev-esc50-0386,True,crying_baby,oracle_prompt_only,05115891331a2d2eb1d4b07fd3355d83d7117318aab1371622510b22784db5f3,False,True,A,A,,True,True,1.0
7b,dev-esc50-0387,True,cat,oracle_prompt_only,8f368808943352cdbb5eafd9b8a21ba4dee832742699aae043c5ab185522383f,True,True,A,C,,True,True,1.0
7b,dev-esc50-0388,False,siren,oracle_prompt_only,75bb34d64e6d52b22df5d3d8fa7d8317934af7c2fd56692b8208b78310239b53,True,True,C,D,,True,True,1.0
7b,dev-esc50-0390,True,door_wood_knock,oracle_prompt_only,e63d29dfe7310818203c0a3311cd9084685aed08998b25f2ded25e2baf22495d,True,True,A,C,,True,True,1.0
7b,dev-esc50-0391,True,crying_baby,oracle_prompt_only,2723129a0ef3facec4edab0f57c0c69f8850fd1bac9a12a05efc9f4ef5e11607,True,True,D,D,,True,True,1.0
7b,dev-esc50-0392,True,siren,oracle_prompt_only,17a9b4aeb83ede02e3494b14ea97fc1665e4bee5de87b597a1679e07c49ae51d,True,True,A,A,,True,True,1.0
7b,dev-esc50-0393,True,car_horn,oracle_prompt_only,5c004d3ca6c1acf9c08f7d38ca5b6632078af1789e735005d3a56abee6fd7749,False,True,A,D,,True,True,1.0
7b,dev-esc50-0397,False,siren,oracle_prompt_only,742a9631186173fe1a21f0342ad151bad58596eb994f0a91388c890c2ffea7c9,True,True,B,B,,True,True,1.0
7b,dev-esc50-0398,False,crying_baby,oracle_prompt_only,b87bb1261d373e38d9b3af2e991ee56d5759b5541e9677cfa9191c786258e48f,True,True,A,D,,True,True,1.0
7b,dev-esc50-0400,True,rain,oracle_prompt_only,645562bf158991962ff480827e5dee2d5576f9c0fd823d001825902c625e566f,True,True,B,C,,True,True,1.0
7b,dev-esc50-0402,True,thunderstorm,oracle_prompt_only,57f3ec266ccb3e3aef4963221d0aa3e738970881284fcbdb76997b0492cda116,False,True,B,B,,True,True,1.0
7b,dev-esc50-0403,True,door_wood_knock,oracle_prompt_only,893d4a9c2b387cf5401110e6373156ccdb0bc6b120333067a23ec1db81ef57d1,True,True,A,C,,True,True,1.0
7b,dev-esc50-0404,False,rain,oracle_prompt_only,8f64116107a8f52e9ae5bbae5356e009365a3d6c9230a4fb977b6b53506b1079,True,True,D,B,,True,True,1.0
7b,dev-esc50-0405,False,glass_breaking,oracle_prompt_only,a67dd68b43886cae33e731115bb4d20741a03aa12be99b1036ba95967cf86e71,True,True,B,C,,True,True,1.0
7b,dev-esc50-0408,False,crow,oracle_prompt_only,1a35d0f7ecf33211fc13aecba0754403de2b39544dd6ab4ba4bebe37fb6ab677,True,True,B,B,,True,True,1.0
7b,dev-esc50-0409,True,airplane,oracle_prompt_only,0462efe7b309b7ab6dee26b2b141e623f7eeb2e622dcb40c582a3f4f3b6e079d,True,True,A,B,,True,True,1.0
7b,dev-esc50-0411,True,fireworks,oracle_prompt_only,ef4c8d1ebb458151ec2b1a93cf1711f93e8e3a1e521de8a4a336ffbec01e05bc,True,True,D,B,,True,True,1.0
7b,dev-esc50-0414,True,train,oracle_prompt_only,6fa070d6a7fd01a0e37c2d98facd58704b6a62396b3ef454c49f2dc8055bd7b7,True,True,D,A,,True,True,1.0
7b,dev-esc50-0417,False,fireworks,oracle_prompt_only,eb00f4b69fc8566d75fcb7447377896b1deeb598045c1554b6f937bf7355e807,True,True,D,A,,True,True,1.0
7b,dev-esc50-0418,True,glass_breaking,oracle_prompt_only,52528f041fe4e6734f31d8b0598090cec0f98f1c8f760b24fbc929d6ee63591b,True,True,B,B,,True,True,1.0
7b,dev-esc50-0423,True,cat,oracle_prompt_only,3c7760b71b5d8695dfb380bb28ede932c1a301326478405f49efcb24888858f2,True,True,A,D,,True,True,1.0
7b,dev-esc50-0424,False,door_wood_knock,oracle_prompt_only,4ff3abd6791fab77a76a58e843437b313111656751179a8fc72c9a9cf04043e0,True,True,C,B,,True,True,1.0
7b,dev-esc50-0425,True,fireworks,oracle_prompt_only,b851fe0e3bb0f5f201d6adde1e5aba4b864222f197f518c5d686a0b5397cb9b5,True,True,C,C,,True,True,1.0
7b,dev-esc50-0426,True,footsteps,oracle_prompt_only,b6f4da0d362a7192c2d6af7516069a883715b6eacf7b4b3e624c3cdbae7890de,True,True,D,C,,True,True,1.0
7b,dev-esc50-0430,False,frog,oracle_prompt_only,cce0bdff99d25abca7f03a0562aa8e7305c126658f53e8e388a9b8d1da026564,True,True,B,D,,True,True,1.0
7b,dev-esc50-0431,True,pig,oracle_prompt_only,b201fa5ad4e05bce1e5c88c66f4bd3040786e56688f404b1c65bd9c60720efe4,True,True,A,D,,True,True,1.0
7b,dev-esc50-0433,True,fireworks,oracle_prompt_only,7cf91d5bb417ada604d50d11949d99c1ce1bd0d4a914e42669fa3eb0ff4e74a7,True,True,D,B,,True,True,1.0
7b,dev-esc50-0435,True,thunderstorm,oracle_prompt_only,1a1b698be1e598f8dc46a73ac264b25778b67fca6209e30c78f211aaf41f1e41,True,True,A,B,,True,True,1.0
7b,dev-esc50-0436,False,train,oracle_prompt_only,9d02501f2a1fef8fde3945d1b307aa9a6fa9d1885e1ea70aebf953be548b8c9d,True,True,C,D,,True,True,1.0
7b,dev-esc50-0438,True,pig,oracle_prompt_only,c07771910493ed23a1768c5ff312ca7fb1b9d9f9154da31849545aa936da618c,True,True,B,B,,True,True,1.0
7b,dev-esc50-0439,False,cat,oracle_prompt_only,8096d78f795bd8b188e75d1a6de2000bd863792df32118ec9173a01fe97d3478,True,True,B,C,,True,True,1.0
7b,dev-esc50-0440,True,thunderstorm,oracle_prompt_only,b5001798deb3a305341ef5441f38d905f1929263b838080d81f1f110d70a9ad3,True,True,D,A,,True,True,1.0
7b,dev-esc50-0443,True,cat,oracle_prompt_only,28714cf43211e0d615d4d928d9377f5f9e34d2b35c5a471af681290e99a7c17f,True,True,B,D,,True,True,1.0
7b,dev-esc50-0445,True,train,oracle_prompt_only,80a1783eb3767675a0e3d8df97a64c203bee5a43d56f450e2666a965e103b21e,True,True,A,A,,True,True,1.0
7b,dev-esc50-0446,True,rooster,oracle_prompt_only,ef210d7071373b7c80039fc643a1325629ce71476c2b2076a935e541a32d8cb4,True,True,B,D,,True,True,1.0
7b,dev-esc50-0448,False,car_horn,oracle_prompt_only,2094538710d534e74758b411e97bbc4295daeb0a5e2a14dba8f5ed2bbc938c6d,True,True,B,A,,True,True,1.0
7b,dev-esc50-0449,True,rain,oracle_prompt_only,66b4bfd77adc082a6ed7104f09b250254d2174d6a6fe9cad24591c6c41fe6f0e,True,True,A,D,,True,True,1.0
7b,dev-esc50-0450,True,fireworks,oracle_prompt_only,36361f06f6390390ed21cdccdd2a0b3abafb85fc737a14b1b02799a9f983d437,True,True,A,B,,True,True,1.0
7b,dev-esc50-0453,True,airplane,oracle_prompt_only,55641fcbec7eeaa6e3a699e81e37d6af47223a80a5ddc9de79b67fe809b7d8d1,True,True,B,C,,True,True,1.0
7b,dev-esc50-0454,False,footsteps,oracle_prompt_only,7b0cacbdecb4710166d535e5314b15acc033e0fe5b9763d591028c294156c69b,True,True,D,C,,True,True,1.0
7b,dev-esc50-0456,False,dog,oracle_prompt_only,5acec6c2f1bcdcd21e2d017a911f54f9177844cb7751e6229974dbe5bc242e41,True,True,C,A,,True,True,1.0
7b,dev-esc50-0459,True,clock_alarm,oracle_prompt_only,c09d06a669e2daefe3da586aeeded896ec004f7c1392aef9d8aca61a4de92583,True,True,C,A,,True,True,1.0
7b,dev-esc50-0460,False,sheep,oracle_prompt_only,f63059d65a9f1df55e612871495488f557edf5ac6a61abf65a81c2f58bd06f2b,False,True,A,B,,True,True,1.0
7b,dev-esc50-0462,True,train,oracle_prompt_only,9756f2e5b8e02de0bda5fe1e0f89687b888a54156a646f96e3e1a6d9407e4aa3,False,True,A,A,,True,True,1.0
7b,dev-esc50-0464,True,train,oracle_prompt_only,79b6fd1f08395baf7448cb590fb217165a6634a7596197fe4968462d6f7ab95f,True,True,C,B,,True,True,1.0
7b,dev-esc50-0465,False,airplane,oracle_prompt_only,bea7d2830ffba872ff44953f9b926d5ef612ab127c609cb2712658623bf4ad29,False,False,B,B,,True,True,1.0
7b,dev-esc50-0466,True,car_horn,oracle_prompt_only,1b005b9660b47e32a73d4ad477fcdd82f68414be3245abff2a80a61a1a755538,False,True,B,D,,True,True,1.0
7b,dev-esc50-0467,True,door_wood_knock,oracle_prompt_only,af46ae539eaea8bd8e540710a96b1e61a0df8c62e9313a7c5dbef33745b9ca1f,True,True,D,A,,True,True,1.0
7b,dev-esc50-0468,True,fireworks,oracle_prompt_only,e75bbdc8e05ba691543cb2e49429e2c2a92adb7e4948ef61073f6fdaf3d70a9e,True,True,A,B,,True,True,1.0
7b,dev-esc50-0469,True,siren,oracle_prompt_only,8caa801f3cff17634b7b5c4507db69306b9f4d50a5fa41329b4395f9724b6281,True,True,B,D,,True,True,1.0
7b,dev-esc50-0470,True,clock_alarm,oracle_prompt_only,c6eb81150c2f726d96d4f6b272e0e4fd399c20f16e4cb317bd54b2ea711d06c5,True,True,D,B,,True,True,1.0
7b,dev-esc50-0471,True,rain,oracle_prompt_only,7fc63ca490c2566c8e6625e63839474ce231704fde2a70c7693ab4bdd669e130,True,True,B,C,,True,True,1.0
7b,dev-esc50-0472,False,rooster,oracle_prompt_only,a60389c470889adfbac6e7d5314f2ddd47894bbcdc796a297553ed59e132fcd1,False,True,A,A,,True,True,1.0
7b,dev-esc50-0473,True,crow,oracle_prompt_only,81e3238c978d75e1d8390e6885f2040550ab7ceac3c319fb810889ce2949f079,True,True,A,A,,True,True,1.0
7b,dev-esc50-0476,True,clock_alarm,oracle_prompt_only,c8f29ea35c771ef7d47a2da8d20510b2a676fa1d38510c076ba9839914c05162,True,True,C,A,,True,True,1.0
7b,dev-esc50-0477,True,train,oracle_prompt_only,e5d622d7faaef358a218e0b6fa68cd5508334c1dbf8757204d729fe672a40d77,True,True,B,D,,True,True,1.0
7b,dev-esc50-0478,True,dog,oracle_prompt_only,9a24fd315142f9e0959dee7bebd34860e117babf4db06d8d58c826afe20c267b,True,True,D,A,,True,True,1.0
7b,dev-esc50-0001,True,siren,oracle_kv,0512cf0097ea06026cbbd0923d94a6aa4f2fbeae336f9b9c56462fdb65efe02e,True,True,A,C,,True,True,1.0
7b,dev-esc50-0002,True,fireworks,oracle_kv,82e49db9fd03d02e0745820a94d1941a9692ee99f2634ee2a0901678aecda0e0,True,True,D,B,,True,True,1.0
7b,dev-esc50-0003,True,clock_alarm,oracle_kv,a939f6f1b079143f877299610a111b549f217561acf05f3f8d4e02c8d0a267aa,True,True,B,B,,True,True,1.0
7b,dev-esc50-0009,False,door_wood_knock,oracle_kv,8dd990e1be33dcf60b4bb6897387dad9a7f5f309e32c231423cc39ca72d03f3f,True,True,B,D,,True,True,1.0
7b,dev-esc50-0010,True,car_horn,oracle_kv,17bd259ba7c5f364907b2abdd4c3a117541e6d2f7148d115a59fb84f066c13fe,True,True,C,C,,True,True,1.0
7b,dev-esc50-0011,True,siren,oracle_kv,eb8151794e1914ed77ac34dd91c0768e8232d12ebeacfb87ab163476c481fb83,True,True,A,A,,True,True,1.0
7b,dev-esc50-0013,False,cow,oracle_kv,607492545a392ec4f9430ec3bfdbb4a6176092440660cab3d7b9cad804155002,True,True,B,C,,True,True,1.0
7b,dev-esc50-0014,True,dog,oracle_kv,35744dd704733b74c727e8799d2b7edcefd87caa8e9ca3d49c2743d3313ed87e,True,True,C,D,,True,True,1.0
7b,dev-esc50-0015,True,crying_baby,oracle_kv,9e8d8c202081221c0eeeea5e63d8921b3bb9e1f2a2d14f0d8cf1219394913393,True,True,A,D,,True,True,1.0
7b,dev-esc50-0016,False,siren,oracle_kv,f4f9c8f4f2d040abf8ab0f5db89b4c56e55d4d8095c04c0eeb00674188a5716a,False,True,A,B,,True,True,1.0
7b,dev-esc50-0017,True,rain,oracle_kv,9e6cd6be987ca15907674fb3463bf6bc8747ebb97fd04da62523ffbc4df1f19f,True,True,A,B,,True,True,1.0
7b,dev-esc50-0018,True,thunderstorm,oracle_kv,eee90f350ce4874f6fe9d7905e3ae6a53f05fcb91910c6714fc84ce17d907df9,False,True,B,C,,True,True,1.0
7b,dev-esc50-0019,False,cat,oracle_kv,178f35da5d8a130d9ba9dd5e47498ec45af8972152b19fc312b27c499d9bc246,True,True,D,A,,True,True,1.0
7b,dev-esc50-0020,True,glass_breaking,oracle_kv,c8ff4eadec38ef3305194d1e6896e82e297183755e6536175bc5d225650c537f,True,True,B,B,,True,True,1.0
7b,dev-esc50-0023,False,crow,oracle_kv,f468c04c3dcfdca699ceb78984bf96a0be56c081df7a63d30f5c0b2f58617832,True,True,B,B,,True,True,1.0
7b,dev-esc50-0025,True,sheep,oracle_kv,64319841650d658c4ca1e92cadbcf992e62b669a84d71edac72de98836b9a0a9,True,True,C,A,,True,True,1.0
7b,dev-esc50-0026,True,crow,oracle_kv,cb7365d1763e189cb90ae07a004b9221a91501b187e6205ead854aa99d8a800e,True,True,A,D,,True,True,1.0
7b,dev-esc50-0028,True,sheep,oracle_kv,f5f8bde72c7a96b466bd84cf59c4a14e4c048cf2efd25fe03d08def659475018,True,True,B,A,,True,True,1.0
7b,dev-esc50-0029,True,pig,oracle_kv,912a3f118bec229e7c1a939e83b27b29d653bc28b22c31ff00e233aca570231b,True,True,C,B,,True,True,1.0
7b,dev-esc50-0032,True,car_horn,oracle_kv,2cf6ce99ea1a679b494226afa5fad3a5bb20f7547e53d52464794639a05c849c,True,True,C,B,,True,True,1.0
7b,dev-esc50-0033,True,rooster,oracle_kv,f9569051af8f8cd849cc1de0e1374d3968fd5ab1f29dc577b387ed7db07da60c,True,True,C,B,,True,True,1.0
7b,dev-esc50-0037,True,thunderstorm,oracle_kv,5bd2a2e3813397f8c3993d1af6aef6c1e81ab5a4499a9785cebdb3c518eddc53,True,True,D,C,,True,True,1.0
7b,dev-esc50-0038,True,door_wood_knock,oracle_kv,93e26ca77f742fad6294dcf00ad3b049114eae12f0fffa1dd5cc9957b332f85b,True,True,D,B,,True,True,1.0
7b,dev-esc50-0039,True,footsteps,oracle_kv,571b963f6a867bda4a67006d26ed6aa1af60a249a03269fa10a7752a83336f25,True,True,B,A,,True,True,1.0
7b,dev-esc50-0040,False,crying_baby,oracle_kv,13c5df67c265a79db5eaecd09405ba7812bf3b1c23bb1d71f96ae999966caf60,True,True,D,B,,True,True,1.0
7b,dev-esc50-0041,True,airplane,oracle_kv,537d258344f2292ea2b48a068e7afc2bf249e205db28f9ebdf3ff4b98b906627,True,True,A,B,,True,True,1.0
7b,dev-esc50-0042,False,train,oracle_kv,7a5c54fc74575b16f6bb79c0b602b73798b3654709e2bb89efbedd28ccda1362,True,True,D,A,,True,True,1.0
7b,dev-esc50-0044,False,sheep,oracle_kv,ee22b0bc9ec6453f6ab609ab1018dbdbe2edd421a327f499ea63964e2cd89a00,True,True,B,C,,True,True,1.0
7b,dev-esc50-0045,True,door_wood_knock,oracle_kv,605dc4029fba2085b36423ab1a3f2e2c8d872d8de0133cfa645da03e21168e62,True,True,A,B,,True,True,1.0
7b,dev-esc50-0046,False,clock_alarm,oracle_kv,f3186b88dee804da9201076766c15fbeceb1999e0a1fe92354c047a7cf299d9c,True,True,A,A,,True,True,1.0
7b,dev-esc50-0048,False,dog,oracle_kv,9a23409c1a0ea2435e83e7ac63354a8f7bc661d536c997bbf1ee78f441f252b6,False,True,B,B,,True,True,1.0
7b,dev-esc50-0049,True,cow,oracle_kv,aa11a756c23accd87cb1a531c23e04a59f27c2fd669f6557c0a0a0f872bd498a,True,True,D,B,,True,True,1.0
7b,dev-esc50-0053,False,cow,oracle_kv,8242ea8d329d9b3e7dbbc1e5c5cfa7bf7adb94a00003882a07c76e5f24ac9725,True,True,B,A,,True,True,1.0
7b,dev-esc50-0055,True,airplane,oracle_kv,111d4475970d0a01c7d8c7ad53a4c1d68de07980322f596878fb0e394dd683a2,True,False,B,C,,True,True,1.0
7b,dev-esc50-0057,False,thunderstorm,oracle_kv,8173dce80f8494bc260e095aec8c3f32cd91e8d8060183bd1901312fde032923,True,True,A,A,,True,True,1.0
7b,dev-esc50-0058,False,thunderstorm,oracle_kv,a133a5ab56d327d45bc0ba3bab500380a9a0cbfee650287ef472ed93c1ec8334,True,True,A,A,,True,True,1.0
7b,dev-esc50-0059,False,sheep,oracle_kv,8c946a89b3f166e8f5970744fc53ea2e622bce64bff7199e540fbb4182944b64,True,True,D,D,,True,True,1.0
7b,dev-esc50-0061,False,footsteps,oracle_kv,089b6df15ac8110dab024a281130e7691403bda27cf1d3b1b74d6846dd737a42,True,True,A,D,,True,True,1.0
7b,dev-esc50-0062,True,thunderstorm,oracle_kv,a21aa2c9f7131976037c511a02f8420dafd32ccd07cccf9125349c68b4a4d0ee,True,True,D,B,,True,True,1.0
7b,dev-esc50-0066,False,frog,oracle_kv,3ab712ff3bae8e9c5de69c81869000ec391e970ec39f71fec4fa129178eaebc8,True,True,C,B,,True,True,1.0
7b,dev-esc50-0067,True,glass_breaking,oracle_kv,d8308f14525556839e1a641c6ad33f0394ebf1a7081e43ef2018e2520158bba3,True,True,D,C,,True,True,1.0
7b,dev-esc50-0068,True,thunderstorm,oracle_kv,1aa3bd4197e6feb5f37350b8903ad6c137b44bdbfef036b58d97de11ac560f11,True,True,A,C,,True,True,1.0
7b,dev-esc50-0069,False,car_horn,oracle_kv,9e4d1db58a242adac5c2c8cc546ebe4905f25334201c3b50ede70de13928b323,True,True,D,B,,True,True,1.0
7b,dev-esc50-0071,False,glass_breaking,oracle_kv,6ca4130ef03ea708721a3f1b985213737b9f6fdc83b6605397739a6c832059f6,True,True,B,B,,True,True,1.0
7b,dev-esc50-0072,False,frog,oracle_kv,6a4b614a38403a2a0eb965969c9b0b41fc68a8983fb81d9d33bd307c32a5b50a,False,True,B,C,,True,True,1.0
7b,dev-esc50-0073,True,footsteps,oracle_kv,67fca08ed38ee7c16c869a92812d95bb2201cdd716ff2aaf2208499a56af0f1f,True,True,C,B,,True,True,1.0
7b,dev-esc50-0074,False,crow,oracle_kv,e518c0007851d3c4afa8392672f94f514f9048c433964e5b05d8446d6344e12d,True,True,B,A,,True,True,1.0
7b,dev-esc50-0075,False,cat,oracle_kv,6e22d6b090991226ffc62cae9a0226de9f46988d464212887e6fa525c677c88d,True,True,B,D,,True,True,1.0
7b,dev-esc50-0076,False,pig,oracle_kv,56b466d8f1a86ac3632d68cef22f248630b117c50e8f757100afd393f40cfd87,False,True,D,C,,True,True,1.0
7b,dev-esc50-0077,True,thunderstorm,oracle_kv,207562b965e51145aa11cb3c14edb4d7703bc5c6878287b52f0c443e928c92de,True,False,B,B,,True,True,1.0
7b,dev-esc50-0078,False,rain,oracle_kv,ba131e9aac12deaf16ce09bbf56308c28bebfc0422d2b15e365bc7817000e3a8,True,True,A,D,,True,True,1.0
7b,dev-esc50-0079,True,car_horn,oracle_kv,c19fc60bf65f96367d299bd7cd5ba00e2cdc96d1555489f0324385ba3d0e5976,True,True,B,B,,True,True,1.0
7b,dev-esc50-0080,True,frog,oracle_kv,d4cf32b5cebe89bb46922d1e6e6af49979594cedd0f69b29bb04d8123de0b474,True,True,B,A,,True,True,1.0
7b,dev-esc50-0081,True,cow,oracle_kv,d02900eff2669f44e8f816d1cf14cfbc4c3beb885b019f0b91bd3e0bb10cab2d,False,True,B,C,,True,True,1.0
7b,dev-esc50-0084,False,glass_breaking,oracle_kv,ca28c065005c90e7b563b47920b8a6df0da18c0ad7896a4feab751bc85e8445a,True,True,B,C,,True,True,1.0
7b,dev-esc50-0088,True,glass_breaking,oracle_kv,939c41a64f103ccdad5ab43313ee4ea90453a8caba293fb365fe8890814761c8,True,True,D,D,,True,True,1.0
7b,dev-esc50-0090,True,glass_breaking,oracle_kv,5c04f188728b2269e506671a0c773eb76ca6ceed09584d12769adca3cb4e94b7,False,True,B,C,,True,True,1.0
7b,dev-esc50-0091,True,frog,oracle_kv,e090ff48d87902a44ac7ee7df6e4bf1055f221722de47de0a72c6a2825b146b0,True,True,D,A,,True,True,1.0
7b,dev-esc50-0094,True,rooster,oracle_kv,0f3f0fc1a109e93b14511bb764cda71483945dd4cc7ec209a3c2c542def337f0,True,True,B,D,,True,True,1.0
7b,dev-esc50-0095,False,train,oracle_kv,cbce6f742c9470f63059695a95e1efb757dd2234ab72db45c67fe67b12ad5bfa,True,True,C,C,,True,True,1.0
7b,dev-esc50-0101,True,car_horn,oracle_kv,df47112e7d15dbdcf701f5227dda5b929920adef775a4ea8ffddbb3343d3ce16,False,True,B,D,,True,True,1.0
7b,dev-esc50-0102,True,crow,oracle_kv,cc82282bd2f815ef692fc986c45faedb326a9ca91b76f8bb7957a5bc7587a2e7,True,True,C,B,,True,True,1.0
7b,dev-esc50-0105,True,glass_breaking,oracle_kv,92df249ffe9c16c94af83411c189ec516c07b2ea13f4e83b0c1a3bb883284234,True,True,B,B,,True,True,1.0
7b,dev-esc50-0108,True,airplane,oracle_kv,ad603690bc731a36b1a025112b0ffcaf7a299c0c349f9ed9f0b4cf65cb95b1aa,True,True,B,D,,True,True,1.0
7b,dev-esc50-0110,True,rooster,oracle_kv,14ec88503fbf632836ee6b7bdfcf871f69c6c842ac5c0abb7f0f3f4d2bc4aec8,True,True,C,A,,True,True,1.0
7b,dev-esc50-0111,True,cow,oracle_kv,7df8d415cf747c4560ae4801ee0ede8d8aa0ad8d5985a72e255afcf6f08d427f,True,True,D,D,,True,True,1.0
7b,dev-esc50-0113,True,car_horn,oracle_kv,b8725859b236e77c5a23a45ed084ba5f6eeadd4f482a37f9c4945be0f5b172e0,True,True,B,A,,True,True,1.0
7b,dev-esc50-0114,True,crying_baby,oracle_kv,0531fc37e4af8ccec011aa4f9ccb7a171d00f5ea8589ce75e66b549fdbdd3956,True,True,D,A,,True,True,1.0
7b,dev-esc50-0115,True,rooster,oracle_kv,96411d23691206bf4aaa1a72c22cb5b3152e9401ac38728b964e689bde859c1d,True,True,A,C,,True,True,1.0
7b,dev-esc50-0116,True,frog,oracle_kv,609e24769feb5c52d015a61bb0d937be5b806e3e230ccafa7c4a4d7b6b83736c,True,True,B,B,,True,True,1.0
7b,dev-esc50-0118,True,train,oracle_kv,4e50b13290fa3810306fdb409b6079cb54b01603a6c3320688675b6631b5d8b5,True,True,B,A,,True,True,1.0
7b,dev-esc50-0122,True,sheep,oracle_kv,4532af21db7570aa319a20efdb667676035350f3c8150f7f4c30604d2b078ac3,True,True,D,D,,True,True,1.0
7b,dev-esc50-0123,True,footsteps,oracle_kv,322223e7b1f6c75ab2066f43d35677da9586a3aded50cb18c1b22e7be0a34aa8,True,True,A,A,,True,True,1.0
7b,dev-esc50-0125,True,crow,oracle_kv,b143c6a95fa38d711e378442be8e081b32e4b388f9de64763f93a9d40311ae03,True,True,D,A,,True,True,1.0
7b,dev-esc50-0126,True,clock_alarm,oracle_kv,6b9ac0400f2ad4fb1809ad44b2f2c9f2ee293d552b2dec2e4871abbd34e8192b,True,True,D,B,,True,True,1.0
7b,dev-esc50-0127,True,footsteps,oracle_kv,90f2e075bfaf901c2dee5e4efb8051d2adafc09962ee456066a96e98f9a54583,True,True,B,B,,True,True,1.0
7b,dev-esc50-0128,True,rain,oracle_kv,f9dfae017f4c6bcec6bdb4271ee79e32e8051eba471667b9d7bacc1e0a579e0a,True,True,A,D,,True,True,1.0
7b,dev-esc50-0129,True,footsteps,oracle_kv,62a4c4cab7f70d189145afacee782d2547434e7cb4a3545cf00ecc0f8bd5afa6,True,True,B,D,,True,True,1.0
7b,dev-esc50-0130,True,door_wood_knock,oracle_kv,6f06df8948f0d128617804a1727178de158a0a813606ca5f38c2c753b139d44a,True,True,C,B,,True,True,1.0
7b,dev-esc50-0131,True,fireworks,oracle_kv,a2d11b8859a6a475ac4401edb49d80f3c6097dc957211f1c15a8179aef519599,True,True,D,D,,True,True,1.0
7b,dev-esc50-0133,False,crying_baby,oracle_kv,6ede00b55e5540af2b92ae6d98e36c1ad23a1f25af2b29b9677328b098c57c6c,False,True,D,C,,True,True,1.0
7b,dev-esc50-0134,True,airplane,oracle_kv,4b6658a3ee0d717109ec83872dc5d7ac638cd9d90cc75032d3563165b32a7357,True,True,B,C,,True,True,1.0
7b,dev-esc50-0136,True,frog,oracle_kv,e42d38380617f174766c7a688858ec22bb8768bdfe996e36e309c7053daa601d,True,True,B,D,,True,True,1.0
7b,dev-esc50-0137,True,pig,oracle_kv,3c9d65fe65d47b669671098796466786fa42c308bdf06e1347023a925195f616,True,True,D,B,,True,True,1.0
7b,dev-esc50-0138,False,sheep,oracle_kv,eae87f192959dc85e6181a4372b06d76693dfa51c6a80f971fdda315fd1df04a,True,True,B,B,,True,True,1.0
7b,dev-esc50-0139,True,cat,oracle_kv,2497dd2032d4d0841ed4478b308687797dc2c6251630eaa02712dc660559792c,True,True,A,B,,True,True,1.0
7b,dev-esc50-0143,False,dog,oracle_kv,c017e31042d38ff90e6b7e2ebfebbe81ce74e1d1c482762c07b44c62a0470e4b,True,True,D,B,,True,True,1.0
7b,dev-esc50-0144,True,train,oracle_kv,1470dff153d11555f130257569e024fa0436b3bcb3c522c43059a928508f570a,True,True,A,D,,True,True,1.0
7b,dev-esc50-0145,True,dog,oracle_kv,93e71f9679a4f6d4d29059b9876358eff8cb0307a07e4cd885d783edad523b47,True,True,C,C,,True,True,1.0
7b,dev-esc50-0146,True,cat,oracle_kv,c38e308a611ffa4e33095b67b995b73c635e996a7890770a96f7a622f16ab2bb,True,True,A,D,,True,True,1.0
7b,dev-esc50-0147,True,dog,oracle_kv,638eb2509169de36c0766b551781139a496e5a74bf56e541808380b857dd5a6a,True,True,A,C,,True,True,1.0
7b,dev-esc50-0149,True,sheep,oracle_kv,e217b42e11bacfe0074dcff0ebda5ffcfa32f494d4ebb0d12659713abba757c0,False,True,B,C,,True,True,1.0
7b,dev-esc50-0150,False,footsteps,oracle_kv,5baaf51a608eca06b7a5bfd88c6a163f762f5540bbd8a683cf6eb0eeef43467c,False,True,B,B,,True,True,1.0
7b,dev-esc50-0152,False,clock_alarm,oracle_kv,8bd2819e91988085b18d1a74246f880297f2454c109839b8db8c6589896b53fd,True,True,B,A,,True,True,1.0
7b,dev-esc50-0153,False,footsteps,oracle_kv,141936209d38bf11700fb64d4bd309fe99e0e72bdc49114da2a988705ef964f1,True,True,D,B,,True,True,1.0
7b,dev-esc50-0154,True,cat,oracle_kv,ed9ee0cafa5f0839a914fba3edf5b8b0aae37aa10b9b080bd269b3088091d738,True,True,B,A,,True,True,1.0
7b,dev-esc50-0156,True,dog,oracle_kv,cdd921834eea6f9d8fcab695b125d3ce5d9b04a00b00ebb96263361987e8ab66,True,True,B,A,,True,True,1.0
7b,dev-esc50-0157,True,siren,oracle_kv,31bdead7bd55b06643714eb6c42d95b11c7c7bfb25c473a47df215456ad9f112,True,True,B,A,,True,True,1.0
7b,dev-esc50-0158,True,frog,oracle_kv,c314a542ad07dbfba191837a87ef6d340402ffd3fb96a9ce1812b62ac5abccf8,False,True,B,B,,True,True,1.0
7b,dev-esc50-0160,True,car_horn,oracle_kv,e4ad3868549e9640b29a8ea01411b71b566f5f7546a0575a3bb1c8765f5a9a58,True,True,A,C,,True,True,1.0
7b,dev-esc50-0162,False,cat,oracle_kv,744925590cd55d5d6d070d6fa9c9550c85e675f071298da134bf31387499d8ac,False,True,B,B,,True,True,1.0
7b,dev-esc50-0163,False,glass_breaking,oracle_kv,f697ac090bc50d9949e67fa278c427bbcd8e133cb1bf2a10125514a51839c1c0,True,True,A,B,,True,True,1.0
7b,dev-esc50-0164,True,siren,oracle_kv,32cd7450628d21099f34ff4b5a5785ef1ebed2fc199ceab27378b938ff0f8f3c,True,True,C,B,,True,True,1.0
7b,dev-esc50-0166,True,frog,oracle_kv,1f4203186ad16e6668233f0472db43681728a64513921d7a9061e60066d417f6,True,True,D,C,,True,True,1.0
7b,dev-esc50-0167,False,crow,oracle_kv,7808075d7715b6a022d6e2c8e947d0dca4c695c1e10ed73c44ca791899709098,True,True,C,C,,True,True,1.0
7b,dev-esc50-0171,False,door_wood_knock,oracle_kv,feb68aedb9511110f389829b10528f0818307463f91e42a059e06d21d2b60745,True,True,A,D,,True,True,1.0
7b,dev-esc50-0172,False,glass_breaking,oracle_kv,650316b6735853fe6044fbdf239da62b927580fe430949eae0d74200a2d17c9e,True,True,B,D,,True,True,1.0
7b,dev-esc50-0173,True,siren,oracle_kv,e151399d3d17bc96e144ac32fbea8a54d5d4d8f219d57bf2b8bde3933b54f1dc,True,True,D,B,,True,True,1.0
7b,dev-esc50-0174,True,train,oracle_kv,aa60151700f9de57c85d67e10b0ee585fb5087f9c1e0d0672a511d0fae372fa5,True,True,D,B,,True,True,1.0
7b,dev-esc50-0175,True,pig,oracle_kv,d9156672422b7be9099769774287369559c86bbda10a833b0d1eb8e4ae508181,True,True,D,B,,True,True,1.0
7b,dev-esc50-0176,True,thunderstorm,oracle_kv,1f25d7158a74edf7aac6e212e7169f6fc36ef1d5b9611fee51c7ea1349f503cd,True,True,A,A,,True,True,1.0
7b,dev-esc50-0177,True,thunderstorm,oracle_kv,4aacb888b5adafc4730a30001bcb45275b0a63569f75e598015fb89f69e8c9fa,True,True,B,A,,True,True,1.0
7b,dev-esc50-0180,True,frog,oracle_kv,7361d5500fc98de1d2bb9308da2504e4f33c87d37b77b6f381e1a98c6ce0e4a8,True,True,B,A,,True,True,1.0
7b,dev-esc50-0183,True,footsteps,oracle_kv,12b7dba9ced63956831d80920b305c39de172d92982fb29b1bf42e006241f2e1,True,True,B,A,,True,True,1.0
7b,dev-esc50-0186,True,car_horn,oracle_kv,4260a0fe48940328190416d63b654f4e1c3a5ac8bd42a894e65b403270ab6302,True,True,C,B,,True,True,1.0
7b,dev-esc50-0188,True,clock_alarm,oracle_kv,b517cc28f5690df343532acda0c87cfe568788305cb63472c0a35b22c82d3225,True,True,D,B,,True,True,1.0
7b,dev-esc50-0189,True,cow,oracle_kv,57e666155ffc193e4087b7e08dcb61e5f2198e8d9b80393a8789a545b712acef,True,True,B,D,,True,True,1.0
7b,dev-esc50-0190,False,fireworks,oracle_kv,91e95b644f60efb6a4aaa88d76c142ba825e9cb7ed15b884c2e0bf4059294a70,True,True,B,C,,True,True,1.0
7b,dev-esc50-0191,True,dog,oracle_kv,21ca8b4a1e86a34b618e7cfe9a15a4475509a73452aea630171b5baadde9daf6,True,True,A,A,,True,True,1.0
7b,dev-esc50-0192,True,clock_alarm,oracle_kv,59d2bb59f2e51aec66c7b378afa7d829665aa119c769180d05b477543f9b432b,True,True,A,A,,True,True,1.0
7b,dev-esc50-0193,False,rooster,oracle_kv,d09fdf092a4182d067d004e49c8259153ba73c43684792feac2cf2d08dd42006,False,True,A,D,,True,True,1.0
7b,dev-esc50-0194,False,rain,oracle_kv,4fd147218d145439fbf82948b82450868449867d6b24badef4f23d10b897b84a,True,True,B,D,,True,True,1.0
7b,dev-esc50-0200,True,thunderstorm,oracle_kv,7043fe5f708a436e3566596d675a169e576fa0774c1a88c33e00f4cc18d5fdd1,True,True,B,A,,True,True,1.0
7b,dev-esc50-0203,False,footsteps,oracle_kv,3821a0f76706b6ca2bc3243b07e9eea1c3a99c5cd3fc2a72c415f71109d00815,True,True,D,B,,True,True,1.0
7b,dev-esc50-0207,True,thunderstorm,oracle_kv,a4f1807e6cb82457569a7a99566ccf580111b2df8559a6f2d8cf027f517c147c,True,True,C,A,,True,True,1.0
7b,dev-esc50-0209,False,airplane,oracle_kv,3da15efc6bb6be399eb58e5e1743e3eb527a20bcb5d1b70b737ffc0ba08873ad,True,True,B,A,,True,True,1.0
7b,dev-esc50-0212,True,dog,oracle_kv,be92ea8291bcae6d11eab75a75db8ee9ff6fbea9354b62760cfb9af1c962c292,True,True,D,A,,True,True,1.0
7b,dev-esc50-0213,True,glass_breaking,oracle_kv,1d160edf6bd29550dacb4d90b5d39dde687a8951a0de2924946ae6bb2ee44d17,True,True,C,B,,True,True,1.0
7b,dev-esc50-0216,False,car_horn,oracle_kv,36e258600c5d9990bffb9267389a2806803a1be131cb008c30ea2ef5636b03fd,True,True,B,B,,True,True,1.0
7b,dev-esc50-0217,False,glass_breaking,oracle_kv,b81ac389a4d0949512affceeaa25069ae672918dbcbb8fab4d02c9db7dfbb171,True,True,A,D,,True,True,1.0
7b,dev-esc50-0219,True,sheep,oracle_kv,24f49bfccec6c22a8dcf76a29e4712beef9a3c9bca2d5c4dc1ff752b67a48ec6,True,True,D,C,,True,True,1.0
7b,dev-esc50-0221,True,sheep,oracle_kv,931e47058308c2710c69acbbb32a4d87d9581ec2c724acdbe3a6acbae7ae9cf4,False,True,B,C,,True,True,1.0
7b,dev-esc50-0222,True,airplane,oracle_kv,097e10ce3bdd3b7d5c3fbcfde9668c9b2ad07aea1e29078cce82eb2d443d9dc6,True,True,A,B,,True,True,1.0
7b,dev-esc50-0224,False,car_horn,oracle_kv,cc69a115cfb6477fd7676127f86a90f40daf454da33801814639c496c1857022,True,True,D,C,,True,True,1.0
7b,dev-esc50-0230,True,cat,oracle_kv,7d8978baac9329ec065c638b00ab9bf97aef70e8dc75d23917a0e0de943c2c89,True,True,D,B,,True,True,1.0
7b,dev-esc50-0231,False,fireworks,oracle_kv,cdc4e0d5ae3c8ff962742fc029152e8a2de06dae86a593f254fa2d4ea61ab15f,True,True,B,C,,True,True,1.0
7b,dev-esc50-0233,True,door_wood_knock,oracle_kv,e56d608b73ca66733e94def000204743b0545c2a15b9de4c4154a8b89ce44839,True,True,A,D,,True,True,1.0
7b,dev-esc50-0234,True,siren,oracle_kv,732ba6d31f82cda56323f48504e7af1682b89c96c147f8761c067fa9c449f446,True,True,A,A,,True,True,1.0
7b,dev-esc50-0238,True,car_horn,oracle_kv,08d962114059e0ddcbdf7e31e7382c663532c21dcf0394ba29ebcbdf7a0cab56,True,True,A,C,,True,True,1.0
7b,dev-esc50-0241,True,clock_alarm,oracle_kv,5799ac9ab9e1967aecf0e17bd2de16bf116e37afadfb40a323a398d292f45bbd,True,True,C,A,,True,True,1.0
7b,dev-esc50-0242,False,fireworks,oracle_kv,d4dd282097a25307f76de7a5f7c00847b0401836bd7d1be0f1e1a06cb37dd101,True,True,B,D,,True,True,1.0
7b,dev-esc50-0243,True,crying_baby,oracle_kv,26deef24311e8213bef31107697acaa9b4bba681f947dbc6a2723437b705aa94,True,True,D,A,,True,True,1.0
7b,dev-esc50-0247,False,car_horn,oracle_kv,9714836f05ad6202a09e31efcb9ef133dc875ebffc49104e43cec2c3bfae920a,True,True,B,D,,True,True,1.0
7b,dev-esc50-0249,True,cow,oracle_kv,363369a9b8f760bbbc84baf5fe44432cb898ad9d0096bfe171e3e3299c732ebb,True,True,D,A,,True,True,1.0
7b,dev-esc50-0251,False,door_wood_knock,oracle_kv,b546847ec606b844227778e471da805a078a9fb370c6cda9162b1f41dfab873d,True,True,B,D,,True,True,1.0
7b,dev-esc50-0252,True,crow,oracle_kv,931bd5661895929ba71ca491c06465eb60a6e55a3c7290689ed00764d3617834,True,True,C,A,,True,True,1.0
7b,dev-esc50-0253,False,rain,oracle_kv,1f65b520ba2f068021a6fcde8c3ccc5d6b3a1b7e6a20495b2994462c61d467ea,True,True,B,B,,True,True,1.0
7b,dev-esc50-0254,True,clock_alarm,oracle_kv,8cc54a093d209c1bb935ef80473c7c4c8e1e3c7dc8dd1c4eeb406620f8031bbe,True,True,A,A,,True,True,1.0
7b,dev-esc50-0255,True,footsteps,oracle_kv,a85a2fa006c213ea8f481f8c2525cbb2f01d4126158ead6ce0e8564f570e0df7,True,False,A,B,,True,True,1.0
7b,dev-esc50-0257,False,rain,oracle_kv,4ff6210f6f523455422d84d9922037feeb376b2a25b49ea3d4ca520c1af8825e,True,True,B,C,,True,True,1.0
7b,dev-esc50-0258,True,crying_baby,oracle_kv,deef8ac5a222eae072836c522287f3b5e83cb0630c65626cff8f69deb60fe034,True,True,D,A,,True,True,1.0
7b,dev-esc50-0261,True,door_wood_knock,oracle_kv,e97385031e64abef3fef4b624cc7722f9b271dcea6e513b72decb0b9fa8c881c,True,True,C,A,,True,True,1.0
7b,dev-esc50-0264,True,siren,oracle_kv,f01a4b14f39c47575b9b41c41f0da9fc2bc12961a09bd79d60456283587745db,True,True,B,A,,True,True,1.0
7b,dev-esc50-0266,True,door_wood_knock,oracle_kv,f8071619406948838777048e2e52d43e337a0c5fc4cafa51589edfbefd85fe58,True,True,B,B,,True,True,1.0
7b,dev-esc50-0269,True,cow,oracle_kv,622e0db6d32afde0d899be500fc0f4c8518abe942bfadaf4bbfbd4b5803a6a47,True,True,C,B,,True,True,1.0
7b,dev-esc50-0270,True,footsteps,oracle_kv,33d999107d7cbdc27f99f3a3ce8231a39daebe414c2fe16e93a1d987a340f3d3,True,True,B,C,,True,True,1.0
7b,dev-esc50-0273,False,train,oracle_kv,94f7d0e45f7267ddab3efdfb2aed2142c7e42a6c1cf61de1595181a1cc2e9df0,False,False,A,B,,True,True,1.0
7b,dev-esc50-0274,False,rooster,oracle_kv,190f50148a21465672a3371688c65369f15213c14ef28d9e0d00e18e58ca05d4,True,True,D,D,,True,True,1.0
7b,dev-esc50-0275,True,cat,oracle_kv,39d2f894b55d8b5d8aef7dbdd6c8f05af73dbae82f93d9a05f206a41fd28de40,True,True,A,C,,True,True,1.0
7b,dev-esc50-0276,True,door_wood_knock,oracle_kv,1b38046a525a8bb284d1035a705766ae3114794365fa8dc338e75d1fd33b3466,True,True,B,C,,True,True,1.0
7b,dev-esc50-0280,True,airplane,oracle_kv,64fef354784950ea7952757224bb3d276989ffa7c962d88cf4d03b1a62bf48a8,True,True,A,A,,True,True,1.0
7b,dev-esc50-0281,True,train,oracle_kv,398538eecc9fb12725e2de8fb7ce6258b3da1a3a4347a5e5d57e7ce3d8f6104b,True,True,A,B,,True,True,1.0
7b,dev-esc50-0282,True,crow,oracle_kv,603ddf0ed9cd14143e1cb23aa41516387040daf29622f19969c9717fdc28f076,True,True,C,A,,True,True,1.0
7b,dev-esc50-0284,True,cat,oracle_kv,85ec8aa5c0bb599c05b9678a43559baf1673de6795a052040232b8faa725eff6,True,True,A,B,,True,True,1.0
7b,dev-esc50-0287,True,cat,oracle_kv,467baaadb314ae01779355f8fd47d7d46f8097f04430afdd4282dc857d84178d,True,True,B,D,,True,True,1.0
7b,dev-esc50-0292,False,cow,oracle_kv,977d074dc7ce4dea0ed02686340d8a32d9a8c0468135efb89e7089440caf75f0,True,True,A,B,,True,True,1.0
7b,dev-esc50-0295,False,frog,oracle_kv,f4d8715e6aa2a14dbfdc6425d6b08a8f638accf945476675a73ea571ac030f4b,True,True,B,B,,True,True,1.0
7b,dev-esc50-0297,True,rain,oracle_kv,e29023abb7798f0e0a9c86b37de39ca0383039873e736da4e9d733b83da1efea,True,True,D,C,,True,True,1.0
7b,dev-esc50-0299,False,crow,oracle_kv,edaf80d895e97c4c9e584e63497a908ad4e0cfb8f4c90a56f7867f8edc0d04a8,False,True,B,A,,True,True,1.0
7b,dev-esc50-0300,True,airplane,oracle_kv,fb0232a485f1d7fdd830a954848618080907e8d869df195173452511d3991aef,True,True,A,C,,True,True,1.0
7b,dev-esc50-0303,True,cow,oracle_kv,a57a8a62860a08ab82823228ca624a01b7873a38fcb6a8d3de68f87f4c26d70c,True,True,A,A,,True,True,1.0
7b,dev-esc50-0304,True,crow,oracle_kv,62a64e3b5ca9417dd915a72219e2f159d1d12246f2d00b8b3a504a9660706b11,True,True,D,D,,True,True,1.0
7b,dev-esc50-0305,False,car_horn,oracle_kv,1de612b2fda10e564ab63dbf3aa620a078aaf921a92a609fc6992f4d5f20665d,False,True,A,D,,True,True,1.0
7b,dev-esc50-0306,True,glass_breaking,oracle_kv,bdaf8b574abaff3ee30f244b6d17db0a02fd7b6ae2535f1e969bd4a32e3d62ab,True,True,B,D,,True,True,1.0
7b,dev-esc50-0309,False,cow,oracle_kv,4ea81bdf8ffc6e135473b6dec4dea05186c4e4dd4fe223084219ed6a9fcb5b9f,True,True,A,B,,True,True,1.0
7b,dev-esc50-0314,False,clock_alarm,oracle_kv,220f0c054dba33821e13c6113e2f01829d7e41d78a78c464e30944078dcde42b,False,True,D,C,,True,True,1.0
7b,dev-esc50-0315,True,sheep,oracle_kv,f691e810e549504a7113ceb5376eed932cb2fb2dc4f025742023cc4f1e2cc3a4,True,True,D,A,,True,True,1.0
7b,dev-esc50-0316,True,crow,oracle_kv,b4c71324835f196ca78a65ef4b7986b68f8a209ab4fba6f3792ba01413f6500f,False,True,B,A,,True,True,1.0
7b,dev-esc50-0320,False,siren,oracle_kv,285a3acf671b0f5812fe5b0f8d092585cf61c49f86900f1ad1933e04b6bc3438,True,True,A,A,,True,True,1.0
7b,dev-esc50-0322,False,cat,oracle_kv,f582e53378758d5eb7e466fd1c309ec8b6301ac103e25790f570d4672cf74756,True,True,D,A,,True,True,1.0
7b,dev-esc50-0325,True,pig,oracle_kv,bcc45b97a77d93805c5825569ca6e17f02b084f6146d0b1251e4e43b4670b8c7,True,True,C,A,,True,True,1.0
7b,dev-esc50-0326,False,crying_baby,oracle_kv,fc49c16f0900b8447288daca654b9df38cf2474388e0155bd95ed917947d0dce,False,True,B,B,,True,True,1.0
7b,dev-esc50-0327,True,crow,oracle_kv,f879b875448f290fe2954d5fd087c7b80666e53f60d525156889b12af88274f5,True,True,D,C,,True,True,1.0
7b,dev-esc50-0328,False,pig,oracle_kv,b3e833a04d244931c79ed7095901fdefd02b211e381b1b336dd4a05131f5090c,True,True,C,D,,True,True,1.0
7b,dev-esc50-0330,True,clock_alarm,oracle_kv,91cf8eb3e99f7aebeb9c073417e880a37fe74ad687db5f6a53181dbf1d8fc5a3,True,True,D,A,,True,True,1.0
7b,dev-esc50-0332,True,crying_baby,oracle_kv,ddec0eb42a18930e8b195f172effb2250cda48c552992ba34018913e98a9466e,True,True,B,C,,True,True,1.0
7b,dev-esc50-0334,True,cat,oracle_kv,052c9b74aba3e49e10603b0649372955c7035cce7727b825c196bc8a555d15a7,True,True,D,B,,True,True,1.0
7b,dev-esc50-0335,False,fireworks,oracle_kv,3d3c4bc308463661f8206f64163c6a258e49624b0a0902af1fe788cf3392f1d1,False,True,A,D,,True,True,1.0
7b,dev-esc50-0336,True,dog,oracle_kv,83c00ecaf2ca38838549ae96f04b40d5da0a13f9e3fffcb2bab3bd41eb5611de,True,True,D,A,,True,True,1.0
7b,dev-esc50-0337,True,rooster,oracle_kv,071a5f3a1268372dfba290b2ac2d1552e8bb604652c251dffd0a80a9c650407d,True,True,B,A,,True,True,1.0
7b,dev-esc50-0339,False,car_horn,oracle_kv,648b2869a3a1a2011081866ea39604d244790d246581dd1bf72510e9e55b62b0,True,True,D,A,,True,True,1.0
7b,dev-esc50-0341,True,train,oracle_kv,78d4c1f25068f3e1bb067dd3c64253057fb97834909fbcf80bda450ac6ed777e,True,True,B,A,,True,True,1.0
7b,dev-esc50-0343,True,sheep,oracle_kv,82ee656716f49c3b88c5622545cb5397f8c5c415809698d787991e3806ceecd4,True,True,D,C,,True,True,1.0
7b,dev-esc50-0344,True,cat,oracle_kv,84c7337eefd1c9cab84b43211a370e380ba4706472d3a3935b779b948f22155b,True,True,D,C,,True,True,1.0
7b,dev-esc50-0345,True,glass_breaking,oracle_kv,c90d8bfaeb2f4ae0d11266657e3530c296cdee33d6b10417d24fc2dfaef6a42b,False,True,B,B,,True,True,1.0
7b,dev-esc50-0346,True,airplane,oracle_kv,76c0196cfdbb1ab337507e7a3e2e8c78c6014b6c4aac4dad7128983dafcb5a71,True,True,A,A,,True,True,1.0
7b,dev-esc50-0348,False,airplane,oracle_kv,f775b5f2895466916dfd8b99dfc3ad3c979c70aa0564697bd4a6e5a7b9a35716,True,True,C,B,,True,True,1.0
7b,dev-esc50-0353,True,thunderstorm,oracle_kv,b6d3d9b922a7249f9e971b571eaa34b3b594d4823cd79c923f7059f9c7436fab,False,True,A,B,,True,True,1.0
7b,dev-esc50-0354,True,siren,oracle_kv,63435c2b26a1f97813414a9784362f6d21c2e702cd69a7b5fae9ff1a25523c5f,True,True,C,B,,True,True,1.0
7b,dev-esc50-0355,True,rooster,oracle_kv,c7361f264ba693f5a8fa80ba7bedacb9ed7b3277efdffd59ec46688b1cca15c5,True,False,A,D,,True,True,1.0
7b,dev-esc50-0358,False,sheep,oracle_kv,9e7dcef56881f3010884332f7875e4a7a615bc7e983e9bdaec4d74552dceb167,True,True,B,D,,True,True,1.0
7b,dev-esc50-0360,False,dog,oracle_kv,9ef4b655decb1aee06a3842f2b71784a24f65c2f91712f80505e8a50bc1fed26,False,True,A,B,,True,True,1.0
7b,dev-esc50-0363,False,thunderstorm,oracle_kv,8a3e6efda4536ea0ccfe9197f662f5f763d3145936cad379c73824b25663c04e,False,True,B,A,,True,True,1.0
7b,dev-esc50-0367,True,rooster,oracle_kv,05859cd01984026513c4675da5045935f7006e1cf11348dfaa6447f3a3cc8598,True,True,D,D,,True,True,1.0
7b,dev-esc50-0368,True,airplane,oracle_kv,ed58630afbe17a477a1265e88db56a716c783377e735a44be66f4feec5beddec,True,True,D,D,,True,True,1.0
7b,dev-esc50-0369,True,rooster,oracle_kv,39730431f05af8f90b95c03a3cefec329e18ca3861709c8186e21a84c40e80ae,True,True,A,C,,True,True,1.0
7b,dev-esc50-0371,True,clock_alarm,oracle_kv,755a085a8e91db3c8fae239c1ba18552f80c970e5a50f70ddd15bfce97dbfdb2,True,True,C,A,,True,True,1.0
7b,dev-esc50-0375,True,crying_baby,oracle_kv,bb6bf8d64c6a61550996039eca4c1c2e4b00548043bcea9a75f96a4d7d24b5fc,False,True,B,D,,True,True,1.0
7b,dev-esc50-0378,True,clock_alarm,oracle_kv,a18d09cb007c0851a65060e3a125f6afb9a81ff6eb35773ba03c0da30c6ba841,True,True,B,B,,True,True,1.0
7b,dev-esc50-0379,True,crying_baby,oracle_kv,d769b28a080fc55dc16df08b45f87b86cd545c45c0390de57d649e4b27b01e76,True,True,C,A,,True,True,1.0
7b,dev-esc50-0380,False,crow,oracle_kv,7c99d54c7245b28689bda0b7e1ffb80d99a0b157750b2bedcd3f66c6c3fae71a,True,True,B,A,,True,True,1.0
7b,dev-esc50-0381,True,clock_alarm,oracle_kv,3dff1d5a5566eec5681a6dba73bb6879a2b9cac9f910ad419a2086191ba9123c,False,True,A,A,,True,True,1.0
7b,dev-esc50-0383,True,pig,oracle_kv,b4d6001194c50f46806835759f467e4f6e0195163a27fe1fc2c6090f43c47ee6,True,True,B,C,,True,True,1.0
7b,dev-esc50-0385,False,siren,oracle_kv,f0728e15077ecc186fd2b797b563176cb7ccf332e3d917f63f0ad5f56f9ebe8c,True,True,B,D,,True,True,1.0
7b,dev-esc50-0386,True,crying_baby,oracle_kv,05115891331a2d2eb1d4b07fd3355d83d7117318aab1371622510b22784db5f3,False,True,A,A,,True,True,1.0
7b,dev-esc50-0387,True,cat,oracle_kv,8f368808943352cdbb5eafd9b8a21ba4dee832742699aae043c5ab185522383f,True,True,A,C,,True,True,1.0
7b,dev-esc50-0388,False,siren,oracle_kv,75bb34d64e6d52b22df5d3d8fa7d8317934af7c2fd56692b8208b78310239b53,True,True,C,D,,True,True,1.0
7b,dev-esc50-0390,True,door_wood_knock,oracle_kv,e63d29dfe7310818203c0a3311cd9084685aed08998b25f2ded25e2baf22495d,True,True,A,C,,True,True,1.0
7b,dev-esc50-0391,True,crying_baby,oracle_kv,2723129a0ef3facec4edab0f57c0c69f8850fd1bac9a12a05efc9f4ef5e11607,True,True,D,D,,True,True,1.0
7b,dev-esc50-0392,True,siren,oracle_kv,17a9b4aeb83ede02e3494b14ea97fc1665e4bee5de87b597a1679e07c49ae51d,True,True,A,A,,True,True,1.0
7b,dev-esc50-0393,True,car_horn,oracle_kv,5c004d3ca6c1acf9c08f7d38ca5b6632078af1789e735005d3a56abee6fd7749,False,True,A,D,,True,True,1.0
7b,dev-esc50-0397,False,siren,oracle_kv,742a9631186173fe1a21f0342ad151bad58596eb994f0a91388c890c2ffea7c9,True,True,B,B,,True,True,1.0
7b,dev-esc50-0398,False,crying_baby,oracle_kv,b87bb1261d373e38d9b3af2e991ee56d5759b5541e9677cfa9191c786258e48f,True,True,A,D,,True,True,1.0
7b,dev-esc50-0400,True,rain,oracle_kv,645562bf158991962ff480827e5dee2d5576f9c0fd823d001825902c625e566f,True,True,B,C,,True,True,1.0
7b,dev-esc50-0402,True,thunderstorm,oracle_kv,57f3ec266ccb3e3aef4963221d0aa3e738970881284fcbdb76997b0492cda116,False,True,B,B,,True,True,1.0
7b,dev-esc50-0403,True,door_wood_knock,oracle_kv,893d4a9c2b387cf5401110e6373156ccdb0bc6b120333067a23ec1db81ef57d1,True,True,A,C,,True,True,1.0
7b,dev-esc50-0404,False,rain,oracle_kv,8f64116107a8f52e9ae5bbae5356e009365a3d6c9230a4fb977b6b53506b1079,True,True,D,B,,True,True,1.0
7b,dev-esc50-0405,False,glass_breaking,oracle_kv,a67dd68b43886cae33e731115bb4d20741a03aa12be99b1036ba95967cf86e71,True,True,B,C,,True,True,1.0
7b,dev-esc50-0408,False,crow,oracle_kv,1a35d0f7ecf33211fc13aecba0754403de2b39544dd6ab4ba4bebe37fb6ab677,True,True,B,B,,True,True,1.0
7b,dev-esc50-0409,True,airplane,oracle_kv,0462efe7b309b7ab6dee26b2b141e623f7eeb2e622dcb40c582a3f4f3b6e079d,True,True,A,B,,True,True,1.0
7b,dev-esc50-0411,True,fireworks,oracle_kv,ef4c8d1ebb458151ec2b1a93cf1711f93e8e3a1e521de8a4a336ffbec01e05bc,True,True,D,B,,True,True,1.0
7b,dev-esc50-0414,True,train,oracle_kv,6fa070d6a7fd01a0e37c2d98facd58704b6a62396b3ef454c49f2dc8055bd7b7,True,True,D,A,,True,True,1.0
7b,dev-esc50-0417,False,fireworks,oracle_kv,eb00f4b69fc8566d75fcb7447377896b1deeb598045c1554b6f937bf7355e807,False,True,B,A,,True,True,1.0
7b,dev-esc50-0418,True,glass_breaking,oracle_kv,52528f041fe4e6734f31d8b0598090cec0f98f1c8f760b24fbc929d6ee63591b,True,True,B,B,,True,True,1.0
7b,dev-esc50-0423,True,cat,oracle_kv,3c7760b71b5d8695dfb380bb28ede932c1a301326478405f49efcb24888858f2,True,True,A,D,,True,True,1.0
7b,dev-esc50-0424,False,door_wood_knock,oracle_kv,4ff3abd6791fab77a76a58e843437b313111656751179a8fc72c9a9cf04043e0,True,True,C,B,,True,True,1.0
7b,dev-esc50-0425,True,fireworks,oracle_kv,b851fe0e3bb0f5f201d6adde1e5aba4b864222f197f518c5d686a0b5397cb9b5,False,True,B,C,,True,True,1.0
7b,dev-esc50-0426,True,footsteps,oracle_kv,b6f4da0d362a7192c2d6af7516069a883715b6eacf7b4b3e624c3cdbae7890de,True,True,D,C,,True,True,1.0
7b,dev-esc50-0430,False,frog,oracle_kv,cce0bdff99d25abca7f03a0562aa8e7305c126658f53e8e388a9b8d1da026564,True,True,B,D,,True,True,1.0
7b,dev-esc50-0431,True,pig,oracle_kv,b201fa5ad4e05bce1e5c88c66f4bd3040786e56688f404b1c65bd9c60720efe4,True,True,A,D,,True,True,1.0
7b,dev-esc50-0433,True,fireworks,oracle_kv,7cf91d5bb417ada604d50d11949d99c1ce1bd0d4a914e42669fa3eb0ff4e74a7,True,True,D,B,,True,True,1.0
7b,dev-esc50-0435,True,thunderstorm,oracle_kv,1a1b698be1e598f8dc46a73ac264b25778b67fca6209e30c78f211aaf41f1e41,True,True,A,B,,True,True,1.0
7b,dev-esc50-0436,False,train,oracle_kv,9d02501f2a1fef8fde3945d1b307aa9a6fa9d1885e1ea70aebf953be548b8c9d,True,True,C,D,,True,True,1.0
7b,dev-esc50-0438,True,pig,oracle_kv,c07771910493ed23a1768c5ff312ca7fb1b9d9f9154da31849545aa936da618c,True,True,B,B,,True,True,1.0
7b,dev-esc50-0439,False,cat,oracle_kv,8096d78f795bd8b188e75d1a6de2000bd863792df32118ec9173a01fe97d3478,True,True,B,C,,True,True,1.0
7b,dev-esc50-0440,True,thunderstorm,oracle_kv,b5001798deb3a305341ef5441f38d905f1929263b838080d81f1f110d70a9ad3,True,True,D,A,,True,True,1.0
7b,dev-esc50-0443,True,cat,oracle_kv,28714cf43211e0d615d4d928d9377f5f9e34d2b35c5a471af681290e99a7c17f,True,True,B,D,,True,True,1.0
7b,dev-esc50-0445,True,train,oracle_kv,80a1783eb3767675a0e3d8df97a64c203bee5a43d56f450e2666a965e103b21e,True,True,A,A,,True,True,1.0
7b,dev-esc50-0446,True,rooster,oracle_kv,ef210d7071373b7c80039fc643a1325629ce71476c2b2076a935e541a32d8cb4,True,True,B,D,,True,True,1.0
7b,dev-esc50-0448,False,car_horn,oracle_kv,2094538710d534e74758b411e97bbc4295daeb0a5e2a14dba8f5ed2bbc938c6d,True,True,B,A,,True,True,1.0
7b,dev-esc50-0449,True,rain,oracle_kv,66b4bfd77adc082a6ed7104f09b250254d2174d6a6fe9cad24591c6c41fe6f0e,False,True,B,D,,True,True,1.0
7b,dev-esc50-0450,True,fireworks,oracle_kv,36361f06f6390390ed21cdccdd2a0b3abafb85fc737a14b1b02799a9f983d437,True,True,A,B,,True,True,1.0
7b,dev-esc50-0453,True,airplane,oracle_kv,55641fcbec7eeaa6e3a699e81e37d6af47223a80a5ddc9de79b67fe809b7d8d1,True,True,B,C,,True,True,1.0
7b,dev-esc50-0454,False,footsteps,oracle_kv,7b0cacbdecb4710166d535e5314b15acc033e0fe5b9763d591028c294156c69b,True,True,D,C,,True,True,1.0
7b,dev-esc50-0456,False,dog,oracle_kv,5acec6c2f1bcdcd21e2d017a911f54f9177844cb7751e6229974dbe5bc242e41,True,True,C,A,,True,True,1.0
7b,dev-esc50-0459,True,clock_alarm,oracle_kv,c09d06a669e2daefe3da586aeeded896ec004f7c1392aef9d8aca61a4de92583,True,True,C,A,,True,True,1.0
7b,dev-esc50-0460,False,sheep,oracle_kv,f63059d65a9f1df55e612871495488f557edf5ac6a61abf65a81c2f58bd06f2b,False,True,A,B,,True,True,1.0
7b,dev-esc50-0462,True,train,oracle_kv,9756f2e5b8e02de0bda5fe1e0f89687b888a54156a646f96e3e1a6d9407e4aa3,False,True,A,A,,True,True,1.0
7b,dev-esc50-0464,True,train,oracle_kv,79b6fd1f08395baf7448cb590fb217165a6634a7596197fe4968462d6f7ab95f,True,True,C,B,,True,True,1.0
7b,dev-esc50-0465,False,airplane,oracle_kv,bea7d2830ffba872ff44953f9b926d5ef612ab127c609cb2712658623bf4ad29,True,True,A,D,,True,True,1.0
7b,dev-esc50-0466,True,car_horn,oracle_kv,1b005b9660b47e32a73d4ad477fcdd82f68414be3245abff2a80a61a1a755538,False,True,B,D,,True,True,1.0
7b,dev-esc50-0467,True,door_wood_knock,oracle_kv,af46ae539eaea8bd8e540710a96b1e61a0df8c62e9313a7c5dbef33745b9ca1f,True,True,D,A,,True,True,1.0
7b,dev-esc50-0468,True,fireworks,oracle_kv,e75bbdc8e05ba691543cb2e49429e2c2a92adb7e4948ef61073f6fdaf3d70a9e,True,True,A,B,,True,True,1.0
7b,dev-esc50-0469,True,siren,oracle_kv,8caa801f3cff17634b7b5c4507db69306b9f4d50a5fa41329b4395f9724b6281,True,True,B,D,,True,True,1.0
7b,dev-esc50-0470,True,clock_alarm,oracle_kv,c6eb81150c2f726d96d4f6b272e0e4fd399c20f16e4cb317bd54b2ea711d06c5,True,True,D,B,,True,True,1.0
7b,dev-esc50-0471,True,rain,oracle_kv,7fc63ca490c2566c8e6625e63839474ce231704fde2a70c7693ab4bdd669e130,True,True,B,C,,True,True,1.0
7b,dev-esc50-0472,False,rooster,oracle_kv,a60389c470889adfbac6e7d5314f2ddd47894bbcdc796a297553ed59e132fcd1,True,True,B,A,,True,True,1.0
7b,dev-esc50-0473,True,crow,oracle_kv,81e3238c978d75e1d8390e6885f2040550ab7ceac3c319fb810889ce2949f079,True,True,A,A,,True,True,1.0
7b,dev-esc50-0476,True,clock_alarm,oracle_kv,c8f29ea35c771ef7d47a2da8d20510b2a676fa1d38510c076ba9839914c05162,True,True,C,A,,True,True,1.0
7b,dev-esc50-0477,True,train,oracle_kv,e5d622d7faaef358a218e0b6fa68cd5508334c1dbf8757204d729fe672a40d77,True,True,B,D,,True,True,1.0
7b,dev-esc50-0478,True,dog,oracle_kv,9a24fd315142f9e0959dee7bebd34860e117babf4db06d8d58c826afe20c267b,True,True,D,A,,True,True,1.0
7b,dev-esc50-0001,True,siren,prompt_only,0512cf0097ea06026cbbd0923d94a6aa4f2fbeae336f9b9c56462fdb65efe02e,True,True,A,C,,False,False,0.3603905616117013
7b,dev-esc50-0002,True,fireworks,prompt_only,82e49db9fd03d02e0745820a94d1941a9692ee99f2634ee2a0901678aecda0e0,True,True,D,B,,False,False,1.0
7b,dev-esc50-0003,True,clock_alarm,prompt_only,a939f6f1b079143f877299610a111b549f217561acf05f3f8d4e02c8d0a267aa,True,True,B,B,,False,False,0.5744468673545368
7b,dev-esc50-0009,False,door_wood_knock,prompt_only,8dd990e1be33dcf60b4bb6897387dad9a7f5f309e32c231423cc39ca72d03f3f,True,True,B,D,,False,False,0.67904141227866
7b,dev-esc50-0010,True,car_horn,prompt_only,17bd259ba7c5f364907b2abdd4c3a117541e6d2f7148d115a59fb84f066c13fe,True,True,C,C,,False,True,1.0
7b,dev-esc50-0011,True,siren,prompt_only,eb8151794e1914ed77ac34dd91c0768e8232d12ebeacfb87ab163476c481fb83,True,True,A,A,,False,True,1.0
7b,dev-esc50-0013,False,cow,prompt_only,607492545a392ec4f9430ec3bfdbb4a6176092440660cab3d7b9cad804155002,True,True,B,C,,False,False,0.31909583939361486
7b,dev-esc50-0014,True,dog,prompt_only,35744dd704733b74c727e8799d2b7edcefd87caa8e9ca3d49c2743d3313ed87e,True,True,C,D,,False,False,0.31308170030500015
7b,dev-esc50-0015,True,crying_baby,prompt_only,9e8d8c202081221c0eeeea5e63d8921b3bb9e1f2a2d14f0d8cf1219394913393,True,True,A,D,,False,False,0.6447518555376627
7b,dev-esc50-0016,False,siren,prompt_only,f4f9c8f4f2d040abf8ab0f5db89b4c56e55d4d8095c04c0eeb00674188a5716a,True,True,D,B,,False,False,1.0
7b,dev-esc50-0017,True,rain,prompt_only,9e6cd6be987ca15907674fb3463bf6bc8747ebb97fd04da62523ffbc4df1f19f,True,True,A,B,,False,False,0.16183348312289125
7b,dev-esc50-0018,True,thunderstorm,prompt_only,eee90f350ce4874f6fe9d7905e3ae6a53f05fcb91910c6714fc84ce17d907df9,False,True,A,C,,False,False,1.0
7b,dev-esc50-0019,False,cat,prompt_only,178f35da5d8a130d9ba9dd5e47498ec45af8972152b19fc312b27c499d9bc246,True,True,D,A,,False,False,1.0
7b,dev-esc50-0020,True,glass_breaking,prompt_only,c8ff4eadec38ef3305194d1e6896e82e297183755e6536175bc5d225650c537f,True,True,B,B,,False,False,0.7031942130288129
7b,dev-esc50-0023,False,crow,prompt_only,f468c04c3dcfdca699ceb78984bf96a0be56c081df7a63d30f5c0b2f58617832,True,True,B,B,,True,False,1.0
7b,dev-esc50-0025,True,sheep,prompt_only,64319841650d658c4ca1e92cadbcf992e62b669a84d71edac72de98836b9a0a9,True,True,C,A,,True,False,0.8402731730839608
7b,dev-esc50-0026,True,crow,prompt_only,cb7365d1763e189cb90ae07a004b9221a91501b187e6205ead854aa99d8a800e,True,True,A,D,,False,True,0.7203274065260977
7b,dev-esc50-0028,True,sheep,prompt_only,f5f8bde72c7a96b466bd84cf59c4a14e4c048cf2efd25fe03d08def659475018,True,True,B,A,,False,False,0.243600414120704
7b,dev-esc50-0029,True,pig,prompt_only,912a3f118bec229e7c1a939e83b27b29d653bc28b22c31ff00e233aca570231b,True,True,C,B,,False,False,0.5485660331510892
7b,dev-esc50-0032,True,car_horn,prompt_only,2cf6ce99ea1a679b494226afa5fad3a5bb20f7547e53d52464794639a05c849c,True,True,C,B,,False,False,0.49491412148901387
7b,dev-esc50-0033,True,rooster,prompt_only,f9569051af8f8cd849cc1de0e1374d3968fd5ab1f29dc577b387ed7db07da60c,True,True,C,B,,False,False,0.3575101946470711
7b,dev-esc50-0037,True,thunderstorm,prompt_only,5bd2a2e3813397f8c3993d1af6aef6c1e81ab5a4499a9785cebdb3c518eddc53,True,True,D,C,,False,False,1.0
7b,dev-esc50-0038,True,door_wood_knock,prompt_only,93e26ca77f742fad6294dcf00ad3b049114eae12f0fffa1dd5cc9957b332f85b,True,True,D,B,,False,False,0.3340622648884704
7b,dev-esc50-0039,True,footsteps,prompt_only,571b963f6a867bda4a67006d26ed6aa1af60a249a03269fa10a7752a83336f25,True,True,B,A,,False,False,0.37046451115501366
7b,dev-esc50-0040,False,crying_baby,prompt_only,13c5df67c265a79db5eaecd09405ba7812bf3b1c23bb1d71f96ae999966caf60,True,True,D,B,,True,False,1.0
7b,dev-esc50-0041,True,airplane,prompt_only,537d258344f2292ea2b48a068e7afc2bf249e205db28f9ebdf3ff4b98b906627,True,True,A,B,,False,False,1.0
7b,dev-esc50-0042,False,train,prompt_only,7a5c54fc74575b16f6bb79c0b602b73798b3654709e2bb89efbedd28ccda1362,True,True,D,A,,False,True,1.0
7b,dev-esc50-0044,False,sheep,prompt_only,ee22b0bc9ec6453f6ab609ab1018dbdbe2edd421a327f499ea63964e2cd89a00,True,True,B,C,,False,False,1.0
7b,dev-esc50-0045,True,door_wood_knock,prompt_only,605dc4029fba2085b36423ab1a3f2e2c8d872d8de0133cfa645da03e21168e62,True,True,A,B,,False,False,0.33956154225068286
7b,dev-esc50-0046,False,clock_alarm,prompt_only,f3186b88dee804da9201076766c15fbeceb1999e0a1fe92354c047a7cf299d9c,True,True,A,A,,True,True,1.0
7b,dev-esc50-0048,False,dog,prompt_only,9a23409c1a0ea2435e83e7ac63354a8f7bc661d536c997bbf1ee78f441f252b6,False,True,A,B,,False,False,0.3692897607644087
7b,dev-esc50-0049,True,cow,prompt_only,aa11a756c23accd87cb1a531c23e04a59f27c2fd669f6557c0a0a0f872bd498a,True,True,D,B,,False,False,1.0
7b,dev-esc50-0053,False,cow,prompt_only,8242ea8d329d9b3e7dbbc1e5c5cfa7bf7adb94a00003882a07c76e5f24ac9725,True,True,B,A,,False,False,0.643682289720969
7b,dev-esc50-0055,True,airplane,prompt_only,111d4475970d0a01c7d8c7ad53a4c1d68de07980322f596878fb0e394dd683a2,True,False,B,B,,False,False,0.32696272694388645
7b,dev-esc50-0057,False,thunderstorm,prompt_only,8173dce80f8494bc260e095aec8c3f32cd91e8d8060183bd1901312fde032923,True,True,A,A,,False,True,0.6964038063065275
7b,dev-esc50-0058,False,thunderstorm,prompt_only,a133a5ab56d327d45bc0ba3bab500380a9a0cbfee650287ef472ed93c1ec8334,True,True,A,A,,False,False,0.1590391688990704
7b,dev-esc50-0059,False,sheep,prompt_only,8c946a89b3f166e8f5970744fc53ea2e622bce64bff7199e540fbb4182944b64,True,True,D,D,,False,True,1.0
7b,dev-esc50-0061,False,footsteps,prompt_only,089b6df15ac8110dab024a281130e7691403bda27cf1d3b1b74d6846dd737a42,True,True,A,D,,False,True,1.0
7b,dev-esc50-0062,True,thunderstorm,prompt_only,a21aa2c9f7131976037c511a02f8420dafd32ccd07cccf9125349c68b4a4d0ee,True,True,D,B,,False,False,0.3772070421818552
7b,dev-esc50-0066,False,frog,prompt_only,3ab712ff3bae8e9c5de69c81869000ec391e970ec39f71fec4fa129178eaebc8,True,True,C,B,,False,False,1.0
7b,dev-esc50-0067,True,glass_breaking,prompt_only,d8308f14525556839e1a641c6ad33f0394ebf1a7081e43ef2018e2520158bba3,True,True,D,C,,False,False,0.31839196804727254
7b,dev-esc50-0068,True,thunderstorm,prompt_only,1aa3bd4197e6feb5f37350b8903ad6c137b44bdbfef036b58d97de11ac560f11,True,True,A,C,,False,True,1.0
7b,dev-esc50-0069,False,car_horn,prompt_only,9e4d1db58a242adac5c2c8cc546ebe4905f25334201c3b50ede70de13928b323,True,True,D,B,,False,False,0.35618982489301365
7b,dev-esc50-0071,False,glass_breaking,prompt_only,6ca4130ef03ea708721a3f1b985213737b9f6fdc83b6605397739a6c832059f6,True,True,B,B,,False,False,0.3468297538586673
7b,dev-esc50-0072,False,frog,prompt_only,6a4b614a38403a2a0eb965969c9b0b41fc68a8983fb81d9d33bd307c32a5b50a,False,True,B,C,,False,True,0.4439306358381503
7b,dev-esc50-0073,True,footsteps,prompt_only,67fca08ed38ee7c16c869a92812d95bb2201cdd716ff2aaf2208499a56af0f1f,True,True,C,B,,False,False,0.3167980762165592
7b,dev-esc50-0074,False,crow,prompt_only,e518c0007851d3c4afa8392672f94f514f9048c433964e5b05d8446d6344e12d,True,True,B,A,,False,False,0.6863498346144887
7b,dev-esc50-0075,False,cat,prompt_only,6e22d6b090991226ffc62cae9a0226de9f46988d464212887e6fa525c677c88d,True,True,B,D,,False,True,0.7174976455875157
7b,dev-esc50-0076,False,pig,prompt_only,56b466d8f1a86ac3632d68cef22f248630b117c50e8f757100afd393f40cfd87,True,True,A,C,,False,False,0.528557968121372
7b,dev-esc50-0077,True,thunderstorm,prompt_only,207562b965e51145aa11cb3c14edb4d7703bc5c6878287b52f0c443e928c92de,True,False,B,B,,False,False,1.0
7b,dev-esc50-0078,False,rain,prompt_only,ba131e9aac12deaf16ce09bbf56308c28bebfc0422d2b15e365bc7817000e3a8,True,True,A,D,,False,True,1.0
7b,dev-esc50-0079,True,car_horn,prompt_only,c19fc60bf65f96367d299bd7cd5ba00e2cdc96d1555489f0324385ba3d0e5976,True,True,B,B,,False,False,0.16494930827710466
7b,dev-esc50-0080,True,frog,prompt_only,d4cf32b5cebe89bb46922d1e6e6af49979594cedd0f69b29bb04d8123de0b474,True,True,B,A,,False,True,1.0
7b,dev-esc50-0081,True,cow,prompt_only,d02900eff2669f44e8f816d1cf14cfbc4c3beb885b019f0b91bd3e0bb10cab2d,True,False,D,A,,False,False,1.0
7b,dev-esc50-0084,False,glass_breaking,prompt_only,ca28c065005c90e7b563b47920b8a6df0da18c0ad7896a4feab751bc85e8445a,False,False,,,focus_ignore,,,
7b,dev-esc50-0088,True,glass_breaking,prompt_only,939c41a64f103ccdad5ab43313ee4ea90453a8caba293fb365fe8890814761c8,True,True,D,D,,False,False,0.311628577151221
7b,dev-esc50-0090,True,glass_breaking,prompt_only,5c04f188728b2269e506671a0c773eb76ca6ceed09584d12769adca3cb4e94b7,False,True,B,C,,False,False,1.0
7b,dev-esc50-0091,True,frog,prompt_only,e090ff48d87902a44ac7ee7df6e4bf1055f221722de47de0a72c6a2825b146b0,True,True,D,A,,False,True,1.0
7b,dev-esc50-0094,True,rooster,prompt_only,0f3f0fc1a109e93b14511bb764cda71483945dd4cc7ec209a3c2c542def337f0,True,True,B,D,,False,True,1.0
7b,dev-esc50-0095,False,train,prompt_only,cbce6f742c9470f63059695a95e1efb757dd2234ab72db45c67fe67b12ad5bfa,True,True,C,C,,False,False,1.0
7b,dev-esc50-0101,True,car_horn,prompt_only,df47112e7d15dbdcf701f5227dda5b929920adef775a4ea8ffddbb3343d3ce16,False,True,B,D,,False,False,0.3330151087497925
7b,dev-esc50-0102,True,crow,prompt_only,cc82282bd2f815ef692fc986c45faedb326a9ca91b76f8bb7957a5bc7587a2e7,False,True,B,B,,False,False,0.5399486062915334
7b,dev-esc50-0105,True,glass_breaking,prompt_only,92df249ffe9c16c94af83411c189ec516c07b2ea13f4e83b0c1a3bb883284234,True,True,B,B,,False,False,0.6960486592723654
7b,dev-esc50-0108,True,airplane,prompt_only,ad603690bc731a36b1a025112b0ffcaf7a299c0c349f9ed9f0b4cf65cb95b1aa,True,True,B,D,,False,False,0.4640717799808199
7b,dev-esc50-0110,True,rooster,prompt_only,14ec88503fbf632836ee6b7bdfcf871f69c6c842ac5c0abb7f0f3f4d2bc4aec8,True,True,C,A,,True,False,1.0
7b,dev-esc50-0111,True,cow,prompt_only,7df8d415cf747c4560ae4801ee0ede8d8aa0ad8d5985a72e255afcf6f08d427f,True,True,D,D,,False,False,1.0
7b,dev-esc50-0113,True,car_horn,prompt_only,b8725859b236e77c5a23a45ed084ba5f6eeadd4f482a37f9c4945be0f5b172e0,True,False,B,B,,False,True,1.0
7b,dev-esc50-0114,True,crying_baby,prompt_only,0531fc37e4af8ccec011aa4f9ccb7a171d00f5ea8589ce75e66b549fdbdd3956,False,False,,,focus_ignore,,,
7b,dev-esc50-0115,True,rooster,prompt_only,96411d23691206bf4aaa1a72c22cb5b3152e9401ac38728b964e689bde859c1d,True,True,A,C,,False,False,0.35853169667567486
7b,dev-esc50-0116,True,frog,prompt_only,609e24769feb5c52d015a61bb0d937be5b806e3e230ccafa7c4a4d7b6b83736c,True,True,B,B,,False,False,1.0
7b,dev-esc50-0118,True,train,prompt_only,4e50b13290fa3810306fdb409b6079cb54b01603a6c3320688675b6631b5d8b5,True,True,B,A,,False,True,0.3342392647597708
7b,dev-esc50-0122,True,sheep,prompt_only,4532af21db7570aa319a20efdb667676035350f3c8150f7f4c30604d2b078ac3,True,True,D,D,,False,False,0.3309317341232265
7b,dev-esc50-0123,True,footsteps,prompt_only,322223e7b1f6c75ab2066f43d35677da9586a3aded50cb18c1b22e7be0a34aa8,True,True,A,A,,False,False,1.0
7b,dev-esc50-0125,True,crow,prompt_only,b143c6a95fa38d711e378442be8e081b32e4b388f9de64763f93a9d40311ae03,True,True,D,A,,False,False,1.0
7b,dev-esc50-0126,True,clock_alarm,prompt_only,6b9ac0400f2ad4fb1809ad44b2f2c9f2ee293d552b2dec2e4871abbd34e8192b,True,True,D,B,,False,False,0.5730197755775577
7b,dev-esc50-0127,True,footsteps,prompt_only,90f2e075bfaf901c2dee5e4efb8051d2adafc09962ee456066a96e98f9a54583,True,True,B,B,,False,True,1.0
7b,dev-esc50-0128,True,rain,prompt_only,f9dfae017f4c6bcec6bdb4271ee79e32e8051eba471667b9d7bacc1e0a579e0a,True,False,A,A,,False,False,0.3198119545943229
7b,dev-esc50-0129,True,footsteps,prompt_only,62a4c4cab7f70d189145afacee782d2547434e7cb4a3545cf00ecc0f8bd5afa6,True,True,B,D,,False,True,0.16494806351742736
7b,dev-esc50-0130,True,door_wood_knock,prompt_only,6f06df8948f0d128617804a1727178de158a0a813606ca5f38c2c753b139d44a,True,True,C,B,,False,False,0.3766270576913337
7b,dev-esc50-0131,True,fireworks,prompt_only,a2d11b8859a6a475ac4401edb49d80f3c6097dc957211f1c15a8179aef519599,True,True,D,D,,False,True,1.0
7b,dev-esc50-0133,False,crying_baby,prompt_only,6ede00b55e5540af2b92ae6d98e36c1ad23a1f25af2b29b9677328b098c57c6c,False,True,A,C,,False,True,1.0
7b,dev-esc50-0134,True,airplane,prompt_only,4b6658a3ee0d717109ec83872dc5d7ac638cd9d90cc75032d3563165b32a7357,True,True,B,C,,False,False,0.3509800211048223
7b,dev-esc50-0136,True,frog,prompt_only,e42d38380617f174766c7a688858ec22bb8768bdfe996e36e309c7053daa601d,True,True,B,D,,False,False,1.0
7b,dev-esc50-0137,True,pig,prompt_only,3c9d65fe65d47b669671098796466786fa42c308bdf06e1347023a925195f616,True,True,D,B,,False,True,1.0
7b,dev-esc50-0138,False,sheep,prompt_only,eae87f192959dc85e6181a4372b06d76693dfa51c6a80f971fdda315fd1df04a,True,True,B,B,,False,False,0.3498751360799002
7b,dev-esc50-0139,True,cat,prompt_only,2497dd2032d4d0841ed4478b308687797dc2c6251630eaa02712dc660559792c,True,True,A,B,,False,False,1.0
7b,dev-esc50-0143,False,dog,prompt_only,c017e31042d38ff90e6b7e2ebfebbe81ce74e1d1c482762c07b44c62a0470e4b,True,True,D,B,,False,True,0.396364652932782
7b,dev-esc50-0144,True,train,prompt_only,1470dff153d11555f130257569e024fa0436b3bcb3c522c43059a928508f570a,True,True,A,D,,False,False,0.5668771858010873
7b,dev-esc50-0145,True,dog,prompt_only,93e71f9679a4f6d4d29059b9876358eff8cb0307a07e4cd885d783edad523b47,True,True,C,C,,False,False,0.3171901109644127
7b,dev-esc50-0146,True,cat,prompt_only,c38e308a611ffa4e33095b67b995b73c635e996a7890770a96f7a622f16ab2bb,False,False,,,focus_use,,,
7b,dev-esc50-0147,True,dog,prompt_only,638eb2509169de36c0766b551781139a496e5a74bf56e541808380b857dd5a6a,True,True,A,C,,False,False,0.3066527527561553
7b,dev-esc50-0149,True,sheep,prompt_only,e217b42e11bacfe0074dcff0ebda5ffcfa32f494d4ebb0d12659713abba757c0,False,True,B,C,,False,False,0.5290784670220744
7b,dev-esc50-0150,False,footsteps,prompt_only,5baaf51a608eca06b7a5bfd88c6a163f762f5540bbd8a683cf6eb0eeef43467c,False,True,B,B,,False,False,0.5278901988386416
7b,dev-esc50-0152,False,clock_alarm,prompt_only,8bd2819e91988085b18d1a74246f880297f2454c109839b8db8c6589896b53fd,True,True,B,A,,False,True,0.19543402100340196
7b,dev-esc50-0153,False,footsteps,prompt_only,141936209d38bf11700fb64d4bd309fe99e0e72bdc49114da2a988705ef964f1,True,True,D,B,,False,True,1.0
7b,dev-esc50-0154,True,cat,prompt_only,ed9ee0cafa5f0839a914fba3edf5b8b0aae37aa10b9b080bd269b3088091d738,True,True,B,A,,False,False,0.4890918743772486
7b,dev-esc50-0156,True,dog,prompt_only,cdd921834eea6f9d8fcab695b125d3ce5d9b04a00b00ebb96263361987e8ab66,True,True,B,A,,False,True,1.0
7b,dev-esc50-0157,True,siren,prompt_only,31bdead7bd55b06643714eb6c42d95b11c7c7bfb25c473a47df215456ad9f112,True,True,B,A,,False,False,0.6448403930969054
7b,dev-esc50-0158,True,frog,prompt_only,c314a542ad07dbfba191837a87ef6d340402ffd3fb96a9ce1812b62ac5abccf8,True,True,A,B,,False,False,1.0
7b,dev-esc50-0160,True,car_horn,prompt_only,e4ad3868549e9640b29a8ea01411b71b566f5f7546a0575a3bb1c8765f5a9a58,True,True,A,C,,False,False,0.5075920055865427
7b,dev-esc50-0162,False,cat,prompt_only,744925590cd55d5d6d070d6fa9c9550c85e675f071298da134bf31387499d8ac,True,True,A,B,,False,False,0.38839783822684776
7b,dev-esc50-0163,False,glass_breaking,prompt_only,f697ac090bc50d9949e67fa278c427bbcd8e133cb1bf2a10125514a51839c1c0,True,True,A,B,,False,False,1.0
7b,dev-esc50-0164,True,siren,prompt_only,32cd7450628d21099f34ff4b5a5785ef1ebed2fc199ceab27378b938ff0f8f3c,True,True,C,B,,False,False,1.0
7b,dev-esc50-0166,True,frog,prompt_only,1f4203186ad16e6668233f0472db43681728a64513921d7a9061e60066d417f6,False,True,A,C,,False,True,0.3686345523029925
7b,dev-esc50-0167,False,crow,prompt_only,7808075d7715b6a022d6e2c8e947d0dca4c695c1e10ed73c44ca791899709098,True,True,C,C,,False,False,0.32098740682899135
7b,dev-esc50-0171,False,door_wood_knock,prompt_only,feb68aedb9511110f389829b10528f0818307463f91e42a059e06d21d2b60745,True,True,A,D,,False,False,0.32735777580945236
7b,dev-esc50-0172,False,glass_breaking,prompt_only,650316b6735853fe6044fbdf239da62b927580fe430949eae0d74200a2d17c9e,True,True,B,D,,False,False,1.0
7b,dev-esc50-0173,True,siren,prompt_only,e151399d3d17bc96e144ac32fbea8a54d5d4d8f219d57bf2b8bde3933b54f1dc,True,True,D,B,,False,True,1.0
7b,dev-esc50-0174,True,train,prompt_only,aa60151700f9de57c85d67e10b0ee585fb5087f9c1e0d0672a511d0fae372fa5,True,True,D,B,,False,False,0.7885274873347964
7b,dev-esc50-0175,True,pig,prompt_only,d9156672422b7be9099769774287369559c86bbda10a833b0d1eb8e4ae508181,True,True,D,B,,False,True,1.0
7b,dev-esc50-0176,True,thunderstorm,prompt_only,1f25d7158a74edf7aac6e212e7169f6fc36ef1d5b9611fee51c7ea1349f503cd,True,True,A,A,,False,False,0.3296961582447709
7b,dev-esc50-0177,True,thunderstorm,prompt_only,4aacb888b5adafc4730a30001bcb45275b0a63569f75e598015fb89f69e8c9fa,True,True,B,A,,False,False,0.3449577058209097
7b,dev-esc50-0180,True,frog,prompt_only,7361d5500fc98de1d2bb9308da2504e4f33c87d37b77b6f381e1a98c6ce0e4a8,True,True,B,A,,False,False,1.0
7b,dev-esc50-0183,True,footsteps,prompt_only,12b7dba9ced63956831d80920b305c39de172d92982fb29b1bf42e006241f2e1,True,True,B,A,,False,True,1.0
7b,dev-esc50-0186,True,car_horn,prompt_only,4260a0fe48940328190416d63b654f4e1c3a5ac8bd42a894e65b403270ab6302,True,True,C,B,,True,False,1.0
7b,dev-esc50-0188,True,clock_alarm,prompt_only,b517cc28f5690df343532acda0c87cfe568788305cb63472c0a35b22c82d3225,True,True,D,B,,False,False,0.3090782727879622
7b,dev-esc50-0189,True,cow,prompt_only,57e666155ffc193e4087b7e08dcb61e5f2198e8d9b80393a8789a545b712acef,True,True,B,D,,False,True,1.0
7b,dev-esc50-0190,False,fireworks,prompt_only,91e95b644f60efb6a4aaa88d76c142ba825e9cb7ed15b884c2e0bf4059294a70,True,True,B,C,,False,False,0.15876965055179584
7b,dev-esc50-0191,True,dog,prompt_only,21ca8b4a1e86a34b618e7cfe9a15a4475509a73452aea630171b5baadde9daf6,True,True,A,A,,False,False,0.33341675008341676
7b,dev-esc50-0192,True,clock_alarm,prompt_only,59d2bb59f2e51aec66c7b378afa7d829665aa119c769180d05b477543f9b432b,True,True,A,A,,False,True,1.0
7b,dev-esc50-0193,False,rooster,prompt_only,d09fdf092a4182d067d004e49c8259153ba73c43684792feac2cf2d08dd42006,False,True,A,D,,False,True,0.670104895194111
7b,dev-esc50-0194,False,rain,prompt_only,4fd147218d145439fbf82948b82450868449867d6b24badef4f23d10b897b84a,True,True,B,D,,False,True,1.0
7b,dev-esc50-0200,True,thunderstorm,prompt_only,7043fe5f708a436e3566596d675a169e576fa0774c1a88c33e00f4cc18d5fdd1,True,True,B,A,,False,False,0.3289147168143688
7b,dev-esc50-0203,False,footsteps,prompt_only,3821a0f76706b6ca2bc3243b07e9eea1c3a99c5cd3fc2a72c415f71109d00815,False,True,B,B,,False,True,0.17847050834407197
7b,dev-esc50-0207,True,thunderstorm,prompt_only,a4f1807e6cb82457569a7a99566ccf580111b2df8559a6f2d8cf027f517c147c,False,False,,,focus_use,,,
7b,dev-esc50-0209,False,airplane,prompt_only,3da15efc6bb6be399eb58e5e1743e3eb527a20bcb5d1b70b737ffc0ba08873ad,True,True,B,A,,False,True,1.0
7b,dev-esc50-0212,True,dog,prompt_only,be92ea8291bcae6d11eab75a75db8ee9ff6fbea9354b62760cfb9af1c962c292,True,True,D,A,,False,True,0.37481827089301206
7b,dev-esc50-0213,True,glass_breaking,prompt_only,1d160edf6bd29550dacb4d90b5d39dde687a8951a0de2924946ae6bb2ee44d17,True,True,C,B,,False,False,0.3863066354070116
7b,dev-esc50-0216,False,car_horn,prompt_only,36e258600c5d9990bffb9267389a2806803a1be131cb008c30ea2ef5636b03fd,True,True,B,B,,False,False,0.3237444461241782
7b,dev-esc50-0217,False,glass_breaking,prompt_only,b81ac389a4d0949512affceeaa25069ae672918dbcbb8fab4d02c9db7dfbb171,True,True,A,D,,False,False,0.33104253112033194
7b,dev-esc50-0219,True,sheep,prompt_only,24f49bfccec6c22a8dcf76a29e4712beef9a3c9bca2d5c4dc1ff752b67a48ec6,True,True,D,C,,False,False,0.5571537377956964
7b,dev-esc50-0221,True,sheep,prompt_only,931e47058308c2710c69acbbb32a4d87d9581ec2c724acdbe3a6acbae7ae9cf4,False,True,B,C,,False,False,0.382598802633411
7b,dev-esc50-0222,True,airplane,prompt_only,097e10ce3bdd3b7d5c3fbcfde9668c9b2ad07aea1e29078cce82eb2d443d9dc6,True,True,A,B,,False,False,0.32601610021968674
7b,dev-esc50-0224,False,car_horn,prompt_only,cc69a115cfb6477fd7676127f86a90f40daf454da33801814639c496c1857022,True,True,D,C,,False,False,0.3739695778838405
7b,dev-esc50-0230,True,cat,prompt_only,7d8978baac9329ec065c638b00ab9bf97aef70e8dc75d23917a0e0de943c2c89,True,True,D,B,,False,False,1.0
7b,dev-esc50-0231,False,fireworks,prompt_only,cdc4e0d5ae3c8ff962742fc029152e8a2de06dae86a593f254fa2d4ea61ab15f,True,True,B,C,,False,True,1.0
7b,dev-esc50-0233,True,door_wood_knock,prompt_only,e56d608b73ca66733e94def000204743b0545c2a15b9de4c4154a8b89ce44839,True,True,A,D,,False,False,0.1592072136172076
7b,dev-esc50-0234,True,siren,prompt_only,732ba6d31f82cda56323f48504e7af1682b89c96c147f8761c067fa9c449f446,True,True,A,A,,False,True,1.0
7b,dev-esc50-0238,True,car_horn,prompt_only,08d962114059e0ddcbdf7e31e7382c663532c21dcf0394ba29ebcbdf7a0cab56,True,True,A,C,,False,False,0.35389877139665965
7b,dev-esc50-0241,True,clock_alarm,prompt_only,5799ac9ab9e1967aecf0e17bd2de16bf116e37afadfb40a323a398d292f45bbd,True,True,C,A,,False,True,1.0
7b,dev-esc50-0242,False,fireworks,prompt_only,d4dd282097a25307f76de7a5f7c00847b0401836bd7d1be0f1e1a06cb37dd101,True,True,B,D,,False,False,0.32786193525782026
7b,dev-esc50-0243,True,crying_baby,prompt_only,26deef24311e8213bef31107697acaa9b4bba681f947dbc6a2723437b705aa94,False,False,,,focus_ignore,,,
7b,dev-esc50-0247,False,car_horn,prompt_only,9714836f05ad6202a09e31efcb9ef133dc875ebffc49104e43cec2c3bfae920a,True,True,B,D,,False,False,0.7103757310556655
7b,dev-esc50-0249,True,cow,prompt_only,363369a9b8f760bbbc84baf5fe44432cb898ad9d0096bfe171e3e3299c732ebb,True,True,D,A,,False,False,1.0
7b,dev-esc50-0251,False,door_wood_knock,prompt_only,b546847ec606b844227778e471da805a078a9fb370c6cda9162b1f41dfab873d,True,True,B,D,,False,True,0.20166479093515696
7b,dev-esc50-0252,True,crow,prompt_only,931bd5661895929ba71ca491c06465eb60a6e55a3c7290689ed00764d3617834,False,False,,,focus_ignore,,,
7b,dev-esc50-0253,False,rain,prompt_only,1f65b520ba2f068021a6fcde8c3ccc5d6b3a1b7e6a20495b2994462c61d467ea,True,True,B,B,,False,False,0.3616726318434351
7b,dev-esc50-0254,True,clock_alarm,prompt_only,8cc54a093d209c1bb935ef80473c7c4c8e1e3c7dc8dd1c4eeb406620f8031bbe,True,True,A,A,,False,False,0.6907568946688223
7b,dev-esc50-0255,True,footsteps,prompt_only,a85a2fa006c213ea8f481f8c2525cbb2f01d4126158ead6ce0e8564f570e0df7,True,False,A,B,,False,False,0.15455605603830466
7b,dev-esc50-0257,False,rain,prompt_only,4ff6210f6f523455422d84d9922037feeb376b2a25b49ea3d4ca520c1af8825e,True,True,B,C,,False,True,0.19069101610741782
7b,dev-esc50-0258,True,crying_baby,prompt_only,deef8ac5a222eae072836c522287f3b5e83cb0630c65626cff8f69deb60fe034,True,True,D,A,,False,False,1.0
7b,dev-esc50-0261,True,door_wood_knock,prompt_only,e97385031e64abef3fef4b624cc7722f9b271dcea6e513b72decb0b9fa8c881c,True,True,C,A,,False,False,1.0
7b,dev-esc50-0264,True,siren,prompt_only,f01a4b14f39c47575b9b41c41f0da9fc2bc12961a09bd79d60456283587745db,True,True,B,A,,True,False,1.0
7b,dev-esc50-0266,True,door_wood_knock,prompt_only,f8071619406948838777048e2e52d43e337a0c5fc4cafa51589edfbefd85fe58,True,True,B,B,,False,False,0.16947368046537278
7b,dev-esc50-0269,True,cow,prompt_only,622e0db6d32afde0d899be500fc0f4c8518abe942bfadaf4bbfbd4b5803a6a47,True,True,C,B,,False,False,0.3454329845255307
7b,dev-esc50-0270,True,footsteps,prompt_only,33d999107d7cbdc27f99f3a3ce8231a39daebe414c2fe16e93a1d987a340f3d3,True,True,B,C,,False,False,0.16091429063966875
7b,dev-esc50-0273,False,train,prompt_only,94f7d0e45f7267ddab3efdfb2aed2142c7e42a6c1cf61de1595181a1cc2e9df0,False,False,A,B,,False,False,0.4600540830183972
7b,dev-esc50-0274,False,rooster,prompt_only,190f50148a21465672a3371688c65369f15213c14ef28d9e0d00e18e58ca05d4,False,True,B,D,,False,False,0.7891343318105593
7b,dev-esc50-0275,True,cat,prompt_only,39d2f894b55d8b5d8aef7dbdd6c8f05af73dbae82f93d9a05f206a41fd28de40,True,True,A,C,,False,True,1.0
7b,dev-esc50-0276,True,door_wood_knock,prompt_only,1b38046a525a8bb284d1035a705766ae3114794365fa8dc338e75d1fd33b3466,True,True,B,C,,False,False,0.15790156512698356
7b,dev-esc50-0280,True,airplane,prompt_only,64fef354784950ea7952757224bb3d276989ffa7c962d88cf4d03b1a62bf48a8,True,True,A,A,,False,True,0.6983683999107342
7b,dev-esc50-0281,True,train,prompt_only,398538eecc9fb12725e2de8fb7ce6258b3da1a3a4347a5e5d57e7ce3d8f6104b,True,True,A,B,,False,False,0.713645497954344
7b,dev-esc50-0282,True,crow,prompt_only,603ddf0ed9cd14143e1cb23aa41516387040daf29622f19969c9717fdc28f076,True,True,C,A,,False,False,0.32022376090223453
7b,dev-esc50-0284,True,cat,prompt_only,85ec8aa5c0bb599c05b9678a43559baf1673de6795a052040232b8faa725eff6,True,True,A,B,,False,False,1.0
7b,dev-esc50-0287,True,cat,prompt_only,467baaadb314ae01779355f8fd47d7d46f8097f04430afdd4282dc857d84178d,True,False,B,B,,False,False,1.0
7b,dev-esc50-0292,False,cow,prompt_only,977d074dc7ce4dea0ed02686340d8a32d9a8c0468135efb89e7089440caf75f0,True,True,A,B,,False,False,0.4625525189839263
7b,dev-esc50-0295,False,frog,prompt_only,f4d8715e6aa2a14dbfdc6425d6b08a8f638accf945476675a73ea571ac030f4b,True,True,B,B,,False,True,1.0
7b,dev-esc50-0297,True,rain,prompt_only,e29023abb7798f0e0a9c86b37de39ca0383039873e736da4e9d733b83da1efea,True,True,D,C,,False,False,0.3041601841446077
7b,dev-esc50-0299,False,crow,prompt_only,edaf80d895e97c4c9e584e63497a908ad4e0cfb8f4c90a56f7867f8edc0d04a8,False,True,B,A,,False,False,0.40370313784861783
7b,dev-esc50-0300,True,airplane,prompt_only,fb0232a485f1d7fdd830a954848618080907e8d869df195173452511d3991aef,True,True,A,C,,False,False,0.6230072820310962
7b,dev-esc50-0303,True,cow,prompt_only,a57a8a62860a08ab82823228ca624a01b7873a38fcb6a8d3de68f87f4c26d70c,True,True,A,A,,False,False,0.3156023839903958
7b,dev-esc50-0304,True,crow,prompt_only,62a64e3b5ca9417dd915a72219e2f159d1d12246f2d00b8b3a504a9660706b11,False,True,B,D,,False,False,1.0
7b,dev-esc50-0305,False,car_horn,prompt_only,1de612b2fda10e564ab63dbf3aa620a078aaf921a92a609fc6992f4d5f20665d,False,True,A,D,,False,True,0.7957189692671717
7b,dev-esc50-0306,True,glass_breaking,prompt_only,bdaf8b574abaff3ee30f244b6d17db0a02fd7b6ae2535f1e969bd4a32e3d62ab,True,True,B,D,,False,False,0.17764574701630437
7b,dev-esc50-0309,False,cow,prompt_only,4ea81bdf8ffc6e135473b6dec4dea05186c4e4dd4fe223084219ed6a9fcb5b9f,True,True,A,B,,False,True,0.5758674502633755
7b,dev-esc50-0314,False,clock_alarm,prompt_only,220f0c054dba33821e13c6113e2f01829d7e41d78a78c464e30944078dcde42b,False,True,D,C,,True,False,0.9201785058895937
7b,dev-esc50-0315,True,sheep,prompt_only,f691e810e549504a7113ceb5376eed932cb2fb2dc4f025742023cc4f1e2cc3a4,False,True,B,A,,False,True,0.32706833648028977
7b,dev-esc50-0316,True,crow,prompt_only,b4c71324835f196ca78a65ef4b7986b68f8a209ab4fba6f3792ba01413f6500f,True,True,D,A,,False,True,1.0
7b,dev-esc50-0320,False,siren,prompt_only,285a3acf671b0f5812fe5b0f8d092585cf61c49f86900f1ad1933e04b6bc3438,False,False,,,focus_use,,,
7b,dev-esc50-0322,False,cat,prompt_only,f582e53378758d5eb7e466fd1c309ec8b6301ac103e25790f570d4672cf74756,True,True,D,A,,False,False,1.0
7b,dev-esc50-0325,True,pig,prompt_only,bcc45b97a77d93805c5825569ca6e17f02b084f6146d0b1251e4e43b4670b8c7,True,True,C,A,,False,False,1.0
7b,dev-esc50-0326,False,crying_baby,prompt_only,fc49c16f0900b8447288daca654b9df38cf2474388e0155bd95ed917947d0dce,False,True,B,B,,False,True,1.0
7b,dev-esc50-0327,True,crow,prompt_only,f879b875448f290fe2954d5fd087c7b80666e53f60d525156889b12af88274f5,True,True,D,C,,False,False,0.3327010234250625
7b,dev-esc50-0328,False,pig,prompt_only,b3e833a04d244931c79ed7095901fdefd02b211e381b1b336dd4a05131f5090c,True,True,C,D,,False,True,0.5207790039408915
7b,dev-esc50-0330,True,clock_alarm,prompt_only,91cf8eb3e99f7aebeb9c073417e880a37fe74ad687db5f6a53181dbf1d8fc5a3,True,True,D,A,,False,False,1.0
7b,dev-esc50-0332,True,crying_baby,prompt_only,ddec0eb42a18930e8b195f172effb2250cda48c552992ba34018913e98a9466e,True,True,B,C,,False,False,1.0
7b,dev-esc50-0334,True,cat,prompt_only,052c9b74aba3e49e10603b0649372955c7035cce7727b825c196bc8a555d15a7,True,True,D,B,,False,False,1.0
7b,dev-esc50-0335,False,fireworks,prompt_only,3d3c4bc308463661f8206f64163c6a258e49624b0a0902af1fe788cf3392f1d1,True,True,B,D,,False,True,1.0
7b,dev-esc50-0336,True,dog,prompt_only,83c00ecaf2ca38838549ae96f04b40d5da0a13f9e3fffcb2bab3bd41eb5611de,True,True,D,A,,False,True,1.0
7b,dev-esc50-0337,True,rooster,prompt_only,071a5f3a1268372dfba290b2ac2d1552e8bb604652c251dffd0a80a9c650407d,True,True,B,A,,False,False,0.692537255959028
7b,dev-esc50-0339,False,car_horn,prompt_only,648b2869a3a1a2011081866ea39604d244790d246581dd1bf72510e9e55b62b0,True,True,D,A,,False,False,1.0
7b,dev-esc50-0341,True,train,prompt_only,78d4c1f25068f3e1bb067dd3c64253057fb97834909fbcf80bda450ac6ed777e,True,True,B,A,,False,False,0.5085154944746832
7b,dev-esc50-0343,True,sheep,prompt_only,82ee656716f49c3b88c5622545cb5397f8c5c415809698d787991e3806ceecd4,True,True,D,C,,False,True,0.3561643637830637
7b,dev-esc50-0344,True,cat,prompt_only,84c7337eefd1c9cab84b43211a370e380ba4706472d3a3935b779b948f22155b,True,True,D,C,,False,True,1.0
7b,dev-esc50-0345,True,glass_breaking,prompt_only,c90d8bfaeb2f4ae0d11266657e3530c296cdee33d6b10417d24fc2dfaef6a42b,False,True,B,B,,False,False,0.6772224629494251
7b,dev-esc50-0346,True,airplane,prompt_only,76c0196cfdbb1ab337507e7a3e2e8c78c6014b6c4aac4dad7128983dafcb5a71,True,True,A,A,,False,True,1.0
7b,dev-esc50-0348,False,airplane,prompt_only,f775b5f2895466916dfd8b99dfc3ad3c979c70aa0564697bd4a6e5a7b9a35716,True,True,C,B,,False,False,1.0
7b,dev-esc50-0353,True,thunderstorm,prompt_only,b6d3d9b922a7249f9e971b571eaa34b3b594d4823cd79c923f7059f9c7436fab,False,True,A,B,,False,False,0.14545202873919366
7b,dev-esc50-0354,True,siren,prompt_only,63435c2b26a1f97813414a9784362f6d21c2e702cd69a7b5fae9ff1a25523c5f,True,True,C,B,,False,False,0.7160994057266343
7b,dev-esc50-0355,True,rooster,prompt_only,c7361f264ba693f5a8fa80ba7bedacb9ed7b3277efdffd59ec46688b1cca15c5,True,True,A,B,,True,False,1.0
7b,dev-esc50-0358,False,sheep,prompt_only,9e7dcef56881f3010884332f7875e4a7a615bc7e983e9bdaec4d74552dceb167,True,True,B,D,,False,False,0.31202937710124423
7b,dev-esc50-0360,False,dog,prompt_only,9ef4b655decb1aee06a3842f2b71784a24f65c2f91712f80505e8a50bc1fed26,False,True,A,B,,False,False,1.0
7b,dev-esc50-0363,False,thunderstorm,prompt_only,8a3e6efda4536ea0ccfe9197f662f5f763d3145936cad379c73824b25663c04e,True,True,A,A,,False,False,1.0
7b,dev-esc50-0367,True,rooster,prompt_only,05859cd01984026513c4675da5045935f7006e1cf11348dfaa6447f3a3cc8598,True,True,D,D,,False,False,1.0
7b,dev-esc50-0368,True,airplane,prompt_only,ed58630afbe17a477a1265e88db56a716c783377e735a44be66f4feec5beddec,True,True,D,D,,False,False,1.0
7b,dev-esc50-0369,True,rooster,prompt_only,39730431f05af8f90b95c03a3cefec329e18ca3861709c8186e21a84c40e80ae,False,True,B,C,,False,True,1.0
7b,dev-esc50-0371,True,clock_alarm,prompt_only,755a085a8e91db3c8fae239c1ba18552f80c970e5a50f70ddd15bfce97dbfdb2,True,True,C,A,,False,True,0.16480891719745222
7b,dev-esc50-0375,True,crying_baby,prompt_only,bb6bf8d64c6a61550996039eca4c1c2e4b00548043bcea9a75f96a4d7d24b5fc,False,True,B,D,,False,True,1.0
7b,dev-esc50-0378,True,clock_alarm,prompt_only,a18d09cb007c0851a65060e3a125f6afb9a81ff6eb35773ba03c0da30c6ba841,True,True,B,B,,False,False,0.3557876207301463
7b,dev-esc50-0379,True,crying_baby,prompt_only,d769b28a080fc55dc16df08b45f87b86cd545c45c0390de57d649e4b27b01e76,True,True,C,A,,False,False,1.0
7b,dev-esc50-0380,False,crow,prompt_only,7c99d54c7245b28689bda0b7e1ffb80d99a0b157750b2bedcd3f66c6c3fae71a,True,True,B,A,,False,False,1.0
7b,dev-esc50-0381,True,clock_alarm,prompt_only,3dff1d5a5566eec5681a6dba73bb6879a2b9cac9f910ad419a2086191ba9123c,False,False,,,focus_use,,,
7b,dev-esc50-0383,True,pig,prompt_only,b4d6001194c50f46806835759f467e4f6e0195163a27fe1fc2c6090f43c47ee6,True,True,B,C,,False,True,0.32685362076584623
7b,dev-esc50-0385,False,siren,prompt_only,f0728e15077ecc186fd2b797b563176cb7ccf332e3d917f63f0ad5f56f9ebe8c,True,True,B,D,,False,False,0.7272249356669336
7b,dev-esc50-0386,True,crying_baby,prompt_only,05115891331a2d2eb1d4b07fd3355d83d7117318aab1371622510b22784db5f3,False,True,A,A,,False,True,1.0
7b,dev-esc50-0387,True,cat,prompt_only,8f368808943352cdbb5eafd9b8a21ba4dee832742699aae043c5ab185522383f,True,True,A,C,,False,False,0.6050389930963128
7b,dev-esc50-0388,False,siren,prompt_only,75bb34d64e6d52b22df5d3d8fa7d8317934af7c2fd56692b8208b78310239b53,True,True,C,D,,False,False,0.8400664575313179
7b,dev-esc50-0390,True,door_wood_knock,prompt_only,e63d29dfe7310818203c0a3311cd9084685aed08998b25f2ded25e2baf22495d,True,True,A,C,,False,True,0.37271980021230505
7b,dev-esc50-0391,True,crying_baby,prompt_only,2723129a0ef3facec4edab0f57c0c69f8850fd1bac9a12a05efc9f4ef5e11607,False,True,A,D,,False,False,1.0
7b,dev-esc50-0392,True,siren,prompt_only,17a9b4aeb83ede02e3494b14ea97fc1665e4bee5de87b597a1679e07c49ae51d,True,True,A,A,,False,True,1.0
7b,dev-esc50-0393,True,car_horn,prompt_only,5c004d3ca6c1acf9c08f7d38ca5b6632078af1789e735005d3a56abee6fd7749,False,False,A,B,,False,False,0.5163700804223531
7b,dev-esc50-0397,False,siren,prompt_only,742a9631186173fe1a21f0342ad151bad58596eb994f0a91388c890c2ffea7c9,True,True,B,B,,False,False,0.16073009475624922
7b,dev-esc50-0398,False,crying_baby,prompt_only,b87bb1261d373e38d9b3af2e991ee56d5759b5541e9677cfa9191c786258e48f,True,True,A,D,,False,True,1.0
7b,dev-esc50-0400,True,rain,prompt_only,645562bf158991962ff480827e5dee2d5576f9c0fd823d001825902c625e566f,True,True,B,C,,False,False,0.15473010682039132
7b,dev-esc50-0402,True,thunderstorm,prompt_only,57f3ec266ccb3e3aef4963221d0aa3e738970881284fcbdb76997b0492cda116,False,True,B,B,,False,False,1.0
7b,dev-esc50-0403,True,door_wood_knock,prompt_only,893d4a9c2b387cf5401110e6373156ccdb0bc6b120333067a23ec1db81ef57d1,True,True,A,C,,False,False,0.6177125048924256
7b,dev-esc50-0404,False,rain,prompt_only,8f64116107a8f52e9ae5bbae5356e009365a3d6c9230a4fb977b6b53506b1079,False,True,B,B,,False,False,1.0
7b,dev-esc50-0405,False,glass_breaking,prompt_only,a67dd68b43886cae33e731115bb4d20741a03aa12be99b1036ba95967cf86e71,True,True,B,C,,False,True,0.4251313485113835
7b,dev-esc50-0408,False,crow,prompt_only,1a35d0f7ecf33211fc13aecba0754403de2b39544dd6ab4ba4bebe37fb6ab677,True,True,B,B,,False,False,1.0
7b,dev-esc50-0409,True,airplane,prompt_only,0462efe7b309b7ab6dee26b2b141e623f7eeb2e622dcb40c582a3f4f3b6e079d,True,True,A,B,,False,True,0.5119106247233264
7b,dev-esc50-0411,True,fireworks,prompt_only,ef4c8d1ebb458151ec2b1a93cf1711f93e8e3a1e521de8a4a336ffbec01e05bc,False,True,A,B,,False,False,1.0
7b,dev-esc50-0414,True,train,prompt_only,6fa070d6a7fd01a0e37c2d98facd58704b6a62396b3ef454c49f2dc8055bd7b7,True,True,D,A,,False,False,1.0
7b,dev-esc50-0417,False,fireworks,prompt_only,eb00f4b69fc8566d75fcb7447377896b1deeb598045c1554b6f937bf7355e807,False,True,B,A,,False,False,0.3307744090338162
7b,dev-esc50-0418,True,glass_breaking,prompt_only,52528f041fe4e6734f31d8b0598090cec0f98f1c8f760b24fbc929d6ee63591b,True,True,B,B,,False,False,0.3672298467219601
7b,dev-esc50-0423,True,cat,prompt_only,3c7760b71b5d8695dfb380bb28ede932c1a301326478405f49efcb24888858f2,True,True,A,D,,False,False,1.0
7b,dev-esc50-0424,False,door_wood_knock,prompt_only,4ff3abd6791fab77a76a58e843437b313111656751179a8fc72c9a9cf04043e0,True,True,C,B,,False,False,1.0
7b,dev-esc50-0425,True,fireworks,prompt_only,b851fe0e3bb0f5f201d6adde1e5aba4b864222f197f518c5d686a0b5397cb9b5,False,True,B,C,,True,False,1.0
7b,dev-esc50-0426,True,footsteps,prompt_only,b6f4da0d362a7192c2d6af7516069a883715b6eacf7b4b3e624c3cdbae7890de,True,True,D,C,,False,False,1.0
7b,dev-esc50-0430,False,frog,prompt_only,cce0bdff99d25abca7f03a0562aa8e7305c126658f53e8e388a9b8d1da026564,True,True,B,D,,False,False,0.30628254959898693
7b,dev-esc50-0431,True,pig,prompt_only,b201fa5ad4e05bce1e5c88c66f4bd3040786e56688f404b1c65bd9c60720efe4,True,True,A,D,,False,True,1.0
7b,dev-esc50-0433,True,fireworks,prompt_only,7cf91d5bb417ada604d50d11949d99c1ce1bd0d4a914e42669fa3eb0ff4e74a7,True,True,D,B,,False,True,1.0
7b,dev-esc50-0435,True,thunderstorm,prompt_only,1a1b698be1e598f8dc46a73ac264b25778b67fca6209e30c78f211aaf41f1e41,True,True,A,B,,False,False,1.0
7b,dev-esc50-0436,False,train,prompt_only,9d02501f2a1fef8fde3945d1b307aa9a6fa9d1885e1ea70aebf953be548b8c9d,True,False,C,B,,False,False,0.4839561850802644
7b,dev-esc50-0438,True,pig,prompt_only,c07771910493ed23a1768c5ff312ca7fb1b9d9f9154da31849545aa936da618c,True,True,B,B,,False,True,1.0
7b,dev-esc50-0439,False,cat,prompt_only,8096d78f795bd8b188e75d1a6de2000bd863792df32118ec9173a01fe97d3478,True,True,B,C,,False,False,0.31943044803477083
7b,dev-esc50-0440,True,thunderstorm,prompt_only,b5001798deb3a305341ef5441f38d905f1929263b838080d81f1f110d70a9ad3,True,True,D,A,,False,False,0.3311467092957678
7b,dev-esc50-0443,True,cat,prompt_only,28714cf43211e0d615d4d928d9377f5f9e34d2b35c5a471af681290e99a7c17f,True,True,B,D,,False,False,0.646455770357352
7b,dev-esc50-0445,True,train,prompt_only,80a1783eb3767675a0e3d8df97a64c203bee5a43d56f450e2666a965e103b21e,True,False,A,B,,False,False,0.5731713787454422
7b,dev-esc50-0446,True,rooster,prompt_only,ef210d7071373b7c80039fc643a1325629ce71476c2b2076a935e541a32d8cb4,True,False,B,B,,False,False,0.16253580169061455
7b,dev-esc50-0448,False,car_horn,prompt_only,2094538710d534e74758b411e97bbc4295daeb0a5e2a14dba8f5ed2bbc938c6d,True,True,B,A,,False,True,0.36791133068818943
7b,dev-esc50-0449,True,rain,prompt_only,66b4bfd77adc082a6ed7104f09b250254d2174d6a6fe9cad24591c6c41fe6f0e,True,False,A,C,,False,False,0.659844647003113
7b,dev-esc50-0450,True,fireworks,prompt_only,36361f06f6390390ed21cdccdd2a0b3abafb85fc737a14b1b02799a9f983d437,True,True,A,B,,True,False,1.0
7b,dev-esc50-0453,True,airplane,prompt_only,55641fcbec7eeaa6e3a699e81e37d6af47223a80a5ddc9de79b67fe809b7d8d1,True,True,B,C,,False,True,1.0
7b,dev-esc50-0454,False,footsteps,prompt_only,7b0cacbdecb4710166d535e5314b15acc033e0fe5b9763d591028c294156c69b,True,True,D,C,,False,False,0.16989379927092502
7b,dev-esc50-0456,False,dog,prompt_only,5acec6c2f1bcdcd21e2d017a911f54f9177844cb7751e6229974dbe5bc242e41,True,True,C,A,,False,True,1.0
7b,dev-esc50-0459,True,clock_alarm,prompt_only,c09d06a669e2daefe3da586aeeded896ec004f7c1392aef9d8aca61a4de92583,True,True,C,A,,False,True,1.0
7b,dev-esc50-0460,False,sheep,prompt_only,f63059d65a9f1df55e612871495488f557edf5ac6a61abf65a81c2f58bd06f2b,False,True,A,B,,False,False,0.16865971603709332
7b,dev-esc50-0462,True,train,prompt_only,9756f2e5b8e02de0bda5fe1e0f89687b888a54156a646f96e3e1a6d9407e4aa3,False,False,,,focus_ignore,,,
7b,dev-esc50-0464,True,train,prompt_only,79b6fd1f08395baf7448cb590fb217165a6634a7596197fe4968462d6f7ab95f,True,True,C,B,,False,False,1.0
7b,dev-esc50-0465,False,airplane,prompt_only,bea7d2830ffba872ff44953f9b926d5ef612ab127c609cb2712658623bf4ad29,False,False,B,B,,False,True,0.8360318603382433
7b,dev-esc50-0466,True,car_horn,prompt_only,1b005b9660b47e32a73d4ad477fcdd82f68414be3245abff2a80a61a1a755538,False,True,B,D,,False,False,0.382061131103701
7b,dev-esc50-0467,True,door_wood_knock,prompt_only,af46ae539eaea8bd8e540710a96b1e61a0df8c62e9313a7c5dbef33745b9ca1f,True,True,D,A,,False,False,0.3310818927772193
7b,dev-esc50-0468,True,fireworks,prompt_only,e75bbdc8e05ba691543cb2e49429e2c2a92adb7e4948ef61073f6fdaf3d70a9e,True,True,A,B,,False,False,0.15468408132248482
7b,dev-esc50-0469,True,siren,prompt_only,8caa801f3cff17634b7b5c4507db69306b9f4d50a5fa41329b4395f9724b6281,True,True,B,D,,False,True,0.20779995528801967
7b,dev-esc50-0470,True,clock_alarm,prompt_only,c6eb81150c2f726d96d4f6b272e0e4fd399c20f16e4cb317bd54b2ea711d06c5,True,True,D,B,,False,False,1.0
7b,dev-esc50-0471,True,rain,prompt_only,7fc63ca490c2566c8e6625e63839474ce231704fde2a70c7693ab4bdd669e130,True,True,B,C,,False,True,1.0
7b,dev-esc50-0472,False,rooster,prompt_only,a60389c470889adfbac6e7d5314f2ddd47894bbcdc796a297553ed59e132fcd1,False,True,A,A,,False,False,0.31156994649574854
7b,dev-esc50-0473,True,crow,prompt_only,81e3238c978d75e1d8390e6885f2040550ab7ceac3c319fb810889ce2949f079,True,True,A,A,,False,False,1.0
7b,dev-esc50-0476,True,clock_alarm,prompt_only,c8f29ea35c771ef7d47a2da8d20510b2a676fa1d38510c076ba9839914c05162,True,True,C,A,,False,True,0.37471864106609465
7b,dev-esc50-0477,True,train,prompt_only,e5d622d7faaef358a218e0b6fa68cd5508334c1dbf8757204d729fe672a40d77,True,True,B,D,,False,False,1.0
7b,dev-esc50-0478,True,dog,prompt_only,9a24fd315142f9e0959dee7bebd34860e117babf4db06d8d58c826afe20c267b,True,True,D,A,,False,False,0.34021234195914274
7b,dev-esc50-0001,True,siren,fixed_daa,0512cf0097ea06026cbbd0923d94a6aa4f2fbeae336f9b9c56462fdb65efe02e,False,False,B,B,,False,False,0.3603905616117013
7b,dev-esc50-0002,True,fireworks,fixed_daa,82e49db9fd03d02e0745820a94d1941a9692ee99f2634ee2a0901678aecda0e0,True,True,D,B,,False,False,1.0
7b,dev-esc50-0003,True,clock_alarm,fixed_daa,a939f6f1b079143f877299610a111b549f217561acf05f3f8d4e02c8d0a267aa,True,True,B,B,,False,False,0.5744468673545368
7b,dev-esc50-0009,False,door_wood_knock,fixed_daa,8dd990e1be33dcf60b4bb6897387dad9a7f5f309e32c231423cc39ca72d03f3f,True,True,B,D,,False,False,0.67904141227866
7b,dev-esc50-0010,True,car_horn,fixed_daa,17bd259ba7c5f364907b2abdd4c3a117541e6d2f7148d115a59fb84f066c13fe,True,True,C,C,,False,True,1.0
7b,dev-esc50-0011,True,siren,fixed_daa,eb8151794e1914ed77ac34dd91c0768e8232d12ebeacfb87ab163476c481fb83,True,True,A,A,,False,True,1.0
7b,dev-esc50-0013,False,cow,fixed_daa,607492545a392ec4f9430ec3bfdbb4a6176092440660cab3d7b9cad804155002,False,False,A,B,,False,False,0.31909583939361486
7b,dev-esc50-0014,True,dog,fixed_daa,35744dd704733b74c727e8799d2b7edcefd87caa8e9ca3d49c2743d3313ed87e,False,True,B,D,,False,False,0.31308170030500015
7b,dev-esc50-0015,True,crying_baby,fixed_daa,9e8d8c202081221c0eeeea5e63d8921b3bb9e1f2a2d14f0d8cf1219394913393,True,True,A,D,,False,False,0.6447518555376627
7b,dev-esc50-0016,False,siren,fixed_daa,f4f9c8f4f2d040abf8ab0f5db89b4c56e55d4d8095c04c0eeb00674188a5716a,True,True,D,B,,False,False,1.0
7b,dev-esc50-0017,True,rain,fixed_daa,9e6cd6be987ca15907674fb3463bf6bc8747ebb97fd04da62523ffbc4df1f19f,False,True,B,B,,False,False,0.16183348312289125
7b,dev-esc50-0018,True,thunderstorm,fixed_daa,eee90f350ce4874f6fe9d7905e3ae6a53f05fcb91910c6714fc84ce17d907df9,False,False,A,B,,False,False,1.0
7b,dev-esc50-0019,False,cat,fixed_daa,178f35da5d8a130d9ba9dd5e47498ec45af8972152b19fc312b27c499d9bc246,True,False,D,B,,False,False,1.0
7b,dev-esc50-0020,True,glass_breaking,fixed_daa,c8ff4eadec38ef3305194d1e6896e82e297183755e6536175bc5d225650c537f,True,True,B,B,,False,False,0.7031942130288129
7b,dev-esc50-0023,False,crow,fixed_daa,f468c04c3dcfdca699ceb78984bf96a0be56c081df7a63d30f5c0b2f58617832,True,True,B,B,,True,False,1.0
7b,dev-esc50-0025,True,sheep,fixed_daa,64319841650d658c4ca1e92cadbcf992e62b669a84d71edac72de98836b9a0a9,True,False,C,B,,True,False,0.8402731730839608
7b,dev-esc50-0026,True,crow,fixed_daa,cb7365d1763e189cb90ae07a004b9221a91501b187e6205ead854aa99d8a800e,True,True,A,D,,False,True,0.7203274065260977
7b,dev-esc50-0028,True,sheep,fixed_daa,f5f8bde72c7a96b466bd84cf59c4a14e4c048cf2efd25fe03d08def659475018,True,True,B,A,,False,False,0.243600414120704
7b,dev-esc50-0029,True,pig,fixed_daa,912a3f118bec229e7c1a939e83b27b29d653bc28b22c31ff00e233aca570231b,True,True,C,B,,False,False,0.5485660331510892
7b,dev-esc50-0032,True,car_horn,fixed_daa,2cf6ce99ea1a679b494226afa5fad3a5bb20f7547e53d52464794639a05c849c,False,True,B,B,,False,False,0.49491412148901387
7b,dev-esc50-0033,True,rooster,fixed_daa,f9569051af8f8cd849cc1de0e1374d3968fd5ab1f29dc577b387ed7db07da60c,False,True,B,B,,False,False,0.3575101946470711
7b,dev-esc50-0037,True,thunderstorm,fixed_daa,5bd2a2e3813397f8c3993d1af6aef6c1e81ab5a4499a9785cebdb3c518eddc53,True,False,D,B,,False,False,1.0
7b,dev-esc50-0038,True,door_wood_knock,fixed_daa,93e26ca77f742fad6294dcf00ad3b049114eae12f0fffa1dd5cc9957b332f85b,False,True,B,B,,False,False,0.3340622648884704
7b,dev-esc50-0039,True,footsteps,fixed_daa,571b963f6a867bda4a67006d26ed6aa1af60a249a03269fa10a7752a83336f25,True,False,B,B,,False,False,0.37046451115501366
7b,dev-esc50-0040,False,crying_baby,fixed_daa,13c5df67c265a79db5eaecd09405ba7812bf3b1c23bb1d71f96ae999966caf60,True,True,D,B,,True,False,1.0
7b,dev-esc50-0041,True,airplane,fixed_daa,537d258344f2292ea2b48a068e7afc2bf249e205db28f9ebdf3ff4b98b906627,True,True,A,B,,False,False,1.0
7b,dev-esc50-0042,False,train,fixed_daa,7a5c54fc74575b16f6bb79c0b602b73798b3654709e2bb89efbedd28ccda1362,True,True,D,A,,False,True,1.0
7b,dev-esc50-0044,False,sheep,fixed_daa,ee22b0bc9ec6453f6ab609ab1018dbdbe2edd421a327f499ea63964e2cd89a00,True,False,B,B,,False,False,1.0
7b,dev-esc50-0045,True,door_wood_knock,fixed_daa,605dc4029fba2085b36423ab1a3f2e2c8d872d8de0133cfa645da03e21168e62,False,True,B,B,,False,False,0.33956154225068286
7b,dev-esc50-0046,False,clock_alarm,fixed_daa,f3186b88dee804da9201076766c15fbeceb1999e0a1fe92354c047a7cf299d9c,True,True,A,A,,True,True,1.0
7b,dev-esc50-0048,False,dog,fixed_daa,9a23409c1a0ea2435e83e7ac63354a8f7bc661d536c997bbf1ee78f441f252b6,False,True,B,B,,False,False,0.3692897607644087
7b,dev-esc50-0049,True,cow,fixed_daa,aa11a756c23accd87cb1a531c23e04a59f27c2fd669f6557c0a0a0f872bd498a,True,True,D,B,,False,False,1.0
7b,dev-esc50-0053,False,cow,fixed_daa,8242ea8d329d9b3e7dbbc1e5c5cfa7bf7adb94a00003882a07c76e5f24ac9725,True,True,B,A,,False,False,0.643682289720969
7b,dev-esc50-0055,True,airplane,fixed_daa,111d4475970d0a01c7d8c7ad53a4c1d68de07980322f596878fb0e394dd683a2,True,False,B,B,,False,False,0.32696272694388645
7b,dev-esc50-0057,False,thunderstorm,fixed_daa,8173dce80f8494bc260e095aec8c3f32cd91e8d8060183bd1901312fde032923,True,True,A,A,,False,True,0.6964038063065275
7b,dev-esc50-0058,False,thunderstorm,fixed_daa,a133a5ab56d327d45bc0ba3bab500380a9a0cbfee650287ef472ed93c1ec8334,False,False,B,B,,False,False,0.1590391688990704
7b,dev-esc50-0059,False,sheep,fixed_daa,8c946a89b3f166e8f5970744fc53ea2e622bce64bff7199e540fbb4182944b64,True,True,D,D,,False,True,1.0
7b,dev-esc50-0061,False,footsteps,fixed_daa,089b6df15ac8110dab024a281130e7691403bda27cf1d3b1b74d6846dd737a42,True,True,A,D,,False,True,1.0
7b,dev-esc50-0062,True,thunderstorm,fixed_daa,a21aa2c9f7131976037c511a02f8420dafd32ccd07cccf9125349c68b4a4d0ee,False,True,B,B,,False,False,0.3772070421818552
7b,dev-esc50-0066,False,frog,fixed_daa,3ab712ff3bae8e9c5de69c81869000ec391e970ec39f71fec4fa129178eaebc8,True,True,C,B,,False,False,1.0
7b,dev-esc50-0067,True,glass_breaking,fixed_daa,d8308f14525556839e1a641c6ad33f0394ebf1a7081e43ef2018e2520158bba3,False,False,A,B,,False,False,0.31839196804727254
7b,dev-esc50-0068,True,thunderstorm,fixed_daa,1aa3bd4197e6feb5f37350b8903ad6c137b44bdbfef036b58d97de11ac560f11,True,True,A,C,,False,True,1.0
7b,dev-esc50-0069,False,car_horn,fixed_daa,9e4d1db58a242adac5c2c8cc546ebe4905f25334201c3b50ede70de13928b323,False,True,B,B,,False,False,0.35618982489301365
7b,dev-esc50-0071,False,glass_breaking,fixed_daa,6ca4130ef03ea708721a3f1b985213737b9f6fdc83b6605397739a6c832059f6,True,True,B,B,,False,False,0.3468297538586673
7b,dev-esc50-0072,False,frog,fixed_daa,6a4b614a38403a2a0eb965969c9b0b41fc68a8983fb81d9d33bd307c32a5b50a,False,True,A,C,,False,True,0.4439306358381503
7b,dev-esc50-0073,True,footsteps,fixed_daa,67fca08ed38ee7c16c869a92812d95bb2201cdd716ff2aaf2208499a56af0f1f,False,True,B,B,,False,False,0.3167980762165592
7b,dev-esc50-0074,False,crow,fixed_daa,e518c0007851d3c4afa8392672f94f514f9048c433964e5b05d8446d6344e12d,True,False,B,B,,False,False,0.6863498346144887
7b,dev-esc50-0075,False,cat,fixed_daa,6e22d6b090991226ffc62cae9a0226de9f46988d464212887e6fa525c677c88d,True,False,B,B,,False,True,0.7174976455875157
7b,dev-esc50-0076,False,pig,fixed_daa,56b466d8f1a86ac3632d68cef22f248630b117c50e8f757100afd393f40cfd87,False,False,B,B,,False,False,0.528557968121372
7b,dev-esc50-0077,True,thunderstorm,fixed_daa,207562b965e51145aa11cb3c14edb4d7703bc5c6878287b52f0c443e928c92de,True,False,B,B,,False,False,1.0
7b,dev-esc50-0078,False,rain,fixed_daa,ba131e9aac12deaf16ce09bbf56308c28bebfc0422d2b15e365bc7817000e3a8,True,True,A,D,,False,True,1.0
7b,dev-esc50-0079,True,car_horn,fixed_daa,c19fc60bf65f96367d299bd7cd5ba00e2cdc96d1555489f0324385ba3d0e5976,True,True,B,B,,False,False,0.16494930827710466
7b,dev-esc50-0080,True,frog,fixed_daa,d4cf32b5cebe89bb46922d1e6e6af49979594cedd0f69b29bb04d8123de0b474,True,True,B,A,,False,True,1.0
7b,dev-esc50-0081,True,cow,fixed_daa,d02900eff2669f44e8f816d1cf14cfbc4c3beb885b019f0b91bd3e0bb10cab2d,True,False,D,B,,False,False,1.0
7b,dev-esc50-0084,False,glass_breaking,fixed_daa,ca28c065005c90e7b563b47920b8a6df0da18c0ad7896a4feab751bc85e8445a,False,False,,,focus_ignore,,,
7b,dev-esc50-0088,True,glass_breaking,fixed_daa,939c41a64f103ccdad5ab43313ee4ea90453a8caba293fb365fe8890814761c8,False,False,B,B,,False,False,0.311628577151221
7b,dev-esc50-0090,True,glass_breaking,fixed_daa,5c04f188728b2269e506671a0c773eb76ca6ceed09584d12769adca3cb4e94b7,False,True,B,C,,False,False,1.0
7b,dev-esc50-0091,True,frog,fixed_daa,e090ff48d87902a44ac7ee7df6e4bf1055f221722de47de0a72c6a2825b146b0,True,True,D,A,,False,True,1.0
7b,dev-esc50-0094,True,rooster,fixed_daa,0f3f0fc1a109e93b14511bb764cda71483945dd4cc7ec209a3c2c542def337f0,True,True,B,D,,False,True,1.0
7b,dev-esc50-0095,False,train,fixed_daa,cbce6f742c9470f63059695a95e1efb757dd2234ab72db45c67fe67b12ad5bfa,True,False,C,B,,False,False,1.0
7b,dev-esc50-0101,True,car_horn,fixed_daa,df47112e7d15dbdcf701f5227dda5b929920adef775a4ea8ffddbb3343d3ce16,False,False,B,B,,False,False,0.3330151087497925
7b,dev-esc50-0102,True,crow,fixed_daa,cc82282bd2f815ef692fc986c45faedb326a9ca91b76f8bb7957a5bc7587a2e7,False,True,B,B,,False,False,0.5399486062915334
7b,dev-esc50-0105,True,glass_breaking,fixed_daa,92df249ffe9c16c94af83411c189ec516c07b2ea13f4e83b0c1a3bb883284234,False,True,A,B,,False,False,0.6960486592723654
7b,dev-esc50-0108,True,airplane,fixed_daa,ad603690bc731a36b1a025112b0ffcaf7a299c0c349f9ed9f0b4cf65cb95b1aa,True,False,B,B,,False,False,0.4640717799808199
7b,dev-esc50-0110,True,rooster,fixed_daa,14ec88503fbf632836ee6b7bdfcf871f69c6c842ac5c0abb7f0f3f4d2bc4aec8,True,True,C,A,,True,False,1.0
7b,dev-esc50-0111,True,cow,fixed_daa,7df8d415cf747c4560ae4801ee0ede8d8aa0ad8d5985a72e255afcf6f08d427f,True,True,D,D,,False,False,1.0
7b,dev-esc50-0113,True,car_horn,fixed_daa,b8725859b236e77c5a23a45ed084ba5f6eeadd4f482a37f9c4945be0f5b172e0,True,False,B,B,,False,True,1.0
7b,dev-esc50-0114,True,crying_baby,fixed_daa,0531fc37e4af8ccec011aa4f9ccb7a171d00f5ea8589ce75e66b549fdbdd3956,False,False,,,focus_ignore,,,
7b,dev-esc50-0115,True,rooster,fixed_daa,96411d23691206bf4aaa1a72c22cb5b3152e9401ac38728b964e689bde859c1d,False,False,B,B,,False,False,0.35853169667567486
7b,dev-esc50-0116,True,frog,fixed_daa,609e24769feb5c52d015a61bb0d937be5b806e3e230ccafa7c4a4d7b6b83736c,True,True,B,B,,False,False,1.0
7b,dev-esc50-0118,True,train,fixed_daa,4e50b13290fa3810306fdb409b6079cb54b01603a6c3320688675b6631b5d8b5,True,True,B,A,,False,True,0.3342392647597708
7b,dev-esc50-0122,True,sheep,fixed_daa,4532af21db7570aa319a20efdb667676035350f3c8150f7f4c30604d2b078ac3,False,True,B,D,,False,False,0.3309317341232265
7b,dev-esc50-0123,True,footsteps,fixed_daa,322223e7b1f6c75ab2066f43d35677da9586a3aded50cb18c1b22e7be0a34aa8,True,False,A,B,,False,False,1.0
7b,dev-esc50-0125,True,crow,fixed_daa,b143c6a95fa38d711e378442be8e081b32e4b388f9de64763f93a9d40311ae03,True,False,D,B,,False,False,1.0
7b,dev-esc50-0126,True,clock_alarm,fixed_daa,6b9ac0400f2ad4fb1809ad44b2f2c9f2ee293d552b2dec2e4871abbd34e8192b,True,True,D,B,,False,False,0.5730197755775577
7b,dev-esc50-0127,True,footsteps,fixed_daa,90f2e075bfaf901c2dee5e4efb8051d2adafc09962ee456066a96e98f9a54583,True,True,B,B,,False,True,1.0
7b,dev-esc50-0128,True,rain,fixed_daa,f9dfae017f4c6bcec6bdb4271ee79e32e8051eba471667b9d7bacc1e0a579e0a,True,False,A,A,,False,False,0.3198119545943229
7b,dev-esc50-0129,True,footsteps,fixed_daa,62a4c4cab7f70d189145afacee782d2547434e7cb4a3545cf00ecc0f8bd5afa6,True,True,B,D,,False,True,0.16494806351742736
7b,dev-esc50-0130,True,door_wood_knock,fixed_daa,6f06df8948f0d128617804a1727178de158a0a813606ca5f38c2c753b139d44a,False,True,B,B,,False,False,0.3766270576913337
7b,dev-esc50-0131,True,fireworks,fixed_daa,a2d11b8859a6a475ac4401edb49d80f3c6097dc957211f1c15a8179aef519599,True,True,D,D,,False,True,1.0
7b,dev-esc50-0133,False,crying_baby,fixed_daa,6ede00b55e5540af2b92ae6d98e36c1ad23a1f25af2b29b9677328b098c57c6c,False,True,A,C,,False,True,1.0
7b,dev-esc50-0134,True,airplane,fixed_daa,4b6658a3ee0d717109ec83872dc5d7ac638cd9d90cc75032d3563165b32a7357,False,True,A,C,,False,False,0.3509800211048223
7b,dev-esc50-0136,True,frog,fixed_daa,e42d38380617f174766c7a688858ec22bb8768bdfe996e36e309c7053daa601d,True,False,B,B,,False,False,1.0
7b,dev-esc50-0137,True,pig,fixed_daa,3c9d65fe65d47b669671098796466786fa42c308bdf06e1347023a925195f616,True,True,D,B,,False,True,1.0
7b,dev-esc50-0138,False,sheep,fixed_daa,eae87f192959dc85e6181a4372b06d76693dfa51c6a80f971fdda315fd1df04a,True,False,B,A,,False,False,0.3498751360799002
7b,dev-esc50-0139,True,cat,fixed_daa,2497dd2032d4d0841ed4478b308687797dc2c6251630eaa02712dc660559792c,True,True,A,B,,False,False,1.0
7b,dev-esc50-0143,False,dog,fixed_daa,c017e31042d38ff90e6b7e2ebfebbe81ce74e1d1c482762c07b44c62a0470e4b,False,True,A,B,,False,True,0.396364652932782
7b,dev-esc50-0144,True,train,fixed_daa,1470dff153d11555f130257569e024fa0436b3bcb3c522c43059a928508f570a,False,False,B,B,,False,False,0.5668771858010873
7b,dev-esc50-0145,True,dog,fixed_daa,93e71f9679a4f6d4d29059b9876358eff8cb0307a07e4cd885d783edad523b47,False,False,B,B,,False,False,0.3171901109644127
7b,dev-esc50-0146,True,cat,fixed_daa,c38e308a611ffa4e33095b67b995b73c635e996a7890770a96f7a622f16ab2bb,False,False,,,focus_use,,,
7b,dev-esc50-0147,True,dog,fixed_daa,638eb2509169de36c0766b551781139a496e5a74bf56e541808380b857dd5a6a,False,True,B,C,,False,False,0.3066527527561553
7b,dev-esc50-0149,True,sheep,fixed_daa,e217b42e11bacfe0074dcff0ebda5ffcfa32f494d4ebb0d12659713abba757c0,False,False,B,B,,False,False,0.5290784670220744
7b,dev-esc50-0150,False,footsteps,fixed_daa,5baaf51a608eca06b7a5bfd88c6a163f762f5540bbd8a683cf6eb0eeef43467c,False,True,B,B,,False,False,0.5278901988386416
7b,dev-esc50-0152,False,clock_alarm,fixed_daa,8bd2819e91988085b18d1a74246f880297f2454c109839b8db8c6589896b53fd,True,True,B,A,,False,True,0.19543402100340196
7b,dev-esc50-0153,False,footsteps,fixed_daa,141936209d38bf11700fb64d4bd309fe99e0e72bdc49114da2a988705ef964f1,True,True,D,B,,False,True,1.0
7b,dev-esc50-0154,True,cat,fixed_daa,ed9ee0cafa5f0839a914fba3edf5b8b0aae37aa10b9b080bd269b3088091d738,True,False,B,B,,False,False,0.4890918743772486
7b,dev-esc50-0156,True,dog,fixed_daa,cdd921834eea6f9d8fcab695b125d3ce5d9b04a00b00ebb96263361987e8ab66,True,True,B,A,,False,True,1.0
7b,dev-esc50-0157,True,siren,fixed_daa,31bdead7bd55b06643714eb6c42d95b11c7c7bfb25c473a47df215456ad9f112,True,True,B,A,,False,False,0.6448403930969054
7b,dev-esc50-0158,True,frog,fixed_daa,c314a542ad07dbfba191837a87ef6d340402ffd3fb96a9ce1812b62ac5abccf8,True,True,A,B,,False,False,1.0
7b,dev-esc50-0160,True,car_horn,fixed_daa,e4ad3868549e9640b29a8ea01411b71b566f5f7546a0575a3bb1c8765f5a9a58,False,False,B,B,,False,False,0.5075920055865427
7b,dev-esc50-0162,False,cat,fixed_daa,744925590cd55d5d6d070d6fa9c9550c85e675f071298da134bf31387499d8ac,False,True,B,B,,False,False,0.38839783822684776
7b,dev-esc50-0163,False,glass_breaking,fixed_daa,f697ac090bc50d9949e67fa278c427bbcd8e133cb1bf2a10125514a51839c1c0,True,True,A,B,,False,False,1.0
7b,dev-esc50-0164,True,siren,fixed_daa,32cd7450628d21099f34ff4b5a5785ef1ebed2fc199ceab27378b938ff0f8f3c,True,True,C,B,,False,False,1.0
7b,dev-esc50-0166,True,frog,fixed_daa,1f4203186ad16e6668233f0472db43681728a64513921d7a9061e60066d417f6,False,True,B,C,,False,True,0.3686345523029925
7b,dev-esc50-0167,False,crow,fixed_daa,7808075d7715b6a022d6e2c8e947d0dca4c695c1e10ed73c44ca791899709098,False,True,B,C,,False,False,0.32098740682899135
7b,dev-esc50-0171,False,door_wood_knock,fixed_daa,feb68aedb9511110f389829b10528f0818307463f91e42a059e06d21d2b60745,False,False,B,B,,False,False,0.32735777580945236
7b,dev-esc50-0172,False,glass_breaking,fixed_daa,650316b6735853fe6044fbdf239da62b927580fe430949eae0d74200a2d17c9e,True,True,B,D,,False,False,1.0
7b,dev-esc50-0173,True,siren,fixed_daa,e151399d3d17bc96e144ac32fbea8a54d5d4d8f219d57bf2b8bde3933b54f1dc,True,True,D,B,,False,True,1.0
7b,dev-esc50-0174,True,train,fixed_daa,aa60151700f9de57c85d67e10b0ee585fb5087f9c1e0d0672a511d0fae372fa5,False,True,B,B,,False,False,0.7885274873347964
7b,dev-esc50-0175,True,pig,fixed_daa,d9156672422b7be9099769774287369559c86bbda10a833b0d1eb8e4ae508181,True,True,D,B,,False,True,1.0
7b,dev-esc50-0176,True,thunderstorm,fixed_daa,1f25d7158a74edf7aac6e212e7169f6fc36ef1d5b9611fee51c7ea1349f503cd,False,False,B,B,,False,False,0.3296961582447709
7b,dev-esc50-0177,True,thunderstorm,fixed_daa,4aacb888b5adafc4730a30001bcb45275b0a63569f75e598015fb89f69e8c9fa,True,False,B,B,,False,False,0.3449577058209097
7b,dev-esc50-0180,True,frog,fixed_daa,7361d5500fc98de1d2bb9308da2504e4f33c87d37b77b6f381e1a98c6ce0e4a8,True,False,B,B,,False,False,1.0
7b,dev-esc50-0183,True,footsteps,fixed_daa,12b7dba9ced63956831d80920b305c39de172d92982fb29b1bf42e006241f2e1,True,True,B,A,,False,True,1.0
7b,dev-esc50-0186,True,car_horn,fixed_daa,4260a0fe48940328190416d63b654f4e1c3a5ac8bd42a894e65b403270ab6302,True,True,C,B,,True,False,1.0
7b,dev-esc50-0188,True,clock_alarm,fixed_daa,b517cc28f5690df343532acda0c87cfe568788305cb63472c0a35b22c82d3225,False,True,A,B,,False,False,0.3090782727879622
7b,dev-esc50-0189,True,cow,fixed_daa,57e666155ffc193e4087b7e08dcb61e5f2198e8d9b80393a8789a545b712acef,True,True,B,D,,False,True,1.0
7b,dev-esc50-0190,False,fireworks,fixed_daa,91e95b644f60efb6a4aaa88d76c142ba825e9cb7ed15b884c2e0bf4059294a70,False,False,A,B,,False,False,0.15876965055179584
7b,dev-esc50-0191,True,dog,fixed_daa,21ca8b4a1e86a34b618e7cfe9a15a4475509a73452aea630171b5baadde9daf6,True,False,A,B,,False,False,0.33341675008341676
7b,dev-esc50-0192,True,clock_alarm,fixed_daa,59d2bb59f2e51aec66c7b378afa7d829665aa119c769180d05b477543f9b432b,True,True,A,A,,False,True,1.0
7b,dev-esc50-0193,False,rooster,fixed_daa,d09fdf092a4182d067d004e49c8259153ba73c43684792feac2cf2d08dd42006,False,True,A,D,,False,True,0.670104895194111
7b,dev-esc50-0194,False,rain,fixed_daa,4fd147218d145439fbf82948b82450868449867d6b24badef4f23d10b897b84a,True,True,B,D,,False,True,1.0
7b,dev-esc50-0200,True,thunderstorm,fixed_daa,7043fe5f708a436e3566596d675a169e576fa0774c1a88c33e00f4cc18d5fdd1,False,True,A,A,,False,False,0.3289147168143688
7b,dev-esc50-0203,False,footsteps,fixed_daa,3821a0f76706b6ca2bc3243b07e9eea1c3a99c5cd3fc2a72c415f71109d00815,False,True,B,B,,False,True,0.17847050834407197
7b,dev-esc50-0207,True,thunderstorm,fixed_daa,a4f1807e6cb82457569a7a99566ccf580111b2df8559a6f2d8cf027f517c147c,False,False,,,focus_use,,,
7b,dev-esc50-0209,False,airplane,fixed_daa,3da15efc6bb6be399eb58e5e1743e3eb527a20bcb5d1b70b737ffc0ba08873ad,True,True,B,A,,False,True,1.0
7b,dev-esc50-0212,True,dog,fixed_daa,be92ea8291bcae6d11eab75a75db8ee9ff6fbea9354b62760cfb9af1c962c292,False,True,B,A,,False,True,0.37481827089301206
7b,dev-esc50-0213,True,glass_breaking,fixed_daa,1d160edf6bd29550dacb4d90b5d39dde687a8951a0de2924946ae6bb2ee44d17,False,True,B,B,,False,False,0.3863066354070116
7b,dev-esc50-0216,False,car_horn,fixed_daa,36e258600c5d9990bffb9267389a2806803a1be131cb008c30ea2ef5636b03fd,False,True,A,B,,False,False,0.3237444461241782
7b,dev-esc50-0217,False,glass_breaking,fixed_daa,b81ac389a4d0949512affceeaa25069ae672918dbcbb8fab4d02c9db7dfbb171,False,False,B,B,,False,False,0.33104253112033194
7b,dev-esc50-0219,True,sheep,fixed_daa,24f49bfccec6c22a8dcf76a29e4712beef9a3c9bca2d5c4dc1ff752b67a48ec6,False,False,B,B,,False,False,0.5571537377956964
7b,dev-esc50-0221,True,sheep,fixed_daa,931e47058308c2710c69acbbb32a4d87d9581ec2c724acdbe3a6acbae7ae9cf4,False,True,B,C,,False,False,0.382598802633411
7b,dev-esc50-0222,True,airplane,fixed_daa,097e10ce3bdd3b7d5c3fbcfde9668c9b2ad07aea1e29078cce82eb2d443d9dc6,False,True,B,B,,False,False,0.32601610021968674
7b,dev-esc50-0224,False,car_horn,fixed_daa,cc69a115cfb6477fd7676127f86a90f40daf454da33801814639c496c1857022,False,False,A,B,,False,False,0.3739695778838405
7b,dev-esc50-0230,True,cat,fixed_daa,7d8978baac9329ec065c638b00ab9bf97aef70e8dc75d23917a0e0de943c2c89,True,True,D,B,,False,False,1.0
7b,dev-esc50-0231,False,fireworks,fixed_daa,cdc4e0d5ae3c8ff962742fc029152e8a2de06dae86a593f254fa2d4ea61ab15f,True,True,B,C,,False,True,1.0
7b,dev-esc50-0233,True,door_wood_knock,fixed_daa,e56d608b73ca66733e94def000204743b0545c2a15b9de4c4154a8b89ce44839,False,False,B,B,,False,False,0.1592072136172076
7b,dev-esc50-0234,True,siren,fixed_daa,732ba6d31f82cda56323f48504e7af1682b89c96c147f8761c067fa9c449f446,True,True,A,A,,False,True,1.0
7b,dev-esc50-0238,True,car_horn,fixed_daa,08d962114059e0ddcbdf7e31e7382c663532c21dcf0394ba29ebcbdf7a0cab56,True,False,A,B,,False,False,0.35389877139665965
7b,dev-esc50-0241,True,clock_alarm,fixed_daa,5799ac9ab9e1967aecf0e17bd2de16bf116e37afadfb40a323a398d292f45bbd,True,True,C,A,,False,True,1.0
7b,dev-esc50-0242,False,fireworks,fixed_daa,d4dd282097a25307f76de7a5f7c00847b0401836bd7d1be0f1e1a06cb37dd101,False,True,A,D,,False,False,0.32786193525782026
7b,dev-esc50-0243,True,crying_baby,fixed_daa,26deef24311e8213bef31107697acaa9b4bba681f947dbc6a2723437b705aa94,False,False,,,focus_ignore,,,
7b,dev-esc50-0247,False,car_horn,fixed_daa,9714836f05ad6202a09e31efcb9ef133dc875ebffc49104e43cec2c3bfae920a,True,True,B,D,,False,False,0.7103757310556655
7b,dev-esc50-0249,True,cow,fixed_daa,363369a9b8f760bbbc84baf5fe44432cb898ad9d0096bfe171e3e3299c732ebb,True,False,D,B,,False,False,1.0
7b,dev-esc50-0251,False,door_wood_knock,fixed_daa,b546847ec606b844227778e471da805a078a9fb370c6cda9162b1f41dfab873d,True,True,B,D,,False,True,0.20166479093515696
7b,dev-esc50-0252,True,crow,fixed_daa,931bd5661895929ba71ca491c06465eb60a6e55a3c7290689ed00764d3617834,False,False,,,focus_ignore,,,
7b,dev-esc50-0253,False,rain,fixed_daa,1f65b520ba2f068021a6fcde8c3ccc5d6b3a1b7e6a20495b2994462c61d467ea,True,True,B,B,,False,False,0.3616726318434351
7b,dev-esc50-0254,True,clock_alarm,fixed_daa,8cc54a093d209c1bb935ef80473c7c4c8e1e3c7dc8dd1c4eeb406620f8031bbe,True,False,A,B,,False,False,0.6907568946688223
7b,dev-esc50-0255,True,footsteps,fixed_daa,a85a2fa006c213ea8f481f8c2525cbb2f01d4126158ead6ce0e8564f570e0df7,False,False,B,B,,False,False,0.15455605603830466
7b,dev-esc50-0257,False,rain,fixed_daa,4ff6210f6f523455422d84d9922037feeb376b2a25b49ea3d4ca520c1af8825e,False,True,A,C,,False,True,0.19069101610741782
7b,dev-esc50-0258,True,crying_baby,fixed_daa,deef8ac5a222eae072836c522287f3b5e83cb0630c65626cff8f69deb60fe034,True,False,D,B,,False,False,1.0
7b,dev-esc50-0261,True,door_wood_knock,fixed_daa,e97385031e64abef3fef4b624cc7722f9b271dcea6e513b72decb0b9fa8c881c,True,False,C,B,,False,False,1.0
7b,dev-esc50-0264,True,siren,fixed_daa,f01a4b14f39c47575b9b41c41f0da9fc2bc12961a09bd79d60456283587745db,True,False,B,B,,True,False,1.0
7b,dev-esc50-0266,True,door_wood_knock,fixed_daa,f8071619406948838777048e2e52d43e337a0c5fc4cafa51589edfbefd85fe58,True,True,B,B,,False,False,0.16947368046537278
7b,dev-esc50-0269,True,cow,fixed_daa,622e0db6d32afde0d899be500fc0f4c8518abe942bfadaf4bbfbd4b5803a6a47,False,True,B,B,,False,False,0.3454329845255307
7b,dev-esc50-0270,True,footsteps,fixed_daa,33d999107d7cbdc27f99f3a3ce8231a39daebe414c2fe16e93a1d987a340f3d3,True,True,B,C,,False,False,0.16091429063966875
7b,dev-esc50-0273,False,train,fixed_daa,94f7d0e45f7267ddab3efdfb2aed2142c7e42a6c1cf61de1595181a1cc2e9df0,False,False,B,B,,False,False,0.4600540830183972
7b,dev-esc50-0274,False,rooster,fixed_daa,190f50148a21465672a3371688c65369f15213c14ef28d9e0d00e18e58ca05d4,False,False,B,B,,False,False,0.7891343318105593
7b,dev-esc50-0275,True,cat,fixed_daa,39d2f894b55d8b5d8aef7dbdd6c8f05af73dbae82f93d9a05f206a41fd28de40,True,True,A,C,,False,True,1.0
7b,dev-esc50-0276,True,door_wood_knock,fixed_daa,1b38046a525a8bb284d1035a705766ae3114794365fa8dc338e75d1fd33b3466,False,False,A,B,,False,False,0.15790156512698356
7b,dev-esc50-0280,True,airplane,fixed_daa,64fef354784950ea7952757224bb3d276989ffa7c962d88cf4d03b1a62bf48a8,True,True,A,A,,False,True,0.6983683999107342
7b,dev-esc50-0281,True,train,fixed_daa,398538eecc9fb12725e2de8fb7ce6258b3da1a3a4347a5e5d57e7ce3d8f6104b,True,True,A,B,,False,False,0.713645497954344
7b,dev-esc50-0282,True,crow,fixed_daa,603ddf0ed9cd14143e1cb23aa41516387040daf29622f19969c9717fdc28f076,False,False,B,B,,False,False,0.32022376090223453
7b,dev-esc50-0284,True,cat,fixed_daa,85ec8aa5c0bb599c05b9678a43559baf1673de6795a052040232b8faa725eff6,True,True,A,B,,False,False,1.0
7b,dev-esc50-0287,True,cat,fixed_daa,467baaadb314ae01779355f8fd47d7d46f8097f04430afdd4282dc857d84178d,True,False,B,B,,False,False,1.0
7b,dev-esc50-0292,False,cow,fixed_daa,977d074dc7ce4dea0ed02686340d8a32d9a8c0468135efb89e7089440caf75f0,False,True,B,B,,False,False,0.4625525189839263
7b,dev-esc50-0295,False,frog,fixed_daa,f4d8715e6aa2a14dbfdc6425d6b08a8f638accf945476675a73ea571ac030f4b,True,True,B,B,,False,True,1.0
7b,dev-esc50-0297,True,rain,fixed_daa,e29023abb7798f0e0a9c86b37de39ca0383039873e736da4e9d733b83da1efea,False,True,A,C,,False,False,0.3041601841446077
7b,dev-esc50-0299,False,crow,fixed_daa,edaf80d895e97c4c9e584e63497a908ad4e0cfb8f4c90a56f7867f8edc0d04a8,False,False,B,B,,False,False,0.40370313784861783
7b,dev-esc50-0300,True,airplane,fixed_daa,fb0232a485f1d7fdd830a954848618080907e8d869df195173452511d3991aef,True,False,A,B,,False,False,0.6230072820310962
7b,dev-esc50-0303,True,cow,fixed_daa,a57a8a62860a08ab82823228ca624a01b7873a38fcb6a8d3de68f87f4c26d70c,False,False,B,B,,False,False,0.3156023839903958
7b,dev-esc50-0304,True,crow,fixed_daa,62a64e3b5ca9417dd915a72219e2f159d1d12246f2d00b8b3a504a9660706b11,False,False,B,B,,False,False,1.0
7b,dev-esc50-0305,False,car_horn,fixed_daa,1de612b2fda10e564ab63dbf3aa620a078aaf921a92a609fc6992f4d5f20665d,False,True,A,D,,False,True,0.7957189692671717
7b,dev-esc50-0306,True,glass_breaking,fixed_daa,bdaf8b574abaff3ee30f244b6d17db0a02fd7b6ae2535f1e969bd4a32e3d62ab,True,False,B,B,,False,False,0.17764574701630437
7b,dev-esc50-0309,False,cow,fixed_daa,4ea81bdf8ffc6e135473b6dec4dea05186c4e4dd4fe223084219ed6a9fcb5b9f,True,True,A,B,,False,True,0.5758674502633755
7b,dev-esc50-0314,False,clock_alarm,fixed_daa,220f0c054dba33821e13c6113e2f01829d7e41d78a78c464e30944078dcde42b,True,False,A,B,,True,False,0.9201785058895937
7b,dev-esc50-0315,True,sheep,fixed_daa,f691e810e549504a7113ceb5376eed932cb2fb2dc4f025742023cc4f1e2cc3a4,False,True,B,A,,False,True,0.32706833648028977
7b,dev-esc50-0316,True,crow,fixed_daa,b4c71324835f196ca78a65ef4b7986b68f8a209ab4fba6f3792ba01413f6500f,True,True,D,A,,False,True,1.0
7b,dev-esc50-0320,False,siren,fixed_daa,285a3acf671b0f5812fe5b0f8d092585cf61c49f86900f1ad1933e04b6bc3438,False,False,,,focus_use,,,
7b,dev-esc50-0322,False,cat,fixed_daa,f582e53378758d5eb7e466fd1c309ec8b6301ac103e25790f570d4672cf74756,True,True,D,A,,False,False,1.0
7b,dev-esc50-0325,True,pig,fixed_daa,bcc45b97a77d93805c5825569ca6e17f02b084f6146d0b1251e4e43b4670b8c7,True,False,C,B,,False,False,1.0
7b,dev-esc50-0326,False,crying_baby,fixed_daa,fc49c16f0900b8447288daca654b9df38cf2474388e0155bd95ed917947d0dce,False,True,B,B,,False,True,1.0
7b,dev-esc50-0327,True,crow,fixed_daa,f879b875448f290fe2954d5fd087c7b80666e53f60d525156889b12af88274f5,False,True,B,C,,False,False,0.3327010234250625
7b,dev-esc50-0328,False,pig,fixed_daa,b3e833a04d244931c79ed7095901fdefd02b211e381b1b336dd4a05131f5090c,True,True,C,D,,False,True,0.5207790039408915
7b,dev-esc50-0330,True,clock_alarm,fixed_daa,91cf8eb3e99f7aebeb9c073417e880a37fe74ad687db5f6a53181dbf1d8fc5a3,True,False,D,B,,False,False,1.0
7b,dev-esc50-0332,True,crying_baby,fixed_daa,ddec0eb42a18930e8b195f172effb2250cda48c552992ba34018913e98a9466e,True,True,B,C,,False,False,1.0
7b,dev-esc50-0334,True,cat,fixed_daa,052c9b74aba3e49e10603b0649372955c7035cce7727b825c196bc8a555d15a7,True,True,D,B,,False,False,1.0
7b,dev-esc50-0335,False,fireworks,fixed_daa,3d3c4bc308463661f8206f64163c6a258e49624b0a0902af1fe788cf3392f1d1,True,True,B,D,,False,True,1.0
7b,dev-esc50-0336,True,dog,fixed_daa,83c00ecaf2ca38838549ae96f04b40d5da0a13f9e3fffcb2bab3bd41eb5611de,True,True,D,A,,False,True,1.0
7b,dev-esc50-0337,True,rooster,fixed_daa,071a5f3a1268372dfba290b2ac2d1552e8bb604652c251dffd0a80a9c650407d,True,False,B,B,,False,False,0.692537255959028
7b,dev-esc50-0339,False,car_horn,fixed_daa,648b2869a3a1a2011081866ea39604d244790d246581dd1bf72510e9e55b62b0,True,False,D,B,,False,False,1.0
7b,dev-esc50-0341,True,train,fixed_daa,78d4c1f25068f3e1bb067dd3c64253057fb97834909fbcf80bda450ac6ed777e,True,False,B,B,,False,False,0.5085154944746832
7b,dev-esc50-0343,True,sheep,fixed_daa,82ee656716f49c3b88c5622545cb5397f8c5c415809698d787991e3806ceecd4,False,True,A,C,,False,True,0.3561643637830637
7b,dev-esc50-0344,True,cat,fixed_daa,84c7337eefd1c9cab84b43211a370e380ba4706472d3a3935b779b948f22155b,True,True,D,C,,False,True,1.0
7b,dev-esc50-0345,True,glass_breaking,fixed_daa,c90d8bfaeb2f4ae0d11266657e3530c296cdee33d6b10417d24fc2dfaef6a42b,False,True,B,B,,False,False,0.6772224629494251
7b,dev-esc50-0346,True,airplane,fixed_daa,76c0196cfdbb1ab337507e7a3e2e8c78c6014b6c4aac4dad7128983dafcb5a71,True,True,A,A,,False,True,1.0
7b,dev-esc50-0348,False,airplane,fixed_daa,f775b5f2895466916dfd8b99dfc3ad3c979c70aa0564697bd4a6e5a7b9a35716,True,True,C,B,,False,False,1.0
7b,dev-esc50-0353,True,thunderstorm,fixed_daa,b6d3d9b922a7249f9e971b571eaa34b3b594d4823cd79c923f7059f9c7436fab,False,True,B,B,,False,False,0.14545202873919366
7b,dev-esc50-0354,True,siren,fixed_daa,63435c2b26a1f97813414a9784362f6d21c2e702cd69a7b5fae9ff1a25523c5f,False,True,B,B,,False,False,0.7160994057266343
7b,dev-esc50-0355,True,rooster,fixed_daa,c7361f264ba693f5a8fa80ba7bedacb9ed7b3277efdffd59ec46688b1cca15c5,True,True,A,B,,True,False,1.0
7b,dev-esc50-0358,False,sheep,fixed_daa,9e7dcef56881f3010884332f7875e4a7a615bc7e983e9bdaec4d74552dceb167,True,True,B,D,,False,False,0.31202937710124423
7b,dev-esc50-0360,False,dog,fixed_daa,9ef4b655decb1aee06a3842f2b71784a24f65c2f91712f80505e8a50bc1fed26,False,True,A,B,,False,False,1.0
7b,dev-esc50-0363,False,thunderstorm,fixed_daa,8a3e6efda4536ea0ccfe9197f662f5f763d3145936cad379c73824b25663c04e,True,False,A,B,,False,False,1.0
7b,dev-esc50-0367,True,rooster,fixed_daa,05859cd01984026513c4675da5045935f7006e1cf11348dfaa6447f3a3cc8598,True,True,D,D,,False,False,1.0
7b,dev-esc50-0368,True,airplane,fixed_daa,ed58630afbe17a477a1265e88db56a716c783377e735a44be66f4feec5beddec,True,False,D,B,,False,False,1.0
7b,dev-esc50-0369,True,rooster,fixed_daa,39730431f05af8f90b95c03a3cefec329e18ca3861709c8186e21a84c40e80ae,False,True,B,C,,False,True,1.0
7b,dev-esc50-0371,True,clock_alarm,fixed_daa,755a085a8e91db3c8fae239c1ba18552f80c970e5a50f70ddd15bfce97dbfdb2,False,True,B,A,,False,True,0.16480891719745222
7b,dev-esc50-0375,True,crying_baby,fixed_daa,bb6bf8d64c6a61550996039eca4c1c2e4b00548043bcea9a75f96a4d7d24b5fc,False,True,B,D,,False,True,1.0
7b,dev-esc50-0378,True,clock_alarm,fixed_daa,a18d09cb007c0851a65060e3a125f6afb9a81ff6eb35773ba03c0da30c6ba841,True,True,B,B,,False,False,0.3557876207301463
7b,dev-esc50-0379,True,crying_baby,fixed_daa,d769b28a080fc55dc16df08b45f87b86cd545c45c0390de57d649e4b27b01e76,True,False,C,B,,False,False,1.0
7b,dev-esc50-0380,False,crow,fixed_daa,7c99d54c7245b28689bda0b7e1ffb80d99a0b157750b2bedcd3f66c6c3fae71a,True,True,B,A,,False,False,1.0
7b,dev-esc50-0381,True,clock_alarm,fixed_daa,3dff1d5a5566eec5681a6dba73bb6879a2b9cac9f910ad419a2086191ba9123c,False,False,,,focus_use,,,
7b,dev-esc50-0383,True,pig,fixed_daa,b4d6001194c50f46806835759f467e4f6e0195163a27fe1fc2c6090f43c47ee6,True,True,B,C,,False,True,0.32685362076584623
7b,dev-esc50-0385,False,siren,fixed_daa,f0728e15077ecc186fd2b797b563176cb7ccf332e3d917f63f0ad5f56f9ebe8c,False,False,A,B,,False,False,0.7272249356669336
7b,dev-esc50-0386,True,crying_baby,fixed_daa,05115891331a2d2eb1d4b07fd3355d83d7117318aab1371622510b22784db5f3,False,True,A,A,,False,True,1.0
7b,dev-esc50-0387,True,cat,fixed_daa,8f368808943352cdbb5eafd9b8a21ba4dee832742699aae043c5ab185522383f,False,True,B,C,,False,False,0.6050389930963128
7b,dev-esc50-0388,False,siren,fixed_daa,75bb34d64e6d52b22df5d3d8fa7d8317934af7c2fd56692b8208b78310239b53,True,False,C,B,,False,False,0.8400664575313179
7b,dev-esc50-0390,True,door_wood_knock,fixed_daa,e63d29dfe7310818203c0a3311cd9084685aed08998b25f2ded25e2baf22495d,False,True,B,C,,False,True,0.37271980021230505
7b,dev-esc50-0391,True,crying_baby,fixed_daa,2723129a0ef3facec4edab0f57c0c69f8850fd1bac9a12a05efc9f4ef5e11607,False,False,A,B,,False,False,1.0
7b,dev-esc50-0392,True,siren,fixed_daa,17a9b4aeb83ede02e3494b14ea97fc1665e4bee5de87b597a1679e07c49ae51d,True,True,A,A,,False,True,1.0
7b,dev-esc50-0393,True,car_horn,fixed_daa,5c004d3ca6c1acf9c08f7d38ca5b6632078af1789e735005d3a56abee6fd7749,False,False,A,B,,False,False,0.5163700804223531
7b,dev-esc50-0397,False,siren,fixed_daa,742a9631186173fe1a21f0342ad151bad58596eb994f0a91388c890c2ffea7c9,True,True,B,B,,False,False,0.16073009475624922
7b,dev-esc50-0398,False,crying_baby,fixed_daa,b87bb1261d373e38d9b3af2e991ee56d5759b5541e9677cfa9191c786258e48f,True,True,A,D,,False,True,1.0
7b,dev-esc50-0400,True,rain,fixed_daa,645562bf158991962ff480827e5dee2d5576f9c0fd823d001825902c625e566f,True,True,B,C,,False,False,0.15473010682039132
7b,dev-esc50-0402,True,thunderstorm,fixed_daa,57f3ec266ccb3e3aef4963221d0aa3e738970881284fcbdb76997b0492cda116,False,True,B,B,,False,False,1.0
7b,dev-esc50-0403,True,door_wood_knock,fixed_daa,893d4a9c2b387cf5401110e6373156ccdb0bc6b120333067a23ec1db81ef57d1,False,False,B,B,,False,False,0.6177125048924256
7b,dev-esc50-0404,False,rain,fixed_daa,8f64116107a8f52e9ae5bbae5356e009365a3d6c9230a4fb977b6b53506b1079,False,True,B,B,,False,False,1.0
7b,dev-esc50-0405,False,glass_breaking,fixed_daa,a67dd68b43886cae33e731115bb4d20741a03aa12be99b1036ba95967cf86e71,True,True,B,C,,False,True,0.4251313485113835
7b,dev-esc50-0408,False,crow,fixed_daa,1a35d0f7ecf33211fc13aecba0754403de2b39544dd6ab4ba4bebe37fb6ab677,True,True,B,B,,False,False,1.0
7b,dev-esc50-0409,True,airplane,fixed_daa,0462efe7b309b7ab6dee26b2b141e623f7eeb2e622dcb40c582a3f4f3b6e079d,True,True,A,B,,False,True,0.5119106247233264
7b,dev-esc50-0411,True,fireworks,fixed_daa,ef4c8d1ebb458151ec2b1a93cf1711f93e8e3a1e521de8a4a336ffbec01e05bc,False,True,A,B,,False,False,1.0
7b,dev-esc50-0414,True,train,fixed_daa,6fa070d6a7fd01a0e37c2d98facd58704b6a62396b3ef454c49f2dc8055bd7b7,True,False,D,B,,False,False,1.0
7b,dev-esc50-0417,False,fireworks,fixed_daa,eb00f4b69fc8566d75fcb7447377896b1deeb598045c1554b6f937bf7355e807,False,False,B,B,,False,False,0.3307744090338162
7b,dev-esc50-0418,True,glass_breaking,fixed_daa,52528f041fe4e6734f31d8b0598090cec0f98f1c8f760b24fbc929d6ee63591b,False,True,A,B,,False,False,0.3672298467219601
7b,dev-esc50-0423,True,cat,fixed_daa,3c7760b71b5d8695dfb380bb28ede932c1a301326478405f49efcb24888858f2,True,False,A,B,,False,False,1.0
7b,dev-esc50-0424,False,door_wood_knock,fixed_daa,4ff3abd6791fab77a76a58e843437b313111656751179a8fc72c9a9cf04043e0,True,True,C,B,,False,False,1.0
7b,dev-esc50-0425,True,fireworks,fixed_daa,b851fe0e3bb0f5f201d6adde1e5aba4b864222f197f518c5d686a0b5397cb9b5,False,False,B,B,,True,False,1.0
7b,dev-esc50-0426,True,footsteps,fixed_daa,b6f4da0d362a7192c2d6af7516069a883715b6eacf7b4b3e624c3cdbae7890de,True,False,D,B,,False,False,1.0
7b,dev-esc50-0430,False,frog,fixed_daa,cce0bdff99d25abca7f03a0562aa8e7305c126658f53e8e388a9b8d1da026564,True,False,B,B,,False,False,0.30628254959898693
7b,dev-esc50-0431,True,pig,fixed_daa,b201fa5ad4e05bce1e5c88c66f4bd3040786e56688f404b1c65bd9c60720efe4,True,True,A,D,,False,True,1.0
7b,dev-esc50-0433,True,fireworks,fixed_daa,7cf91d5bb417ada604d50d11949d99c1ce1bd0d4a914e42669fa3eb0ff4e74a7,True,True,D,B,,False,True,1.0
7b,dev-esc50-0435,True,thunderstorm,fixed_daa,1a1b698be1e598f8dc46a73ac264b25778b67fca6209e30c78f211aaf41f1e41,True,True,A,B,,False,False,1.0
7b,dev-esc50-0436,False,train,fixed_daa,9d02501f2a1fef8fde3945d1b307aa9a6fa9d1885e1ea70aebf953be548b8c9d,False,False,B,B,,False,False,0.4839561850802644
7b,dev-esc50-0438,True,pig,fixed_daa,c07771910493ed23a1768c5ff312ca7fb1b9d9f9154da31849545aa936da618c,True,True,B,B,,False,True,1.0
7b,dev-esc50-0439,False,cat,fixed_daa,8096d78f795bd8b188e75d1a6de2000bd863792df32118ec9173a01fe97d3478,True,True,B,C,,False,False,0.31943044803477083
7b,dev-esc50-0440,True,thunderstorm,fixed_daa,b5001798deb3a305341ef5441f38d905f1929263b838080d81f1f110d70a9ad3,False,False,B,C,,False,False,0.3311467092957678
7b,dev-esc50-0443,True,cat,fixed_daa,28714cf43211e0d615d4d928d9377f5f9e34d2b35c5a471af681290e99a7c17f,True,False,B,B,,False,False,0.646455770357352
7b,dev-esc50-0445,True,train,fixed_daa,80a1783eb3767675a0e3d8df97a64c203bee5a43d56f450e2666a965e103b21e,True,False,A,B,,False,False,0.5731713787454422
7b,dev-esc50-0446,True,rooster,fixed_daa,ef210d7071373b7c80039fc643a1325629ce71476c2b2076a935e541a32d8cb4,True,False,B,B,,False,False,0.16253580169061455
7b,dev-esc50-0448,False,car_horn,fixed_daa,2094538710d534e74758b411e97bbc4295daeb0a5e2a14dba8f5ed2bbc938c6d,False,True,A,A,,False,True,0.36791133068818943
7b,dev-esc50-0449,True,rain,fixed_daa,66b4bfd77adc082a6ed7104f09b250254d2174d6a6fe9cad24591c6c41fe6f0e,False,False,B,C,,False,False,0.659844647003113
7b,dev-esc50-0450,True,fireworks,fixed_daa,36361f06f6390390ed21cdccdd2a0b3abafb85fc737a14b1b02799a9f983d437,True,True,A,B,,True,False,1.0
7b,dev-esc50-0453,True,airplane,fixed_daa,55641fcbec7eeaa6e3a699e81e37d6af47223a80a5ddc9de79b67fe809b7d8d1,True,True,B,C,,False,True,1.0
7b,dev-esc50-0454,False,footsteps,fixed_daa,7b0cacbdecb4710166d535e5314b15acc033e0fe5b9763d591028c294156c69b,False,True,B,C,,False,False,0.16989379927092502
7b,dev-esc50-0456,False,dog,fixed_daa,5acec6c2f1bcdcd21e2d017a911f54f9177844cb7751e6229974dbe5bc242e41,True,True,C,A,,False,True,1.0
7b,dev-esc50-0459,True,clock_alarm,fixed_daa,c09d06a669e2daefe3da586aeeded896ec004f7c1392aef9d8aca61a4de92583,True,True,C,A,,False,True,1.0
7b,dev-esc50-0460,False,sheep,fixed_daa,f63059d65a9f1df55e612871495488f557edf5ac6a61abf65a81c2f58bd06f2b,False,True,B,B,,False,False,0.16865971603709332
7b,dev-esc50-0462,True,train,fixed_daa,9756f2e5b8e02de0bda5fe1e0f89687b888a54156a646f96e3e1a6d9407e4aa3,False,False,,,focus_ignore,,,
7b,dev-esc50-0464,True,train,fixed_daa,79b6fd1f08395baf7448cb590fb217165a6634a7596197fe4968462d6f7ab95f,True,True,C,B,,False,False,1.0
7b,dev-esc50-0465,False,airplane,fixed_daa,bea7d2830ffba872ff44953f9b926d5ef612ab127c609cb2712658623bf4ad29,True,False,A,B,,False,True,0.8360318603382433
7b,dev-esc50-0466,True,car_horn,fixed_daa,1b005b9660b47e32a73d4ad477fcdd82f68414be3245abff2a80a61a1a755538,False,True,B,D,,False,False,0.382061131103701
7b,dev-esc50-0467,True,door_wood_knock,fixed_daa,af46ae539eaea8bd8e540710a96b1e61a0df8c62e9313a7c5dbef33745b9ca1f,False,False,B,B,,False,False,0.3310818927772193
7b,dev-esc50-0468,True,fireworks,fixed_daa,e75bbdc8e05ba691543cb2e49429e2c2a92adb7e4948ef61073f6fdaf3d70a9e,False,True,B,B,,False,False,0.15468408132248482
7b,dev-esc50-0469,True,siren,fixed_daa,8caa801f3cff17634b7b5c4507db69306b9f4d50a5fa41329b4395f9724b6281,True,True,B,D,,False,True,0.20779995528801967
7b,dev-esc50-0470,True,clock_alarm,fixed_daa,c6eb81150c2f726d96d4f6b272e0e4fd399c20f16e4cb317bd54b2ea711d06c5,True,True,D,B,,False,False,1.0
7b,dev-esc50-0471,True,rain,fixed_daa,7fc63ca490c2566c8e6625e63839474ce231704fde2a70c7693ab4bdd669e130,True,True,B,C,,False,True,1.0
7b,dev-esc50-0472,False,rooster,fixed_daa,a60389c470889adfbac6e7d5314f2ddd47894bbcdc796a297553ed59e132fcd1,True,False,B,B,,False,False,0.31156994649574854
7b,dev-esc50-0473,True,crow,fixed_daa,81e3238c978d75e1d8390e6885f2040550ab7ceac3c319fb810889ce2949f079,True,False,A,B,,False,False,1.0
7b,dev-esc50-0476,True,clock_alarm,fixed_daa,c8f29ea35c771ef7d47a2da8d20510b2a676fa1d38510c076ba9839914c05162,False,True,A,A,,False,True,0.37471864106609465
7b,dev-esc50-0477,True,train,fixed_daa,e5d622d7faaef358a218e0b6fa68cd5508334c1dbf8757204d729fe672a40d77,True,False,B,B,,False,False,1.0
7b,dev-esc50-0478,True,dog,fixed_daa,9a24fd315142f9e0959dee7bebd34860e117babf4db06d8d58c826afe20c267b,False,False,B,B,,False,False,0.34021234195914274
7b,dev-esc50-0001,True,siren,declared_daa,0512cf0097ea06026cbbd0923d94a6aa4f2fbeae336f9b9c56462fdb65efe02e,False,False,,,block_declaration,,,
7b,dev-esc50-0002,True,fireworks,declared_daa,82e49db9fd03d02e0745820a94d1941a9692ee99f2634ee2a0901678aecda0e0,False,False,,,block_declaration,,,
7b,dev-esc50-0003,True,clock_alarm,declared_daa,a939f6f1b079143f877299610a111b549f217561acf05f3f8d4e02c8d0a267aa,True,True,B,B,,False,False,1.0
7b,dev-esc50-0009,False,door_wood_knock,declared_daa,8dd990e1be33dcf60b4bb6897387dad9a7f5f309e32c231423cc39ca72d03f3f,False,False,,,block_declaration,,,
7b,dev-esc50-0010,True,car_horn,declared_daa,17bd259ba7c5f364907b2abdd4c3a117541e6d2f7148d115a59fb84f066c13fe,False,False,,,block_declaration,,,
7b,dev-esc50-0011,True,siren,declared_daa,eb8151794e1914ed77ac34dd91c0768e8232d12ebeacfb87ab163476c481fb83,False,False,,,block_declaration,,,
7b,dev-esc50-0013,False,cow,declared_daa,607492545a392ec4f9430ec3bfdbb4a6176092440660cab3d7b9cad804155002,False,False,,,block_declaration,,,
7b,dev-esc50-0014,True,dog,declared_daa,35744dd704733b74c727e8799d2b7edcefd87caa8e9ca3d49c2743d3313ed87e,False,False,,,block_declaration,,,
7b,dev-esc50-0015,True,crying_baby,declared_daa,9e8d8c202081221c0eeeea5e63d8921b3bb9e1f2a2d14f0d8cf1219394913393,False,False,,,block_declaration,,,
7b,dev-esc50-0016,False,siren,declared_daa,f4f9c8f4f2d040abf8ab0f5db89b4c56e55d4d8095c04c0eeb00674188a5716a,False,False,,,block_declaration,,,
7b,dev-esc50-0017,True,rain,declared_daa,9e6cd6be987ca15907674fb3463bf6bc8747ebb97fd04da62523ffbc4df1f19f,False,False,,,block_declaration,,,
7b,dev-esc50-0018,True,thunderstorm,declared_daa,eee90f350ce4874f6fe9d7905e3ae6a53f05fcb91910c6714fc84ce17d907df9,False,False,,,block_declaration,,,
7b,dev-esc50-0019,False,cat,declared_daa,178f35da5d8a130d9ba9dd5e47498ec45af8972152b19fc312b27c499d9bc246,False,False,,,block_declaration,,,
7b,dev-esc50-0020,True,glass_breaking,declared_daa,c8ff4eadec38ef3305194d1e6896e82e297183755e6536175bc5d225650c537f,False,False,,,block_declaration,,,
7b,dev-esc50-0023,False,crow,declared_daa,f468c04c3dcfdca699ceb78984bf96a0be56c081df7a63d30f5c0b2f58617832,False,False,,,block_declaration,,,
7b,dev-esc50-0025,True,sheep,declared_daa,64319841650d658c4ca1e92cadbcf992e62b669a84d71edac72de98836b9a0a9,False,False,,,block_declaration,,,
7b,dev-esc50-0026,True,crow,declared_daa,cb7365d1763e189cb90ae07a004b9221a91501b187e6205ead854aa99d8a800e,False,False,,,block_declaration,,,
7b,dev-esc50-0028,True,sheep,declared_daa,f5f8bde72c7a96b466bd84cf59c4a14e4c048cf2efd25fe03d08def659475018,True,True,B,A,,False,True,0.32480055216093867
7b,dev-esc50-0029,True,pig,declared_daa,912a3f118bec229e7c1a939e83b27b29d653bc28b22c31ff00e233aca570231b,False,False,,,block_declaration,,,
7b,dev-esc50-0032,True,car_horn,declared_daa,2cf6ce99ea1a679b494226afa5fad3a5bb20f7547e53d52464794639a05c849c,False,False,A,A,,False,False,0.44767946150556204
7b,dev-esc50-0033,True,rooster,declared_daa,f9569051af8f8cd849cc1de0e1374d3968fd5ab1f29dc577b387ed7db07da60c,False,False,,,block_declaration,,,
7b,dev-esc50-0037,True,thunderstorm,declared_daa,5bd2a2e3813397f8c3993d1af6aef6c1e81ab5a4499a9785cebdb3c518eddc53,False,False,,,block_declaration,,,
7b,dev-esc50-0038,True,door_wood_knock,declared_daa,93e26ca77f742fad6294dcf00ad3b049114eae12f0fffa1dd5cc9957b332f85b,False,False,,,block_declaration,,,
7b,dev-esc50-0039,True,footsteps,declared_daa,571b963f6a867bda4a67006d26ed6aa1af60a249a03269fa10a7752a83336f25,False,True,A,A,,False,True,0.2775502337011516
7b,dev-esc50-0040,False,crying_baby,declared_daa,13c5df67c265a79db5eaecd09405ba7812bf3b1c23bb1d71f96ae999966caf60,False,False,,,block_declaration,,,
7b,dev-esc50-0041,True,airplane,declared_daa,537d258344f2292ea2b48a068e7afc2bf249e205db28f9ebdf3ff4b98b906627,False,False,,,block_declaration,,,
7b,dev-esc50-0042,False,train,declared_daa,7a5c54fc74575b16f6bb79c0b602b73798b3654709e2bb89efbedd28ccda1362,False,False,,,block_declaration,,,
7b,dev-esc50-0044,False,sheep,declared_daa,ee22b0bc9ec6453f6ab609ab1018dbdbe2edd421a327f499ea63964e2cd89a00,False,False,,,block_declaration,,,
7b,dev-esc50-0045,True,door_wood_knock,declared_daa,605dc4029fba2085b36423ab1a3f2e2c8d872d8de0133cfa645da03e21168e62,False,False,,,block_declaration,,,
7b,dev-esc50-0046,False,clock_alarm,declared_daa,f3186b88dee804da9201076766c15fbeceb1999e0a1fe92354c047a7cf299d9c,False,False,,,block_declaration,,,
7b,dev-esc50-0048,False,dog,declared_daa,9a23409c1a0ea2435e83e7ac63354a8f7bc661d536c997bbf1ee78f441f252b6,False,False,,,block_declaration,,,
7b,dev-esc50-0049,True,cow,declared_daa,aa11a756c23accd87cb1a531c23e04a59f27c2fd669f6557c0a0a0f872bd498a,False,False,,,block_declaration,,,
7b,dev-esc50-0053,False,cow,declared_daa,8242ea8d329d9b3e7dbbc1e5c5cfa7bf7adb94a00003882a07c76e5f24ac9725,False,False,,,block_declaration,,,
7b,dev-esc50-0055,True,airplane,declared_daa,111d4475970d0a01c7d8c7ad53a4c1d68de07980322f596878fb0e394dd683a2,False,False,,,block_declaration,,,
7b,dev-esc50-0057,False,thunderstorm,declared_daa,8173dce80f8494bc260e095aec8c3f32cd91e8d8060183bd1901312fde032923,True,True,A,A,,False,True,0.6983236931779124
7b,dev-esc50-0058,False,thunderstorm,declared_daa,a133a5ab56d327d45bc0ba3bab500380a9a0cbfee650287ef472ed93c1ec8334,False,False,,,block_declaration,,,
7b,dev-esc50-0059,False,sheep,declared_daa,8c946a89b3f166e8f5970744fc53ea2e622bce64bff7199e540fbb4182944b64,False,False,,,block_declaration,,,
7b,dev-esc50-0061,False,footsteps,declared_daa,089b6df15ac8110dab024a281130e7691403bda27cf1d3b1b74d6846dd737a42,True,True,A,D,,False,True,0.6020599049605436
7b,dev-esc50-0062,True,thunderstorm,declared_daa,a21aa2c9f7131976037c511a02f8420dafd32ccd07cccf9125349c68b4a4d0ee,False,False,,,block_declaration,,,
7b,dev-esc50-0066,False,frog,declared_daa,3ab712ff3bae8e9c5de69c81869000ec391e970ec39f71fec4fa129178eaebc8,False,False,,,block_declaration,,,
7b,dev-esc50-0067,True,glass_breaking,declared_daa,d8308f14525556839e1a641c6ad33f0394ebf1a7081e43ef2018e2520158bba3,False,False,,,block_declaration,,,
7b,dev-esc50-0068,True,thunderstorm,declared_daa,1aa3bd4197e6feb5f37350b8903ad6c137b44bdbfef036b58d97de11ac560f11,False,False,,,block_declaration,,,
7b,dev-esc50-0069,False,car_horn,declared_daa,9e4d1db58a242adac5c2c8cc546ebe4905f25334201c3b50ede70de13928b323,False,False,A,C,,False,True,0.6796147433923394
7b,dev-esc50-0071,False,glass_breaking,declared_daa,6ca4130ef03ea708721a3f1b985213737b9f6fdc83b6605397739a6c832059f6,False,False,,,block_declaration,,,
7b,dev-esc50-0072,False,frog,declared_daa,6a4b614a38403a2a0eb965969c9b0b41fc68a8983fb81d9d33bd307c32a5b50a,False,False,,,block_declaration,,,
7b,dev-esc50-0073,True,footsteps,declared_daa,67fca08ed38ee7c16c869a92812d95bb2201cdd716ff2aaf2208499a56af0f1f,False,False,,,block_declaration,,,
7b,dev-esc50-0074,False,crow,declared_daa,e518c0007851d3c4afa8392672f94f514f9048c433964e5b05d8446d6344e12d,False,False,,,block_declaration,,,
7b,dev-esc50-0075,False,cat,declared_daa,6e22d6b090991226ffc62cae9a0226de9f46988d464212887e6fa525c677c88d,False,False,,,block_declaration,,,
7b,dev-esc50-0076,False,pig,declared_daa,56b466d8f1a86ac3632d68cef22f248630b117c50e8f757100afd393f40cfd87,False,False,,,block_declaration,,,
7b,dev-esc50-0077,True,thunderstorm,declared_daa,207562b965e51145aa11cb3c14edb4d7703bc5c6878287b52f0c443e928c92de,False,False,,,block_declaration,,,
7b,dev-esc50-0078,False,rain,declared_daa,ba131e9aac12deaf16ce09bbf56308c28bebfc0422d2b15e365bc7817000e3a8,False,False,,,block_declaration,,,
7b,dev-esc50-0079,True,car_horn,declared_daa,c19fc60bf65f96367d299bd7cd5ba00e2cdc96d1555489f0324385ba3d0e5976,False,False,,,block_declaration,,,
7b,dev-esc50-0080,True,frog,declared_daa,d4cf32b5cebe89bb46922d1e6e6af49979594cedd0f69b29bb04d8123de0b474,True,False,B,B,,False,False,0.18782321774167962
7b,dev-esc50-0081,True,cow,declared_daa,d02900eff2669f44e8f816d1cf14cfbc4c3beb885b019f0b91bd3e0bb10cab2d,False,False,,,block_declaration,,,
7b,dev-esc50-0084,False,glass_breaking,declared_daa,ca28c065005c90e7b563b47920b8a6df0da18c0ad7896a4feab751bc85e8445a,False,False,,,block_declaration,,,
7b,dev-esc50-0088,True,glass_breaking,declared_daa,939c41a64f103ccdad5ab43313ee4ea90453a8caba293fb365fe8890814761c8,False,False,,,block_declaration,,,
7b,dev-esc50-0090,True,glass_breaking,declared_daa,5c04f188728b2269e506671a0c773eb76ca6ceed09584d12769adca3cb4e94b7,False,False,,,block_declaration,,,
7b,dev-esc50-0091,True,frog,declared_daa,e090ff48d87902a44ac7ee7df6e4bf1055f221722de47de0a72c6a2825b146b0,False,True,A,A,,False,False,0.28340000398033716
7b,dev-esc50-0094,True,rooster,declared_daa,0f3f0fc1a109e93b14511bb764cda71483945dd4cc7ec209a3c2c542def337f0,False,False,,,block_declaration,,,
7b,dev-esc50-0095,False,train,declared_daa,cbce6f742c9470f63059695a95e1efb757dd2234ab72db45c67fe67b12ad5bfa,False,False,,,block_declaration,,,
7b,dev-esc50-0101,True,car_horn,declared_daa,df47112e7d15dbdcf701f5227dda5b929920adef775a4ea8ffddbb3343d3ce16,False,False,,,block_declaration,,,
7b,dev-esc50-0102,True,crow,declared_daa,cc82282bd2f815ef692fc986c45faedb326a9ca91b76f8bb7957a5bc7587a2e7,False,False,,,block_declaration,,,
7b,dev-esc50-0105,True,glass_breaking,declared_daa,92df249ffe9c16c94af83411c189ec516c07b2ea13f4e83b0c1a3bb883284234,False,False,,,block_declaration,,,
7b,dev-esc50-0108,True,airplane,declared_daa,ad603690bc731a36b1a025112b0ffcaf7a299c0c349f9ed9f0b4cf65cb95b1aa,True,True,B,D,,False,True,0.3800396072528184
7b,dev-esc50-0110,True,rooster,declared_daa,14ec88503fbf632836ee6b7bdfcf871f69c6c842ac5c0abb7f0f3f4d2bc4aec8,False,False,,,block_declaration,,,
7b,dev-esc50-0111,True,cow,declared_daa,7df8d415cf747c4560ae4801ee0ede8d8aa0ad8d5985a72e255afcf6f08d427f,False,False,,,block_declaration,,,
7b,dev-esc50-0113,True,car_horn,declared_daa,b8725859b236e77c5a23a45ed084ba5f6eeadd4f482a37f9c4945be0f5b172e0,False,False,,,block_declaration,,,
7b,dev-esc50-0114,True,crying_baby,declared_daa,0531fc37e4af8ccec011aa4f9ccb7a171d00f5ea8589ce75e66b549fdbdd3956,False,True,A,A,,False,False,0.09928691028336356
7b,dev-esc50-0115,True,rooster,declared_daa,96411d23691206bf4aaa1a72c22cb5b3152e9401ac38728b964e689bde859c1d,False,False,,,block_declaration,,,
7b,dev-esc50-0116,True,frog,declared_daa,609e24769feb5c52d015a61bb0d937be5b806e3e230ccafa7c4a4d7b6b83736c,False,False,,,block_declaration,,,
7b,dev-esc50-0118,True,train,declared_daa,4e50b13290fa3810306fdb409b6079cb54b01603a6c3320688675b6631b5d8b5,False,False,,,block_declaration,,,
7b,dev-esc50-0122,True,sheep,declared_daa,4532af21db7570aa319a20efdb667676035350f3c8150f7f4c30604d2b078ac3,False,False,,,block_declaration,,,
7b,dev-esc50-0123,True,footsteps,declared_daa,322223e7b1f6c75ab2066f43d35677da9586a3aded50cb18c1b22e7be0a34aa8,False,False,,,block_declaration,,,
7b,dev-esc50-0125,True,crow,declared_daa,b143c6a95fa38d711e378442be8e081b32e4b388f9de64763f93a9d40311ae03,False,False,,,block_declaration,,,
7b,dev-esc50-0126,True,clock_alarm,declared_daa,6b9ac0400f2ad4fb1809ad44b2f2c9f2ee293d552b2dec2e4871abbd34e8192b,False,False,,,block_declaration,,,
7b,dev-esc50-0127,True,footsteps,declared_daa,90f2e075bfaf901c2dee5e4efb8051d2adafc09962ee456066a96e98f9a54583,False,False,,,block_declaration,,,
7b,dev-esc50-0128,True,rain,declared_daa,f9dfae017f4c6bcec6bdb4271ee79e32e8051eba471667b9d7bacc1e0a579e0a,False,False,,,block_declaration,,,
7b,dev-esc50-0129,True,footsteps,declared_daa,62a4c4cab7f70d189145afacee782d2547434e7cb4a3545cf00ecc0f8bd5afa6,False,False,,,block_declaration,,,
7b,dev-esc50-0130,True,door_wood_knock,declared_daa,6f06df8948f0d128617804a1727178de158a0a813606ca5f38c2c753b139d44a,False,False,,,block_declaration,,,
7b,dev-esc50-0131,True,fireworks,declared_daa,a2d11b8859a6a475ac4401edb49d80f3c6097dc957211f1c15a8179aef519599,False,True,A,D,,False,True,0.7404048163333302
7b,dev-esc50-0133,False,crying_baby,declared_daa,6ede00b55e5540af2b92ae6d98e36c1ad23a1f25af2b29b9677328b098c57c6c,False,False,,,block_declaration,,,
7b,dev-esc50-0134,True,airplane,declared_daa,4b6658a3ee0d717109ec83872dc5d7ac638cd9d90cc75032d3563165b32a7357,False,False,,,block_declaration,,,
7b,dev-esc50-0136,True,frog,declared_daa,e42d38380617f174766c7a688858ec22bb8768bdfe996e36e309c7053daa601d,False,False,,,block_declaration,,,
7b,dev-esc50-0137,True,pig,declared_daa,3c9d65fe65d47b669671098796466786fa42c308bdf06e1347023a925195f616,False,False,,,block_declaration,,,
7b,dev-esc50-0138,False,sheep,declared_daa,eae87f192959dc85e6181a4372b06d76693dfa51c6a80f971fdda315fd1df04a,False,False,,,block_declaration,,,
7b,dev-esc50-0139,True,cat,declared_daa,2497dd2032d4d0841ed4478b308687797dc2c6251630eaa02712dc660559792c,False,False,,,block_declaration,,,
7b,dev-esc50-0143,False,dog,declared_daa,c017e31042d38ff90e6b7e2ebfebbe81ce74e1d1c482762c07b44c62a0470e4b,False,False,,,block_declaration,,,
7b,dev-esc50-0144,True,train,declared_daa,1470dff153d11555f130257569e024fa0436b3bcb3c522c43059a928508f570a,False,False,,,block_declaration,,,
7b,dev-esc50-0145,True,dog,declared_daa,93e71f9679a4f6d4d29059b9876358eff8cb0307a07e4cd885d783edad523b47,False,False,,,block_declaration,,,
7b,dev-esc50-0146,True,cat,declared_daa,c38e308a611ffa4e33095b67b995b73c635e996a7890770a96f7a622f16ab2bb,False,False,,,block_declaration,,,
7b,dev-esc50-0147,True,dog,declared_daa,638eb2509169de36c0766b551781139a496e5a74bf56e541808380b857dd5a6a,False,False,,,block_declaration,,,
7b,dev-esc50-0149,True,sheep,declared_daa,e217b42e11bacfe0074dcff0ebda5ffcfa32f494d4ebb0d12659713abba757c0,False,False,D,B,,False,False,1.0
7b,dev-esc50-0150,False,footsteps,declared_daa,5baaf51a608eca06b7a5bfd88c6a163f762f5540bbd8a683cf6eb0eeef43467c,False,False,,,block_declaration,,,
7b,dev-esc50-0152,False,clock_alarm,declared_daa,8bd2819e91988085b18d1a74246f880297f2454c109839b8db8c6589896b53fd,False,False,,,block_declaration,,,
7b,dev-esc50-0153,False,footsteps,declared_daa,141936209d38bf11700fb64d4bd309fe99e0e72bdc49114da2a988705ef964f1,False,False,B,A,,False,False,0.4835178389712911
7b,dev-esc50-0154,True,cat,declared_daa,ed9ee0cafa5f0839a914fba3edf5b8b0aae37aa10b9b080bd269b3088091d738,False,False,,,block_declaration,,,
7b,dev-esc50-0156,True,dog,declared_daa,cdd921834eea6f9d8fcab695b125d3ce5d9b04a00b00ebb96263361987e8ab66,True,True,B,A,,True,False,0.9801098948219569
7b,dev-esc50-0157,True,siren,declared_daa,31bdead7bd55b06643714eb6c42d95b11c7c7bfb25c473a47df215456ad9f112,False,False,,,block_declaration,,,
7b,dev-esc50-0158,True,frog,declared_daa,c314a542ad07dbfba191837a87ef6d340402ffd3fb96a9ce1812b62ac5abccf8,False,True,B,B,,True,True,0.8344932140510278
7b,dev-esc50-0160,True,car_horn,declared_daa,e4ad3868549e9640b29a8ea01411b71b566f5f7546a0575a3bb1c8765f5a9a58,False,False,,,block_declaration,,,
7b,dev-esc50-0162,False,cat,declared_daa,744925590cd55d5d6d070d6fa9c9550c85e675f071298da134bf31387499d8ac,False,True,B,B,,False,True,0.354298288711586
7b,dev-esc50-0163,False,glass_breaking,declared_daa,f697ac090bc50d9949e67fa278c427bbcd8e133cb1bf2a10125514a51839c1c0,True,True,A,B,,False,True,0.34420445744772393
7b,dev-esc50-0164,True,siren,declared_daa,32cd7450628d21099f34ff4b5a5785ef1ebed2fc199ceab27378b938ff0f8f3c,False,True,B,B,,False,False,0.45227892041021694
7b,dev-esc50-0166,True,frog,declared_daa,1f4203186ad16e6668233f0472db43681728a64513921d7a9061e60066d417f6,False,False,,,block_declaration,,,
7b,dev-esc50-0167,False,crow,declared_daa,7808075d7715b6a022d6e2c8e947d0dca4c695c1e10ed73c44ca791899709098,False,True,B,C,,False,True,0.29644352949527925
7b,dev-esc50-0171,False,door_wood_knock,declared_daa,feb68aedb9511110f389829b10528f0818307463f91e42a059e06d21d2b60745,False,False,,,block_declaration,,,
7b,dev-esc50-0172,False,glass_breaking,declared_daa,650316b6735853fe6044fbdf239da62b927580fe430949eae0d74200a2d17c9e,False,False,,,block_declaration,,,
7b,dev-esc50-0173,True,siren,declared_daa,e151399d3d17bc96e144ac32fbea8a54d5d4d8f219d57bf2b8bde3933b54f1dc,False,False,,,block_declaration,,,
7b,dev-esc50-0174,True,train,declared_daa,aa60151700f9de57c85d67e10b0ee585fb5087f9c1e0d0672a511d0fae372fa5,False,False,,,block_declaration,,,
7b,dev-esc50-0175,True,pig,declared_daa,d9156672422b7be9099769774287369559c86bbda10a833b0d1eb8e4ae508181,False,True,A,B,,False,True,0.3678636605308158
7b,dev-esc50-0176,True,thunderstorm,declared_daa,1f25d7158a74edf7aac6e212e7169f6fc36ef1d5b9611fee51c7ea1349f503cd,False,False,,,block_declaration,,,
7b,dev-esc50-0177,True,thunderstorm,declared_daa,4aacb888b5adafc4730a30001bcb45275b0a63569f75e598015fb89f69e8c9fa,False,False,,,block_declaration,,,
7b,dev-esc50-0180,True,frog,declared_daa,7361d5500fc98de1d2bb9308da2504e4f33c87d37b77b6f381e1a98c6ce0e4a8,True,False,B,B,,False,False,0.5187802834347335
7b,dev-esc50-0183,True,footsteps,declared_daa,12b7dba9ced63956831d80920b305c39de172d92982fb29b1bf42e006241f2e1,False,False,,,block_declaration,,,
7b,dev-esc50-0186,True,car_horn,declared_daa,4260a0fe48940328190416d63b654f4e1c3a5ac8bd42a894e65b403270ab6302,False,False,,,block_declaration,,,
7b,dev-esc50-0188,True,clock_alarm,declared_daa,b517cc28f5690df343532acda0c87cfe568788305cb63472c0a35b22c82d3225,False,False,,,block_declaration,,,
7b,dev-esc50-0189,True,cow,declared_daa,57e666155ffc193e4087b7e08dcb61e5f2198e8d9b80393a8789a545b712acef,False,False,,,block_declaration,,,
7b,dev-esc50-0190,False,fireworks,declared_daa,91e95b644f60efb6a4aaa88d76c142ba825e9cb7ed15b884c2e0bf4059294a70,False,False,,,block_declaration,,,
7b,dev-esc50-0191,True,dog,declared_daa,21ca8b4a1e86a34b618e7cfe9a15a4475509a73452aea630171b5baadde9daf6,False,False,,,block_declaration,,,
7b,dev-esc50-0192,True,clock_alarm,declared_daa,59d2bb59f2e51aec66c7b378afa7d829665aa119c769180d05b477543f9b432b,False,False,,,block_declaration,,,
7b,dev-esc50-0193,False,rooster,declared_daa,d09fdf092a4182d067d004e49c8259153ba73c43684792feac2cf2d08dd42006,False,False,,,block_declaration,,,
7b,dev-esc50-0194,False,rain,declared_daa,4fd147218d145439fbf82948b82450868449867d6b24badef4f23d10b897b84a,False,False,,,block_declaration,,,
7b,dev-esc50-0200,True,thunderstorm,declared_daa,7043fe5f708a436e3566596d675a169e576fa0774c1a88c33e00f4cc18d5fdd1,False,False,,,block_declaration,,,
7b,dev-esc50-0203,False,footsteps,declared_daa,3821a0f76706b6ca2bc3243b07e9eea1c3a99c5cd3fc2a72c415f71109d00815,False,True,A,B,,False,True,0.24981419000208532
7b,dev-esc50-0207,True,thunderstorm,declared_daa,a4f1807e6cb82457569a7a99566ccf580111b2df8559a6f2d8cf027f517c147c,False,False,,,block_declaration,,,
7b,dev-esc50-0209,False,airplane,declared_daa,3da15efc6bb6be399eb58e5e1743e3eb527a20bcb5d1b70b737ffc0ba08873ad,True,False,B,B,,False,False,0.5140076874837356
7b,dev-esc50-0212,True,dog,declared_daa,be92ea8291bcae6d11eab75a75db8ee9ff6fbea9354b62760cfb9af1c962c292,True,False,D,B,,False,False,0.6081144333564247
7b,dev-esc50-0213,True,glass_breaking,declared_daa,1d160edf6bd29550dacb4d90b5d39dde687a8951a0de2924946ae6bb2ee44d17,False,False,,,block_declaration,,,
7b,dev-esc50-0216,False,car_horn,declared_daa,36e258600c5d9990bffb9267389a2806803a1be131cb008c30ea2ef5636b03fd,False,False,,,block_declaration,,,
7b,dev-esc50-0217,False,glass_breaking,declared_daa,b81ac389a4d0949512affceeaa25069ae672918dbcbb8fab4d02c9db7dfbb171,False,False,,,block_declaration,,,
7b,dev-esc50-0219,True,sheep,declared_daa,24f49bfccec6c22a8dcf76a29e4712beef9a3c9bca2d5c4dc1ff752b67a48ec6,False,True,B,C,,False,False,0.2059552144557245
7b,dev-esc50-0221,True,sheep,declared_daa,931e47058308c2710c69acbbb32a4d87d9581ec2c724acdbe3a6acbae7ae9cf4,False,False,,,block_declaration,,,
7b,dev-esc50-0222,True,airplane,declared_daa,097e10ce3bdd3b7d5c3fbcfde9668c9b2ad07aea1e29078cce82eb2d443d9dc6,False,False,,,block_declaration,,,
7b,dev-esc50-0224,False,car_horn,declared_daa,cc69a115cfb6477fd7676127f86a90f40daf454da33801814639c496c1857022,False,False,,,block_declaration,,,
7b,dev-esc50-0230,True,cat,declared_daa,7d8978baac9329ec065c638b00ab9bf97aef70e8dc75d23917a0e0de943c2c89,False,False,,,block_declaration,,,
7b,dev-esc50-0231,False,fireworks,declared_daa,cdc4e0d5ae3c8ff962742fc029152e8a2de06dae86a593f254fa2d4ea61ab15f,False,True,A,C,,False,True,0.3341920211654947
7b,dev-esc50-0233,True,door_wood_knock,declared_daa,e56d608b73ca66733e94def000204743b0545c2a15b9de4c4154a8b89ce44839,False,False,,,block_declaration,,,
7b,dev-esc50-0234,True,siren,declared_daa,732ba6d31f82cda56323f48504e7af1682b89c96c147f8761c067fa9c449f446,False,False,,,block_declaration,,,
7b,dev-esc50-0238,True,car_horn,declared_daa,08d962114059e0ddcbdf7e31e7382c663532c21dcf0394ba29ebcbdf7a0cab56,False,False,,,block_declaration,,,
7b,dev-esc50-0241,True,clock_alarm,declared_daa,5799ac9ab9e1967aecf0e17bd2de16bf116e37afadfb40a323a398d292f45bbd,False,True,B,A,,False,True,0.49955206118710466
7b,dev-esc50-0242,False,fireworks,declared_daa,d4dd282097a25307f76de7a5f7c00847b0401836bd7d1be0f1e1a06cb37dd101,False,False,,,block_declaration,,,
7b,dev-esc50-0243,True,crying_baby,declared_daa,26deef24311e8213bef31107697acaa9b4bba681f947dbc6a2723437b705aa94,False,False,,,block_declaration,,,
7b,dev-esc50-0247,False,car_horn,declared_daa,9714836f05ad6202a09e31efcb9ef133dc875ebffc49104e43cec2c3bfae920a,False,False,,,block_declaration,,,
7b,dev-esc50-0249,True,cow,declared_daa,363369a9b8f760bbbc84baf5fe44432cb898ad9d0096bfe171e3e3299c732ebb,False,False,,,block_declaration,,,
7b,dev-esc50-0251,False,door_wood_knock,declared_daa,b546847ec606b844227778e471da805a078a9fb370c6cda9162b1f41dfab873d,False,False,,,block_declaration,,,
7b,dev-esc50-0252,True,crow,declared_daa,931bd5661895929ba71ca491c06465eb60a6e55a3c7290689ed00764d3617834,False,False,,,block_declaration,,,
7b,dev-esc50-0253,False,rain,declared_daa,1f65b520ba2f068021a6fcde8c3ccc5d6b3a1b7e6a20495b2994462c61d467ea,False,False,,,block_declaration,,,
7b,dev-esc50-0254,True,clock_alarm,declared_daa,8cc54a093d209c1bb935ef80473c7c4c8e1e3c7dc8dd1c4eeb406620f8031bbe,True,False,A,B,,True,False,1.0
7b,dev-esc50-0255,True,footsteps,declared_daa,a85a2fa006c213ea8f481f8c2525cbb2f01d4126158ead6ce0e8564f570e0df7,False,False,,,block_declaration,,,
7b,dev-esc50-0257,False,rain,declared_daa,4ff6210f6f523455422d84d9922037feeb376b2a25b49ea3d4ca520c1af8825e,False,False,,,block_declaration,,,
7b,dev-esc50-0258,True,crying_baby,declared_daa,deef8ac5a222eae072836c522287f3b5e83cb0630c65626cff8f69deb60fe034,False,False,,,block_declaration,,,
7b,dev-esc50-0261,True,door_wood_knock,declared_daa,e97385031e64abef3fef4b624cc7722f9b271dcea6e513b72decb0b9fa8c881c,False,False,,,block_declaration,,,
7b,dev-esc50-0264,True,siren,declared_daa,f01a4b14f39c47575b9b41c41f0da9fc2bc12961a09bd79d60456283587745db,False,False,,,block_declaration,,,
7b,dev-esc50-0266,True,door_wood_knock,declared_daa,f8071619406948838777048e2e52d43e337a0c5fc4cafa51589edfbefd85fe58,False,False,,,block_declaration,,,
7b,dev-esc50-0269,True,cow,declared_daa,622e0db6d32afde0d899be500fc0f4c8518abe942bfadaf4bbfbd4b5803a6a47,False,False,,,block_declaration,,,
7b,dev-esc50-0270,True,footsteps,declared_daa,33d999107d7cbdc27f99f3a3ce8231a39daebe414c2fe16e93a1d987a340f3d3,False,False,,,block_declaration,,,
7b,dev-esc50-0273,False,train,declared_daa,94f7d0e45f7267ddab3efdfb2aed2142c7e42a6c1cf61de1595181a1cc2e9df0,False,False,,,block_declaration,,,
7b,dev-esc50-0274,False,rooster,declared_daa,190f50148a21465672a3371688c65369f15213c14ef28d9e0d00e18e58ca05d4,False,False,,,block_declaration,,,
7b,dev-esc50-0275,True,cat,declared_daa,39d2f894b55d8b5d8aef7dbdd6c8f05af73dbae82f93d9a05f206a41fd28de40,False,False,,,block_declaration,,,
7b,dev-esc50-0276,True,door_wood_knock,declared_daa,1b38046a525a8bb284d1035a705766ae3114794365fa8dc338e75d1fd33b3466,False,False,,,block_declaration,,,
7b,dev-esc50-0280,True,airplane,declared_daa,64fef354784950ea7952757224bb3d276989ffa7c962d88cf4d03b1a62bf48a8,True,True,A,A,,False,True,0.507823154553795
7b,dev-esc50-0281,True,train,declared_daa,398538eecc9fb12725e2de8fb7ce6258b3da1a3a4347a5e5d57e7ce3d8f6104b,False,False,,,block_declaration,,,
7b,dev-esc50-0282,True,crow,declared_daa,603ddf0ed9cd14143e1cb23aa41516387040daf29622f19969c9717fdc28f076,False,False,,,block_declaration,,,
7b,dev-esc50-0284,True,cat,declared_daa,85ec8aa5c0bb599c05b9678a43559baf1673de6795a052040232b8faa725eff6,False,False,,,block_declaration,,,
7b,dev-esc50-0287,True,cat,declared_daa,467baaadb314ae01779355f8fd47d7d46f8097f04430afdd4282dc857d84178d,False,False,,,block_declaration,,,
7b,dev-esc50-0292,False,cow,declared_daa,977d074dc7ce4dea0ed02686340d8a32d9a8c0468135efb89e7089440caf75f0,False,False,,,block_declaration,,,
7b,dev-esc50-0295,False,frog,declared_daa,f4d8715e6aa2a14dbfdc6425d6b08a8f638accf945476675a73ea571ac030f4b,False,True,A,B,,False,True,0.2913269538125392
7b,dev-esc50-0297,True,rain,declared_daa,e29023abb7798f0e0a9c86b37de39ca0383039873e736da4e9d733b83da1efea,False,False,,,block_declaration,,,
7b,dev-esc50-0299,False,crow,declared_daa,edaf80d895e97c4c9e584e63497a908ad4e0cfb8f4c90a56f7867f8edc0d04a8,True,False,C,B,,False,False,0.614812366950761
7b,dev-esc50-0300,True,airplane,declared_daa,fb0232a485f1d7fdd830a954848618080907e8d869df195173452511d3991aef,False,False,,,block_declaration,,,
7b,dev-esc50-0303,True,cow,declared_daa,a57a8a62860a08ab82823228ca624a01b7873a38fcb6a8d3de68f87f4c26d70c,False,False,,,block_declaration,,,
7b,dev-esc50-0304,True,crow,declared_daa,62a64e3b5ca9417dd915a72219e2f159d1d12246f2d00b8b3a504a9660706b11,False,False,,,block_declaration,,,
7b,dev-esc50-0305,False,car_horn,declared_daa,1de612b2fda10e564ab63dbf3aa620a078aaf921a92a609fc6992f4d5f20665d,False,False,,,block_declaration,,,
7b,dev-esc50-0306,True,glass_breaking,declared_daa,bdaf8b574abaff3ee30f244b6d17db0a02fd7b6ae2535f1e969bd4a32e3d62ab,False,False,,,block_declaration,,,
7b,dev-esc50-0309,False,cow,declared_daa,4ea81bdf8ffc6e135473b6dec4dea05186c4e4dd4fe223084219ed6a9fcb5b9f,False,True,B,B,,False,True,0.3844847851639023
7b,dev-esc50-0314,False,clock_alarm,declared_daa,220f0c054dba33821e13c6113e2f01829d7e41d78a78c464e30944078dcde42b,False,False,,,block_declaration,,,
7b,dev-esc50-0315,True,sheep,declared_daa,f691e810e549504a7113ceb5376eed932cb2fb2dc4f025742023cc4f1e2cc3a4,False,False,,,block_declaration,,,
7b,dev-esc50-0316,True,crow,declared_daa,b4c71324835f196ca78a65ef4b7986b68f8a209ab4fba6f3792ba01413f6500f,False,False,,,block_declaration,,,
7b,dev-esc50-0320,False,siren,declared_daa,285a3acf671b0f5812fe5b0f8d092585cf61c49f86900f1ad1933e04b6bc3438,False,False,,,block_declaration,,,
7b,dev-esc50-0322,False,cat,declared_daa,f582e53378758d5eb7e466fd1c309ec8b6301ac103e25790f570d4672cf74756,False,False,,,block_declaration,,,
7b,dev-esc50-0325,True,pig,declared_daa,bcc45b97a77d93805c5825569ca6e17f02b084f6146d0b1251e4e43b4670b8c7,False,False,,,block_declaration,,,
7b,dev-esc50-0326,False,crying_baby,declared_daa,fc49c16f0900b8447288daca654b9df38cf2474388e0155bd95ed917947d0dce,False,False,,,block_declaration,,,
7b,dev-esc50-0327,True,crow,declared_daa,f879b875448f290fe2954d5fd087c7b80666e53f60d525156889b12af88274f5,False,False,,,block_declaration,,,
7b,dev-esc50-0328,False,pig,declared_daa,b3e833a04d244931c79ed7095901fdefd02b211e381b1b336dd4a05131f5090c,False,True,B,D,,True,True,0.8459067694894336
7b,dev-esc50-0330,True,clock_alarm,declared_daa,91cf8eb3e99f7aebeb9c073417e880a37fe74ad687db5f6a53181dbf1d8fc5a3,False,False,,,block_declaration,,,
7b,dev-esc50-0332,True,crying_baby,declared_daa,ddec0eb42a18930e8b195f172effb2250cda48c552992ba34018913e98a9466e,False,False,,,block_declaration,,,
7b,dev-esc50-0334,True,cat,declared_daa,052c9b74aba3e49e10603b0649372955c7035cce7727b825c196bc8a555d15a7,False,False,,,block_declaration,,,
7b,dev-esc50-0335,False,fireworks,declared_daa,3d3c4bc308463661f8206f64163c6a258e49624b0a0902af1fe788cf3392f1d1,False,False,,,block_declaration,,,
7b,dev-esc50-0336,True,dog,declared_daa,83c00ecaf2ca38838549ae96f04b40d5da0a13f9e3fffcb2bab3bd41eb5611de,False,False,,,block_declaration,,,
7b,dev-esc50-0337,True,rooster,declared_daa,071a5f3a1268372dfba290b2ac2d1552e8bb604652c251dffd0a80a9c650407d,True,False,B,B,,False,False,0.6161192190688898
7b,dev-esc50-0339,False,car_horn,declared_daa,648b2869a3a1a2011081866ea39604d244790d246581dd1bf72510e9e55b62b0,False,False,,,block_declaration,,,
7b,dev-esc50-0341,True,train,declared_daa,78d4c1f25068f3e1bb067dd3c64253057fb97834909fbcf80bda450ac6ed777e,True,True,B,A,,False,False,0.2879172915934186
7b,dev-esc50-0343,True,sheep,declared_daa,82ee656716f49c3b88c5622545cb5397f8c5c415809698d787991e3806ceecd4,False,False,,,block_declaration,,,
7b,dev-esc50-0344,True,cat,declared_daa,84c7337eefd1c9cab84b43211a370e380ba4706472d3a3935b779b948f22155b,True,True,D,C,,False,True,0.8360210507976038
7b,dev-esc50-0345,True,glass_breaking,declared_daa,c90d8bfaeb2f4ae0d11266657e3530c296cdee33d6b10417d24fc2dfaef6a42b,False,False,,,block_declaration,,,
7b,dev-esc50-0346,True,airplane,declared_daa,76c0196cfdbb1ab337507e7a3e2e8c78c6014b6c4aac4dad7128983dafcb5a71,True,True,A,A,,False,True,1.0
7b,dev-esc50-0348,False,airplane,declared_daa,f775b5f2895466916dfd8b99dfc3ad3c979c70aa0564697bd4a6e5a7b9a35716,False,False,,,block_declaration,,,
7b,dev-esc50-0353,True,thunderstorm,declared_daa,b6d3d9b922a7249f9e971b571eaa34b3b594d4823cd79c923f7059f9c7436fab,False,False,,,block_declaration,,,
7b,dev-esc50-0354,True,siren,declared_daa,63435c2b26a1f97813414a9784362f6d21c2e702cd69a7b5fae9ff1a25523c5f,False,False,,,block_declaration,,,
7b,dev-esc50-0355,True,rooster,declared_daa,c7361f264ba693f5a8fa80ba7bedacb9ed7b3277efdffd59ec46688b1cca15c5,False,False,,,block_declaration,,,
7b,dev-esc50-0358,False,sheep,declared_daa,9e7dcef56881f3010884332f7875e4a7a615bc7e983e9bdaec4d74552dceb167,False,False,,,block_declaration,,,
7b,dev-esc50-0360,False,dog,declared_daa,9ef4b655decb1aee06a3842f2b71784a24f65c2f91712f80505e8a50bc1fed26,False,False,,,block_declaration,,,
7b,dev-esc50-0363,False,thunderstorm,declared_daa,8a3e6efda4536ea0ccfe9197f662f5f763d3145936cad379c73824b25663c04e,True,True,A,A,,False,False,0.6401606425702812
7b,dev-esc50-0367,True,rooster,declared_daa,05859cd01984026513c4675da5045935f7006e1cf11348dfaa6447f3a3cc8598,False,False,,,block_declaration,,,
7b,dev-esc50-0368,True,airplane,declared_daa,ed58630afbe17a477a1265e88db56a716c783377e735a44be66f4feec5beddec,False,False,B,B,,False,False,0.6592670804254332
7b,dev-esc50-0369,True,rooster,declared_daa,39730431f05af8f90b95c03a3cefec329e18ca3861709c8186e21a84c40e80ae,True,True,A,C,,False,True,0.6366311601110788
7b,dev-esc50-0371,True,clock_alarm,declared_daa,755a085a8e91db3c8fae239c1ba18552f80c970e5a50f70ddd15bfce97dbfdb2,False,False,,,block_declaration,,,
7b,dev-esc50-0375,True,crying_baby,declared_daa,bb6bf8d64c6a61550996039eca4c1c2e4b00548043bcea9a75f96a4d7d24b5fc,True,True,A,D,,False,True,0.31936552715272326
7b,dev-esc50-0378,True,clock_alarm,declared_daa,a18d09cb007c0851a65060e3a125f6afb9a81ff6eb35773ba03c0da30c6ba841,False,False,,,block_declaration,,,
7b,dev-esc50-0379,True,crying_baby,declared_daa,d769b28a080fc55dc16df08b45f87b86cd545c45c0390de57d649e4b27b01e76,False,False,,,block_declaration,,,
7b,dev-esc50-0380,False,crow,declared_daa,7c99d54c7245b28689bda0b7e1ffb80d99a0b157750b2bedcd3f66c6c3fae71a,True,True,B,A,,False,True,0.7161660498127058
7b,dev-esc50-0381,True,clock_alarm,declared_daa,3dff1d5a5566eec5681a6dba73bb6879a2b9cac9f910ad419a2086191ba9123c,False,False,,,block_declaration,,,
7b,dev-esc50-0383,True,pig,declared_daa,b4d6001194c50f46806835759f467e4f6e0195163a27fe1fc2c6090f43c47ee6,False,False,,,block_declaration,,,
7b,dev-esc50-0385,False,siren,declared_daa,f0728e15077ecc186fd2b797b563176cb7ccf332e3d917f63f0ad5f56f9ebe8c,False,False,,,block_declaration,,,
7b,dev-esc50-0386,True,crying_baby,declared_daa,05115891331a2d2eb1d4b07fd3355d83d7117318aab1371622510b22784db5f3,False,False,,,block_declaration,,,
7b,dev-esc50-0387,True,cat,declared_daa,8f368808943352cdbb5eafd9b8a21ba4dee832742699aae043c5ab185522383f,False,False,,,block_declaration,,,
7b,dev-esc50-0388,False,siren,declared_daa,75bb34d64e6d52b22df5d3d8fa7d8317934af7c2fd56692b8208b78310239b53,False,False,,,block_declaration,,,
7b,dev-esc50-0390,True,door_wood_knock,declared_daa,e63d29dfe7310818203c0a3311cd9084685aed08998b25f2ded25e2baf22495d,False,False,,,block_declaration,,,
7b,dev-esc50-0391,True,crying_baby,declared_daa,2723129a0ef3facec4edab0f57c0c69f8850fd1bac9a12a05efc9f4ef5e11607,False,True,A,D,,True,True,0.8704640661552691
7b,dev-esc50-0392,True,siren,declared_daa,17a9b4aeb83ede02e3494b14ea97fc1665e4bee5de87b597a1679e07c49ae51d,True,True,A,A,,False,True,0.2175483322710856
7b,dev-esc50-0393,True,car_horn,declared_daa,5c004d3ca6c1acf9c08f7d38ca5b6632078af1789e735005d3a56abee6fd7749,False,False,,,block_declaration,,,
7b,dev-esc50-0397,False,siren,declared_daa,742a9631186173fe1a21f0342ad151bad58596eb994f0a91388c890c2ffea7c9,False,False,,,block_declaration,,,
7b,dev-esc50-0398,False,crying_baby,declared_daa,b87bb1261d373e38d9b3af2e991ee56d5759b5541e9677cfa9191c786258e48f,False,True,B,D,,False,True,0.4964285529294154
7b,dev-esc50-0400,True,rain,declared_daa,645562bf158991962ff480827e5dee2d5576f9c0fd823d001825902c625e566f,False,False,,,block_declaration,,,
7b,dev-esc50-0402,True,thunderstorm,declared_daa,57f3ec266ccb3e3aef4963221d0aa3e738970881284fcbdb76997b0492cda116,False,False,,,block_declaration,,,
7b,dev-esc50-0403,True,door_wood_knock,declared_daa,893d4a9c2b387cf5401110e6373156ccdb0bc6b120333067a23ec1db81ef57d1,False,False,,,block_declaration,,,
7b,dev-esc50-0404,False,rain,declared_daa,8f64116107a8f52e9ae5bbae5356e009365a3d6c9230a4fb977b6b53506b1079,True,True,D,B,,False,True,0.5597347766116102
7b,dev-esc50-0405,False,glass_breaking,declared_daa,a67dd68b43886cae33e731115bb4d20741a03aa12be99b1036ba95967cf86e71,True,True,B,C,,False,True,0.2970227670753065
7b,dev-esc50-0408,False,crow,declared_daa,1a35d0f7ecf33211fc13aecba0754403de2b39544dd6ab4ba4bebe37fb6ab677,False,False,,,block_declaration,,,
7b,dev-esc50-0409,True,airplane,declared_daa,0462efe7b309b7ab6dee26b2b141e623f7eeb2e622dcb40c582a3f4f3b6e079d,False,False,,,block_declaration,,,
7b,dev-esc50-0411,True,fireworks,declared_daa,ef4c8d1ebb458151ec2b1a93cf1711f93e8e3a1e521de8a4a336ffbec01e05bc,False,True,A,B,,False,True,0.342419759017727
7b,dev-esc50-0414,True,train,declared_daa,6fa070d6a7fd01a0e37c2d98facd58704b6a62396b3ef454c49f2dc8055bd7b7,False,False,,,block_declaration,,,
7b,dev-esc50-0417,False,fireworks,declared_daa,eb00f4b69fc8566d75fcb7447377896b1deeb598045c1554b6f937bf7355e807,False,False,,,block_declaration,,,
7b,dev-esc50-0418,True,glass_breaking,declared_daa,52528f041fe4e6734f31d8b0598090cec0f98f1c8f760b24fbc929d6ee63591b,False,False,,,block_declaration,,,
7b,dev-esc50-0423,True,cat,declared_daa,3c7760b71b5d8695dfb380bb28ede932c1a301326478405f49efcb24888858f2,False,False,,,block_declaration,,,
7b,dev-esc50-0424,False,door_wood_knock,declared_daa,4ff3abd6791fab77a76a58e843437b313111656751179a8fc72c9a9cf04043e0,False,False,,,block_declaration,,,
7b,dev-esc50-0425,True,fireworks,declared_daa,b851fe0e3bb0f5f201d6adde1e5aba4b864222f197f518c5d686a0b5397cb9b5,False,False,,,block_declaration,,,
7b,dev-esc50-0426,True,footsteps,declared_daa,b6f4da0d362a7192c2d6af7516069a883715b6eacf7b4b3e624c3cdbae7890de,True,False,D,B,,True,False,1.0
7b,dev-esc50-0430,False,frog,declared_daa,cce0bdff99d25abca7f03a0562aa8e7305c126658f53e8e388a9b8d1da026564,False,False,,,block_declaration,,,
7b,dev-esc50-0431,True,pig,declared_daa,b201fa5ad4e05bce1e5c88c66f4bd3040786e56688f404b1c65bd9c60720efe4,False,False,,,block_declaration,,,
7b,dev-esc50-0433,True,fireworks,declared_daa,7cf91d5bb417ada604d50d11949d99c1ce1bd0d4a914e42669fa3eb0ff4e74a7,False,False,,,block_declaration,,,
7b,dev-esc50-0435,True,thunderstorm,declared_daa,1a1b698be1e598f8dc46a73ac264b25778b67fca6209e30c78f211aaf41f1e41,False,False,,,block_declaration,,,
7b,dev-esc50-0436,False,train,declared_daa,9d02501f2a1fef8fde3945d1b307aa9a6fa9d1885e1ea70aebf953be548b8c9d,False,False,,,block_declaration,,,
7b,dev-esc50-0438,True,pig,declared_daa,c07771910493ed23a1768c5ff312ca7fb1b9d9f9154da31849545aa936da618c,False,False,,,block_declaration,,,
7b,dev-esc50-0439,False,cat,declared_daa,8096d78f795bd8b188e75d1a6de2000bd863792df32118ec9173a01fe97d3478,False,False,,,block_declaration,,,
7b,dev-esc50-0440,True,thunderstorm,declared_daa,b5001798deb3a305341ef5441f38d905f1929263b838080d81f1f110d70a9ad3,False,False,,,block_declaration,,,
7b,dev-esc50-0443,True,cat,declared_daa,28714cf43211e0d615d4d928d9377f5f9e34d2b35c5a471af681290e99a7c17f,False,False,,,block_declaration,,,
7b,dev-esc50-0445,True,train,declared_daa,80a1783eb3767675a0e3d8df97a64c203bee5a43d56f450e2666a965e103b21e,False,False,,,block_declaration,,,
7b,dev-esc50-0446,True,rooster,declared_daa,ef210d7071373b7c80039fc643a1325629ce71476c2b2076a935e541a32d8cb4,False,False,,,block_declaration,,,
7b,dev-esc50-0448,False,car_horn,declared_daa,2094538710d534e74758b411e97bbc4295daeb0a5e2a14dba8f5ed2bbc938c6d,False,False,,,block_declaration,,,
7b,dev-esc50-0449,True,rain,declared_daa,66b4bfd77adc082a6ed7104f09b250254d2174d6a6fe9cad24591c6c41fe6f0e,False,False,,,block_declaration,,,
7b,dev-esc50-0450,True,fireworks,declared_daa,36361f06f6390390ed21cdccdd2a0b3abafb85fc737a14b1b02799a9f983d437,False,False,,,block_declaration,,,
7b,dev-esc50-0453,True,airplane,declared_daa,55641fcbec7eeaa6e3a699e81e37d6af47223a80a5ddc9de79b67fe809b7d8d1,False,False,,,block_declaration,,,
7b,dev-esc50-0454,False,footsteps,declared_daa,7b0cacbdecb4710166d535e5314b15acc033e0fe5b9763d591028c294156c69b,False,False,,,block_declaration,,,
7b,dev-esc50-0456,False,dog,declared_daa,5acec6c2f1bcdcd21e2d017a911f54f9177844cb7751e6229974dbe5bc242e41,False,False,,,block_declaration,,,
7b,dev-esc50-0459,True,clock_alarm,declared_daa,c09d06a669e2daefe3da586aeeded896ec004f7c1392aef9d8aca61a4de92583,False,False,,,block_declaration,,,
7b,dev-esc50-0460,False,sheep,declared_daa,f63059d65a9f1df55e612871495488f557edf5ac6a61abf65a81c2f58bd06f2b,False,False,,,block_declaration,,,
7b,dev-esc50-0462,True,train,declared_daa,9756f2e5b8e02de0bda5fe1e0f89687b888a54156a646f96e3e1a6d9407e4aa3,False,False,,,block_declaration,,,
7b,dev-esc50-0464,True,train,declared_daa,79b6fd1f08395baf7448cb590fb217165a6634a7596197fe4968462d6f7ab95f,False,False,,,block_declaration,,,
7b,dev-esc50-0465,False,airplane,declared_daa,bea7d2830ffba872ff44953f9b926d5ef612ab127c609cb2712658623bf4ad29,False,False,,,block_declaration,,,
7b,dev-esc50-0466,True,car_horn,declared_daa,1b005b9660b47e32a73d4ad477fcdd82f68414be3245abff2a80a61a1a755538,False,False,,,block_declaration,,,
7b,dev-esc50-0467,True,door_wood_knock,declared_daa,af46ae539eaea8bd8e540710a96b1e61a0df8c62e9313a7c5dbef33745b9ca1f,True,False,D,B,,False,False,1.0
7b,dev-esc50-0468,True,fireworks,declared_daa,e75bbdc8e05ba691543cb2e49429e2c2a92adb7e4948ef61073f6fdaf3d70a9e,False,False,,,block_declaration,,,
7b,dev-esc50-0469,True,siren,declared_daa,8caa801f3cff17634b7b5c4507db69306b9f4d50a5fa41329b4395f9724b6281,False,True,A,D,,False,True,0.47692779015177234
7b,dev-esc50-0470,True,clock_alarm,declared_daa,c6eb81150c2f726d96d4f6b272e0e4fd399c20f16e4cb317bd54b2ea711d06c5,False,False,,,block_declaration,,,
7b,dev-esc50-0471,True,rain,declared_daa,7fc63ca490c2566c8e6625e63839474ce231704fde2a70c7693ab4bdd669e130,False,False,,,block_declaration,,,
7b,dev-esc50-0472,False,rooster,declared_daa,a60389c470889adfbac6e7d5314f2ddd47894bbcdc796a297553ed59e132fcd1,False,False,,,block_declaration,,,
7b,dev-esc50-0473,True,crow,declared_daa,81e3238c978d75e1d8390e6885f2040550ab7ceac3c319fb810889ce2949f079,False,False,,,block_declaration,,,
7b,dev-esc50-0476,True,clock_alarm,declared_daa,c8f29ea35c771ef7d47a2da8d20510b2a676fa1d38510c076ba9839914c05162,False,False,,,block_declaration,,,
7b,dev-esc50-0477,True,train,declared_daa,e5d622d7faaef358a218e0b6fa68cd5508334c1dbf8757204d729fe672a40d77,False,True,A,D,,False,True,0.3266538713056053
7b,dev-esc50-0478,True,dog,declared_daa,9a24fd315142f9e0959dee7bebd34860e117babf4db06d8d58c826afe20c267b,False,False,,,block_declaration,,,
